0,0,0,0,5.8256917,5.8795557,0
1,0,1,0,5.7554655,6.0164,0
2,0,2,0,5.8732243,6.058359,0
3,0,3,0,6.165381,6.094679,0
4,0,4,0,6.3216,6.195326,0
5,0,5,0,6.273202,6.2582498,0
6,0,6,0,6.0527864,6.295729,0
7,0,7,0,5.5708117,6.5078654,0
8,0,8,0,5.0311913,6.809029,0
9,0,9,0,4.665073,6.9637747,0
10,0,10,0,4.331615,7.068441,0
11,0,11,0,4.0118546,7.2874274,0
12,0,12,0,3.7661593,7.6006026,0
13,0,13,0,3.5594907,7.940502,0
14,0,14,0,3.3874688,8.37132,0
15,0,15,0,3.2146685,8.744342,0
16,0,16,0,3.0148213,8.928082,0
17,0,17,0,2.7396245,9.059451,0
18,0,18,0,2.5126517,9.142159,0
19,0,19,0,2.290173,9.120976,0
20,0,20,0,1.9393759,9.0214405,0
21,0,21,0,1.5823363,8.918724,0
22,0,22,0,1.2766082,8.968031,0
23,0,23,0,1.0088838,8.985584,0
24,0,24,0,0.72005,8.821104,0
25,0,25,0,0.5087944,8.634661,0
26,0,26,0,0.30017096,8.487088,0
27,0,27,0,-0.21154894,7.6752586,0
28,0,28,0,-0.8302806,5.999025,0
29,0,29,0,-1.356677,4.6812596,0
30,0,30,0,-1.2503829,3.058527,0
31,0,31,0,0.05011269,2.5226722,0
32,0,32,0,1.0555742,2.4316106,0
33,0,33,0,1.6250757,1.7413763,0
34,0,34,0,2.8930507,2.3193955,0
35,0,35,0,3.9243336,4.026447,0
36,0,36,0,5.2694597,6.5968623,0
37,0,37,0,6.81733,8.601835,0
38,0,38,0,7.692675,9.709687,0
39,0,39,0,8.012684,10.047551,0
40,0,40,0,7.258433,9.266052,0
41,0,41,0,5.571541,7.1746025,0
42,0,42,0,4.263765,4.947567,0
43,0,43,0,5.777731,6.0182385,0
44,0,44,0,7.766213,7.778487,0
45,0,45,0,8.7418785,8.180359,0
46,0,46,0,9.7602,8.969591,0
47,0,47,0,9.661634,9.072014,0
48,0,48,0,9.076905,8.364578,0
49,0,49,0,8.69249,7.361817,0
50,0,50,0,8.426308,6.9188385,0
51,0,51,0,7.8864474,6.5210752,0
52,1,0,0,5.4303293,5.823286,0
53,1,1,0,5.2934074,5.9008446,0
54,1,2,0,5.342207,5.968273,0
55,1,3,0,5.593042,6.094754,0
56,1,4,0,5.789472,6.22149,0
57,1,5,0,5.815277,6.2590976,0
58,1,6,0,5.74888,6.200185,0
59,1,7,0,5.561962,6.2862988,0
60,1,8,0,5.216013,6.5578012,0
61,1,9,0,4.8911166,6.814206,0
62,1,10,0,4.6324687,7.0543594,0
63,1,11,0,4.38922,7.3110094,0
64,1,12,0,4.1509805,7.595269,0
65,1,13,0,3.9641874,7.927335,0
66,1,14,0,3.716922,8.300443,0
67,1,15,0,3.287598,8.609101,0
68,1,16,0,2.896583,8.821591,0
69,1,17,0,2.537264,8.977223,0
70,1,18,0,2.1556695,8.981031,0
71,1,19,0,1.918938,8.798686,0
72,1,20,0,1.7668898,8.566343,0
73,1,21,0,1.5243636,8.398504,0
74,1,22,0,1.12583,8.493723,0
75,1,23,0,0.7200312,8.501718,0
76,1,24,0,0.34707925,8.188098,0
77,1,25,0,0.010387347,7.977485,0
78,1,26,0,-0.3919572,7.8106103,0
79,1,27,0,-0.9772506,6.8296227,0
80,1,28,0,-0.88015634,5.2122116,0
81,1,29,0,0.07745511,4.2152004,0
82,1,30,0,1.5761256,3.536542,0
83,1,31,0,1.8944057,4.360365,0
84,1,32,0,0.62082905,5.325139,0
85,1,33,0,0.28070888,5.819112,0
86,1,34,0,1.0845972,6.3586087,0
87,1,35,0,1.6198138,5.5226865,0
88,1,36,0,2.3409545,5.4977155,0
89,1,37,0,3.441349,5.9790173,0
90,1,38,0,4.914639,6.963023,0
91,1,39,0,6.7206783,8.612862,0
92,1,40,0,6.4569817,7.963799,0
93,1,41,0,4.5066624,5.606915,0
94,1,42,0,4.2173653,5.0236707,0
95,1,43,0,6.915062,6.8361206,0
96,1,44,0,9.190678,8.63646,0
97,1,45,0,9.595582,8.994199,0
98,1,46,0,9.916361,8.839395,0
99,1,47,0,9.983395,9.098115,0
100,1,48,0,9.618597,9.064624,0
101,1,49,0,9.095093,8.076698,0
102,1,50,0,8.757693,7.035358,0
103,1,51,0,8.462831,6.4076943,0
104,2,0,0,5.2302265,5.592641,0
105,2,1,0,4.9299154,5.7402997,0
106,2,2,0,4.877574,5.8885756,0
107,2,3,0,5.0866117,6.072388,0
108,2,4,0,5.3111873,6.2197866,0
109,2,5,0,5.3617196,6.1961856,0
110,2,6,0,5.3453956,6.119543,0
111,2,7,0,5.388861,6.1760454,0
112,2,8,0,5.309679,6.3244987,0
113,2,9,0,5.0897803,6.5190315,0
114,2,10,0,4.8257623,6.7550507,0
115,2,11,0,4.558152,7.034352,0
116,2,12,0,4.3611217,7.4382553,0
117,2,13,0,4.18283,7.82901,0
118,2,14,0,3.7221622,8.077058,0
119,2,15,0,2.9618142,8.356719,0
120,2,16,0,2.3070338,8.698895,0
121,2,17,0,1.9104657,8.907623,0
122,2,18,0,1.62307,8.84781,0
123,2,19,0,1.4431552,8.5869465,0
124,2,20,0,1.3475947,8.261459,0
125,2,21,0,1.194178,8.015191,0
126,2,22,0,0.88574207,8.004397,0
127,2,23,0,0.43275148,7.9143176,0
128,2,24,0,0.0016079077,7.6176076,0
129,2,25,0,-0.34429988,7.3549867,0
130,2,26,0,-0.692087,7.0587792,0
131,2,27,0,-0.900652,6.26917,0
132,2,28,0,-0.37100685,5.419731,0
133,2,29,0,1.090529,5.601156,0
134,2,30,0,2.839492,6.8644834,0
135,2,31,0,2.633509,8.550772,0
136,2,32,0,0.6828865,8.675729,0
137,2,33,0,-0.30123463,9.175356,0
138,2,34,0,0.2573726,11.000734,0
139,2,35,0,1.0332224,9.946981,0
140,2,36,0,1.417648,6.7613115,0
141,2,37,0,2.1984015,4.9476476,0
142,2,38,0,3.831257,5.7426343,0
143,2,39,0,5.245778,6.561346,0
144,2,40,0,5.705268,5.42675,0
145,2,41,0,4.5843368,4.1626534,0
146,2,42,0,3.9984307,4.399571,0
147,2,43,0,6.9098363,6.12578,0
148,2,44,0,8.098328,6.944932,0
149,2,45,0,8.825397,7.5330124,0
150,2,46,0,10.919868,8.580666,0
151,2,47,0,10.951658,8.806936,0
152,2,48,0,10.368079,9.049395,0
153,2,49,0,9.854749,8.970645,0
154,2,50,0,9.224902,8.056489,0
155,2,51,0,8.665757,6.7652135,0
156,3,0,0,5.2507696,5.2358513,0
157,3,1,0,4.9101024,5.472901,0
158,3,2,0,4.743144,5.774615,0
159,3,3,0,4.7930465,5.9620304,0
160,3,4,0,4.935884,6.0311847,0
161,3,5,0,5.0106816,5.9426126,0
162,3,6,0,5.0355935,5.944684,0
163,3,7,0,5.0715375,6.009971,0
164,3,8,0,5.0285087,6.0303774,0
165,3,9,0,4.9005303,6.147005,0
166,3,10,0,4.7796893,6.3673015,0
167,3,11,0,4.6773586,6.7939253,0
168,3,12,0,4.5056868,7.330282,0
169,3,13,0,4.0904784,7.63071,0
170,3,14,0,3.3013797,7.7325397,0
171,3,15,0,2.4141674,7.939402,0
172,3,16,0,1.7792729,8.349156,0
173,3,17,0,1.3463676,8.634604,0
174,3,18,0,0.9345896,8.526705,0
175,3,19,0,0.63107765,8.129884,0
176,3,20,0,0.6312008,7.754749,0
177,3,21,0,0.7584928,7.5999875,0
178,3,22,0,0.6715771,7.5358763,0
179,3,23,0,0.31371567,7.355249,0
180,3,24,0,-0.070683055,7.09929,0
181,3,25,0,-0.3570036,6.850896,0
182,3,26,0,-0.52497077,6.7070594,0
183,3,27,0,-0.43160027,6.313139,0
184,3,28,0,0.042097714,6.2707534,0
185,3,29,0,1.0993165,7.3362093,0
186,3,30,0,1.9387456,7.949727,0
187,3,31,0,1.7579836,7.6200294,0
188,3,32,0,1.0010237,6.2403283,0
189,3,33,0,0.23501715,5.8992243,0
190,3,34,0,0.70790094,7.1632123,0
191,3,35,0,2.288073,7.6105857,0
192,3,36,0,3.2667382,6.5018215,0
193,3,37,0,3.6221669,5.783071,0
194,3,38,0,4.0917673,5.9823985,0
195,3,39,0,4.8666615,5.755329,0
196,3,40,0,6.754312,5.5948954,0
197,3,41,0,7.179486,5.659137,0
198,3,42,0,6.569787,5.786419,0
199,3,43,0,8.923192,6.5295544,0
200,3,44,0,8.038897,5.5147586,0
201,3,45,0,7.921484,4.8894897,0
202,3,46,0,11.925687,7.1629357,0
203,3,47,0,12.742264,8.227352,0
204,3,48,0,11.766255,8.372789,0
205,3,49,0,11.070189,8.643615,0
206,3,50,0,10.424399,8.550003,0
207,3,51,0,9.438073,7.693816,0
208,4,0,0,5.102126,4.928802,0
209,4,1,0,4.869867,5.1748834,0
210,4,2,0,4.66454,5.4949765,0
211,4,3,0,4.5654144,5.6557865,0
212,4,4,0,4.5815315,5.64478,0
213,4,5,0,4.71001,5.6021166,0
214,4,6,0,4.865473,5.7054915,0
215,4,7,0,4.927064,5.732827,0
216,4,8,0,4.894722,5.711448,0
217,4,9,0,4.843269,5.9332466,0
218,4,10,0,4.7545056,6.244686,0
219,4,11,0,4.600825,6.734648,0
220,4,12,0,4.260165,7.17144,0
221,4,13,0,3.6586378,7.288727,0
222,4,14,0,3.0062509,7.389717,0
223,4,15,0,2.4497979,7.5421114,0
224,4,16,0,1.9370462,7.7989326,0
225,4,17,0,1.3457425,8.060432,0
226,4,18,0,0.6597449,7.9826355,0
227,4,19,0,0.23311569,7.538361,0
228,4,20,0,0.2969116,7.193899,0
229,4,21,0,0.50725114,7.069453,0
230,4,22,0,0.50061494,6.961513,0
231,4,23,0,0.28597692,6.7903757,0
232,4,24,0,0.06949409,6.6041317,0
233,4,25,0,-0.102446996,6.4827733,0
234,4,26,0,-0.28915548,6.5247574,0
235,4,27,0,-0.40251017,6.4042883,0
236,4,28,0,-0.2750558,6.8178797,0
237,4,29,0,0.3068232,8.076751,0
238,4,30,0,0.96273607,7.0769415,0
239,4,31,0,1.1480098,5.1496887,0
240,4,32,0,1.066737,4.6723013,0
241,4,33,0,0.62091714,4.3629403,0
242,4,34,0,1.4977509,4.699236,0
243,4,35,0,3.8751664,6.337245,0
244,4,36,0,5.00237,7.346746,0
245,4,37,0,4.4336643,6.1502333,0
246,4,38,0,3.95604,4.8304176,0
247,4,39,0,4.944491,5.831707,0
248,4,40,0,7.568655,8.017035,0
249,4,41,0,9.748153,9.766923,0
250,4,42,0,10.216633,10.357652,0
251,4,43,0,10.6172905,9.188949,0
252,4,44,0,9.976034,7.362383,0
253,4,45,0,10.076354,6.0082088,0
254,4,46,0,12.382547,6.048721,0
255,4,47,0,13.758642,6.910014,0
256,4,48,0,13.291291,7.4963756,0
257,4,49,0,12.073433,7.6334624,0
258,4,50,0,11.254059,7.683297,0
259,4,51,0,10.501264,7.737315,0
260,5,0,0,4.7109303,4.676251,0
261,5,1,0,4.6021748,4.9541044,0
262,5,2,0,4.5011525,5.2182946,0
263,5,3,0,4.4181414,5.3276315,0
264,5,4,0,4.3990974,5.3033023,0
265,5,5,0,4.532378,5.36673,0
266,5,6,0,4.766909,5.553895,0
267,5,7,0,4.9358406,5.535654,0
268,5,8,0,4.9572062,5.5257816,0
269,5,9,0,4.8246317,5.8433967,0
270,5,10,0,4.443694,6.1715846,0
271,5,11,0,3.9396691,6.5888863,0
272,5,12,0,3.4909985,6.918348,0
273,5,13,0,3.0664132,6.947812,0
274,5,14,0,2.7419503,7.0553823,0
275,5,15,0,2.4374294,7.215468,0
276,5,16,0,2.058469,7.312882,0
277,5,17,0,1.636985,7.4775677,0
278,5,18,0,1.090765,7.447232,0
279,5,19,0,0.6908821,7.1703115,0
280,5,20,0,0.54149497,6.915861,0
281,5,21,0,0.5161007,6.7009444,0
282,5,22,0,0.49500197,6.5039873,0
283,5,23,0,0.3449984,6.379439,0
284,5,24,0,0.106165044,6.247256,0
285,5,25,0,-0.20313133,6.1920643,0
286,5,26,0,-0.567347,6.3383584,0
287,5,27,0,-0.8001498,6.3807464,0
288,5,28,0,-0.9992598,6.7232127,0
289,5,29,0,-0.8383258,7.2415032,0
290,5,30,0,0.34074602,6.4239464,0
291,5,31,0,1.3003105,5.8201404,0
292,5,32,0,1.243117,6.2022095,0
293,5,33,0,1.0956699,5.8512073,0
294,5,34,0,2.1877801,8.116943,0
295,5,35,0,3.7501144,11.003565,0
296,5,36,0,4.64876,10.878517,0
297,5,37,0,4.9499745,9.435628,0
298,5,38,0,5.290971,8.389312,0
299,5,39,0,6.2704983,9.086007,0
300,5,40,0,7.827605,10.381234,0
301,5,41,0,9.355796,11.703753,0
302,5,42,0,10.23947,12.600341,0
303,5,43,0,10.831565,11.935073,0
304,5,44,0,11.300187,10.178552,0
305,5,45,0,11.7984295,8.093794,0
306,5,46,0,12.487241,6.1901765,0
307,5,47,0,13.615626,5.823002,0
308,5,48,0,14.018964,6.3615546,0
309,5,49,0,12.954599,6.6261764,0
310,5,50,0,11.8813925,6.6899214,0
311,5,51,0,11.267042,6.9607663,0
312,6,0,0,4.522707,4.5090847,0
313,6,1,0,4.4455643,4.808774,0
314,6,2,0,4.35464,4.986812,0
315,6,3,0,4.2827926,5.045286,0
316,6,4,0,4.3179164,5.1040235,0
317,6,5,0,4.4690566,5.320258,0
318,6,6,0,4.6046376,5.552674,0
319,6,7,0,4.60853,5.4873295,0
320,6,8,0,4.47537,5.4707723,0
321,6,9,0,4.1468344,5.7446094,0
322,6,10,0,3.6590729,6.042894,0
323,6,11,0,3.1422062,6.4773335,0
324,6,12,0,2.6584446,6.831511,0
325,6,13,0,2.0688076,6.656551,0
326,6,14,0,1.5357815,6.4934506,0
327,6,15,0,1.316669,6.6358013,0
328,6,16,0,1.3474004,6.695023,0
329,6,17,0,1.3921367,6.746389,0
330,6,18,0,1.218043,6.69983,0
331,6,19,0,1.0551233,6.6080704,0
332,6,20,0,0.86194474,6.4311213,0
333,6,21,0,0.76973885,6.2279963,0
334,6,22,0,0.7451246,6.1134205,0
335,6,23,0,0.5045645,6.0217943,0
336,6,24,0,0.04669517,5.772221,0
337,6,25,0,-0.5916314,5.678652,0
338,6,26,0,-1.1781454,6.059762,0
339,6,27,0,-1.5664097,6.1434913,0
340,6,28,0,-1.5406756,5.5998135,0
341,6,29,0,-0.5910712,4.807978,0
342,6,30,0,0.5167613,4.5042024,0
343,6,31,0,0.83544034,4.4425507,0
344,6,32,0,0.4397807,4.1589575,0
345,6,33,0,0.6943232,4.508084,0
346,6,34,0,1.7367951,7.3510146,0
347,6,35,0,2.521237,9.405838,0
348,6,36,0,3.6668875,10.232332,0
349,6,37,0,5.1580963,12.034082,0
350,6,38,0,6.414489,12.976259,0
351,6,39,0,7.308094,13.205179,0
352,6,40,0,8.142884,12.8870125,0
353,6,41,0,9.120005,12.83846,0
354,6,42,0,9.976541,13.1585045,0
355,6,43,0,11.057465,12.926272,0
356,6,44,0,12.016006,11.764634,0
357,6,45,0,12.310913,9.475263,0
358,6,46,0,12.427505,6.835694,0
359,6,47,0,13.002972,5.5512624,0
360,6,48,0,13.905701,5.489157,0
361,6,49,0,13.6273775,5.5608664,0
362,6,50,0,12.562973,5.684391,0
363,6,51,0,11.737561,6.0280633,0
364,7,0,0,4.409392,4.2555447,0
365,7,1,0,4.2345147,4.5178685,0
366,7,2,0,4.081437,4.662222,0
367,7,3,0,4.0676894,4.746128,0
368,7,4,0,4.2010465,4.9500413,0
369,7,5,0,4.3035164,5.31292,0
370,7,6,0,4.2023644,5.523565,0
371,7,7,0,3.9221983,5.479962,0
372,7,8,0,3.6234725,5.5659723,0
373,7,9,0,3.3118458,5.881651,0
374,7,10,0,2.9759884,6.1995177,0
375,7,11,0,2.4558883,6.4985175,0
376,7,12,0,1.6209259,6.735038,0
377,7,13,0,0.6564501,6.4009013,0
378,7,14,0,0.0017655629,5.8979073,0
379,7,15,0,-0.053421523,5.767073,0
380,7,16,0,0.24452183,5.634694,0
381,7,17,0,0.3809604,5.5102243,0
382,7,18,0,0.26447025,5.3989043,0
383,7,19,0,0.24329317,5.2907786,0
384,7,20,0,0.4109228,5.2843556,0
385,7,21,0,0.6608304,5.3668346,0
386,7,22,0,0.6796224,5.45811,0
387,7,23,0,0.32797024,5.3568134,0
388,7,24,0,-0.33299756,5.005618,0
389,7,25,0,-1.1530194,5.004861,0
390,7,26,0,-1.8608513,5.4229403,0
391,7,27,0,-2.4729955,5.0003533,0
392,7,28,0,-1.8553035,3.5692365,0
393,7,29,0,-0.10685185,2.776404,0
394,7,30,0,0.9322649,2.9649012,0
395,7,31,0,1.1312592,2.3062735,0
396,7,32,0,0.8158007,1.5923632,0
397,7,33,0,0.8796862,3.2184227,0
398,7,34,0,0.73481125,6.161689,0
399,7,35,0,0.58319426,7.045281,0
400,7,36,0,1.6871952,8.729546,0
401,7,37,0,3.1547003,11.829969,0
402,7,38,0,4.5162067,13.366385,0
403,7,39,0,6.00462,14.39166,0
404,7,40,0,7.8864937,14.778505,0
405,7,41,0,9.90305,14.725308,0
406,7,42,0,11.351227,14.486606,0
407,7,43,0,12.14234,13.674545,0
408,7,44,0,12.918324,12.369176,0
409,7,45,0,13.405096,10.327902,0
410,7,46,0,13.165073,7.428509,0
411,7,47,0,12.867122,5.460565,0
412,7,48,0,13.4371195,4.809524,0
413,7,49,0,13.720669,4.5608974,0
414,7,50,0,12.91898,4.6492424,0
415,7,51,0,12.019486,5.0021973,0
416,8,0,0,4.1470103,3.8178282,0
417,8,1,0,3.9129183,4.0670657,0
418,8,2,0,3.7678564,4.3247705,0
419,8,3,0,3.8248136,4.4962745,0
420,8,4,0,3.9525735,4.767743,0
421,8,5,0,3.9111385,5.1192417,0
422,8,6,0,3.717441,5.2760653,0
423,8,7,0,3.490658,5.409578,0
424,8,8,0,3.3078008,5.6991954,0
425,8,9,0,3.0499725,6.068739,0
426,8,10,0,2.5866427,6.3298454,0
427,8,11,0,1.865323,6.419368,0
428,8,12,0,0.9205166,6.465016,0
429,8,13,0,0.12436079,6.108453,0
430,8,14,0,-0.23473762,5.5847154,0
431,8,15,0,-0.24804774,5.267803,0
432,8,16,0,-0.12248963,4.939674,0
433,8,17,0,-0.15719846,4.75884,0
434,8,18,0,-0.39621532,4.612872,0
435,8,19,0,-0.5729648,4.4333315,0
436,8,20,0,-0.41387743,4.4179344,0
437,8,21,0,-0.04720093,4.47873,0
438,8,22,0,0.034152325,4.668066,0
439,8,23,0,-0.31574836,4.660548,0
440,8,24,0,-0.9766527,4.276483,0
441,8,25,0,-1.6859498,4.2452054,0
442,8,26,0,-2.444793,4.0809216,0
443,8,27,0,-2.7575812,2.5037498,0
444,8,28,0,-1.4938109,1.5524087,0
445,8,29,0,0.035231207,2.1561325,0
446,8,30,0,0.89133316,1.9327456,0
447,8,31,0,1.7252675,0.7456196,0
448,8,32,0,1.4433348,1.1610781,0
449,8,33,0,0.5105944,5.1917663,0
450,8,34,0,-0.055828948,9.673654,0
451,8,35,0,0.13609102,10.962545,0
452,8,36,0,0.9048567,11.988656,0
453,8,37,0,1.4463438,13.562307,0
454,8,38,0,2.4173906,14.672694,0
455,8,39,0,4.3527937,15.933334,0
456,8,40,0,6.8735785,16.774363,0
457,8,41,0,9.701457,17.00152,0
458,8,42,0,12.721381,16.401134,0
459,8,43,0,15.079103,14.697872,0
460,8,44,0,15.852227,12.190679,0
461,8,45,0,15.577232,9.756828,0
462,8,46,0,14.765826,7.212279,0
463,8,47,0,13.519897,5.0092673,0
464,8,48,0,13.262158,3.994651,0
465,8,49,0,13.591639,3.7499382,0
466,8,50,0,13.119156,3.8725448,0
467,8,51,0,12.273215,3.9490628,0
468,9,0,0,3.8586469,3.3264132,0
469,9,1,0,3.7150078,3.6048975,0
470,9,2,0,3.595912,3.9363878,0
471,9,3,0,3.583713,4.232644,0
472,9,4,0,3.6626914,4.565464,0
473,9,5,0,3.7014718,4.8364506,0
474,9,6,0,3.7032876,4.977345,0
475,9,7,0,3.7326083,5.3134212,0
476,9,8,0,3.7230933,5.7457247,0
477,9,9,0,3.369679,6.016892,0
478,9,10,0,2.6041768,6.208627,0
479,9,11,0,1.7960609,6.3289337,0
480,9,12,0,1.1733196,6.277833,0
481,9,13,0,0.66083133,5.786987,0
482,9,14,0,0.31674016,5.2671237,0
483,9,15,0,0.06472092,5.017514,0
484,9,16,0,-0.15650402,4.651397,0
485,9,17,0,-0.37806913,4.3118124,0
486,9,18,0,-0.5537607,4.178213,0
487,9,19,0,-0.6066864,4.1863427,0
488,9,20,0,-0.6591778,3.9994602,0
489,9,21,0,-0.5855,3.7193582,0
490,9,22,0,-0.5838889,4.008462,0
491,9,23,0,-0.9588281,4.125843,0
492,9,24,0,-1.5195458,3.6366863,0
493,9,25,0,-1.982029,3.4104574,0
494,9,26,0,-2.4372206,2.4957883,0
495,9,27,0,-2.105341,0.21743831,0
496,9,28,0,-0.79055965,0.46980205,0
497,9,29,0,0.41405097,1.9057618,0
498,9,30,0,1.1968827,1.1336805,0
499,9,31,0,1.8502876,0.044919528,0
500,9,32,0,1.0482886,0.7248285,0
501,9,33,0,-0.66609263,4.8442574,0
502,9,34,0,-0.78871363,8.070488,0
503,9,35,0,-0.24346028,8.945852,0
504,9,36,0,0.047389988,10.635914,0
505,9,37,0,0.49773833,12.757129,0
506,9,38,0,1.0771148,15.17739,0
507,9,39,0,1.6329428,17.141123,0
508,9,40,0,2.7565024,18.31866,0
509,9,41,0,6.267828,19.768906,0
510,9,42,0,11.947492,20.060102,0
511,9,43,0,17.417805,17.009258,0
512,9,44,0,19.945478,11.7298155,0
513,9,45,0,19.00031,7.487083,0
514,9,46,0,16.901155,5.409237,0
515,9,47,0,14.83279,4.0660334,0
516,9,48,0,13.623663,3.043005,0
517,9,49,0,13.586891,2.890674,0
518,9,50,0,13.314535,3.0751846,0
519,9,51,0,12.509018,2.8213332,0
520,10,0,0,3.6359742,2.7360482,0
521,10,1,0,3.646512,3.0608432,0
522,10,2,0,3.6355605,3.4150925,0
523,10,3,0,3.586564,3.9207544,0
524,10,4,0,3.6768413,4.4237037,0
525,10,5,0,3.8138292,4.6759124,0
526,10,6,0,3.9006014,4.8666525,0
527,10,7,0,4.025838,5.317213,0
528,10,8,0,4.079921,5.634755,0
529,10,9,0,3.7968428,5.728839,0
530,10,10,0,3.1756635,6.00081,0
531,10,11,0,2.4519114,6.1491895,0
532,10,12,0,1.8414967,5.951867,0
533,10,13,0,1.2533424,5.3507066,0
534,10,14,0,0.6618065,4.728719,0
535,10,15,0,0.10368701,4.438079,0
536,10,16,0,-0.27669996,4.1712766,0
537,10,17,0,-0.51661414,3.8098376,0
538,10,18,0,-0.6584478,3.6866503,0
539,10,19,0,-0.6423987,3.686356,0
540,10,20,0,-0.6731836,3.221226,0
541,10,21,0,-0.75490713,2.8823953,0
542,10,22,0,-0.99733895,3.3574893,0
543,10,23,0,-1.5014379,3.5543354,0
544,10,24,0,-1.9841828,3.119896,0
545,10,25,0,-2.28698,2.809396,0
546,10,26,0,-2.3738914,1.7687657,0
547,10,27,0,-1.2051865,-0.23094578,0
548,10,28,0,0.04913036,0.96535105,0
549,10,29,0,0.13999823,2.8906615,0
550,10,30,0,0.20911881,2.3993294,0
551,10,31,0,0.75504637,1.4220186,0
552,10,32,0,0.6964907,1.0492754,0
553,10,33,0,-0.26792163,2.865983,0
554,10,34,0,-1.1998204,5.1325526,0
555,10,35,0,-1.7406921,7.063887,0
556,10,36,0,-1.74623,9.305618,0
557,10,37,0,-1.8140192,11.663218,0
558,10,38,0,-2.828654,14.1104,0
559,10,39,0,-4.3416967,16.575647,0
560,10,40,0,-3.6806295,20.116003,0
561,10,41,0,2.3357651,25.554527,0
562,10,42,0,14.163592,27.626873,0
563,10,43,0,23.921759,20.428858,0
564,10,44,0,25.638538,9.789144,0
565,10,45,0,22.672327,3.5274796,0
566,10,46,0,19.059093,1.8758105,0
567,10,47,0,16.222383,2.1795409,0
568,10,48,0,14.254574,1.8712136,0
569,10,49,0,13.703407,1.8763787,0
570,10,50,0,13.487587,2.0830517,0
571,10,51,0,12.672644,1.6840824,0
572,11,0,0,3.6160495,2.0932856,0
573,11,1,0,3.7465978,2.436522,0
574,11,2,0,3.8998861,2.8575516,0
575,11,3,0,3.951217,3.6051414,0
576,11,4,0,3.9937363,4.2801514,0
577,11,5,0,4.049539,4.59734,0
578,11,6,0,4.028538,4.8663,0
579,11,7,0,3.8800519,5.3223805,0
580,11,8,0,3.9265394,5.382497,0
581,11,9,0,4.0000324,5.4264145,0
582,11,10,0,3.6581059,5.7616315,0
583,11,11,0,2.9860818,5.612054,0
584,11,12,0,2.167933,5.16416,0
585,11,13,0,1.3726344,4.6408772,0
586,11,14,0,0.7127229,4.188838,0
587,11,15,0,0.2188997,3.8690555,0
588,11,16,0,-0.11967812,3.6390316,0
589,11,17,0,-0.31261742,3.4732835,0
590,11,18,0,-0.49700317,3.454695,0
591,11,19,0,-0.63525844,3.1060824,0
592,11,20,0,-0.6464278,2.4052293,0
593,11,21,0,-0.7510058,2.2950826,0
594,11,22,0,-1.1346153,2.8066094,0
595,11,23,0,-1.7693363,3.0801466,0
596,11,24,0,-2.3208702,2.8820822,0
597,11,25,0,-2.6530187,2.5296772,0
598,11,26,0,-2.599011,1.626311,0
599,11,27,0,-0.6197894,0.36740422,0
600,11,28,0,0.441165,1.9585047,0
601,11,29,0,-1.0194814,4.0844707,0
602,11,30,0,-1.4156415,3.458577,0
603,11,31,0,-0.51392835,1.9098192,0
604,11,32,0,0.3563429,1.1315572,0
605,11,33,0,-0.0075831474,1.8866773,0
606,11,34,0,-1.2786919,3.429224,0
607,11,35,0,-2.0801618,6.694264,0
608,11,36,0,-2.7732654,9.814359,0
609,11,37,0,-4.7514524,10.681983,0
610,11,38,0,-8.375979,12.040477,0
611,11,39,0,-11.565171,15.474045,0
612,11,40,0,-12.9798975,20.920616,0
613,11,41,0,-11.067258,30.004673,0
614,11,42,0,6.4190974,31.983139,0
615,11,43,0,29.384546,16.865387,0
616,11,44,0,32.488945,1.5845331,0
617,11,45,0,24.783928,-3.2884078,0
618,11,46,0,19.946983,-2.8639996,0
619,11,47,0,16.894056,-0.64698315,0
620,11,48,0,14.729701,0.26968086,0
621,11,49,0,13.808202,0.80182105,0
622,11,50,0,13.503414,1.1254836,0
623,11,51,0,12.720892,0.80992156,0
624,12,0,0,3.759457,1.6453524,0
625,12,1,0,4.048075,2.0441546,0
626,12,2,0,4.358833,2.5737944,0
627,12,3,0,4.482605,3.3952754,0
628,12,4,0,4.3508945,4.0985084,0
629,12,5,0,4.135815,4.523331,0
630,12,6,0,3.9196827,4.889623,0
631,12,7,0,3.6265273,5.129409,0
632,12,8,0,3.8720224,5.021045,0
633,12,9,0,4.164608,5.177744,0
634,12,10,0,3.6653602,5.2965317,0
635,12,11,0,2.8250694,4.7671843,0
636,12,12,0,2.0292764,4.2347646,0
637,12,13,0,1.3297086,3.8409894,0
638,12,14,0,0.741877,3.5561545,0
639,12,15,0,0.38078088,3.2333305,0
640,12,16,0,0.10239197,3.0048785,0
641,12,17,0,-0.103358075,3.0709763,0
642,12,18,0,-0.3332691,3.0672026,0
643,12,19,0,-0.46657193,2.4718218,0
644,12,20,0,-0.39036986,1.9466778,0
645,12,21,0,-0.5554907,2.0831287,0
646,12,22,0,-1.1052865,2.4787836,0
647,12,23,0,-1.875943,2.7022235,0
648,12,24,0,-2.5352647,2.6085622,0
649,12,25,0,-2.9531739,2.2833703,0
650,12,26,0,-3.0292912,1.6380705,0
651,12,27,0,-1.5453422,1.2003295,0
652,12,28,0,-1.736863,2.101182,0
653,12,29,0,-3.1003637,2.7390492,0
654,12,30,0,-2.321918,1.8938053,0
655,12,31,0,-0.7757503,1.1072974,0
656,12,32,0,0.34740558,0.93391174,0
657,12,33,0,-0.13083361,1.1209413,0
658,12,34,0,-1.2595143,0.8551678,0
659,12,35,0,-2.2482169,2.766076,0
660,12,36,0,-3.2139137,5.9421864,0
661,12,37,0,-6.689689,6.974958,0
662,12,38,0,-12.730532,8.304511,0
663,12,39,0,-17.458267,11.208062,0
664,12,40,0,-22.96358,14.207906,0
665,12,41,0,-29.483023,15.930862,0
666,12,42,0,-11.021809,7.927039,0
667,12,43,0,22.403677,-7.6313696,0
668,12,44,0,29.750164,-14.183334,0
669,12,45,0,22.387783,-11.798796,0
670,12,46,0,18.707836,-7.49819,0
671,12,47,0,16.256905,-3.6278744,0
672,12,48,0,14.350823,-1.6415205,0
673,12,49,0,13.6115,-0.46793547,0
674,12,50,0,13.30917,-0.021953117,0
675,12,51,0,12.637854,-0.21178024,0
676,13,0,0,4.0802183,1.313257,0
677,13,1,0,4.3272376,1.8719245,0
678,13,2,0,4.6058,2.5751708,0
679,13,3,0,4.6335387,3.2938447,0
680,13,4,0,4.3600693,3.8867,0
681,13,5,0,4.019963,4.3831224,0
682,13,6,0,3.8360786,4.7698736,0
683,13,7,0,3.82597,4.693363,0
684,13,8,0,4.059958,4.5450697,0
685,13,9,0,3.9478505,4.767109,0
686,13,10,0,3.139816,4.610851,0
687,13,11,0,2.2916307,4.0137463,0
688,13,12,0,1.8142166,3.4895608,0
689,13,13,0,1.4105934,2.9418218,0
690,13,14,0,0.8657119,2.5234818,0
691,13,15,0,0.37244838,2.310027,0
692,13,16,0,0.07406802,2.3954756,0
693,13,17,0,-0.0863633,2.7195823,0
694,13,18,0,-0.2056708,2.5904095,0
695,13,19,0,-0.18217996,1.9850729,0
696,13,20,0,-0.22095442,1.7267144,0
697,13,21,0,-0.6674683,1.8828137,0
698,13,22,0,-1.4135664,2.148236,0
699,13,23,0,-2.200455,2.2923267,0
700,13,24,0,-2.841214,2.2481518,0
701,13,25,0,-3.281016,1.9436512,0
702,13,26,0,-3.5415816,1.5541599,0
703,13,27,0,-3.5056906,1.2182888,0
704,13,28,0,-3.6135705,0.75080174,0
705,13,29,0,-3.08606,0.20174368,0
706,13,30,0,-2.212484,0.60499567,0
707,13,31,0,-1.0516279,1.514211,0
708,13,32,0,0.43819964,1.3349607,0
709,13,33,0,0.47309047,0.9735547,0
710,13,34,0,-0.5966336,0.4028117,0
711,13,35,0,-2.303132,1.2354095,0
712,13,36,0,-3.49007,3.4067564,0
713,13,37,0,-7.2594914,4.27544,0
714,13,38,0,-14.556239,4.550682,0
715,13,39,0,-19.65537,5.0189614,0
716,13,40,0,-24.246424,3.1980257,0
717,13,41,0,-31.005222,-4.35486,0
718,13,42,0,-19.422476,-19.522877,0
719,13,43,0,5.4360375,-28.944584,0
720,13,44,0,15.332186,-24.528122,0
721,13,45,0,15.618152,-16.722145,0
722,13,46,0,15.419966,-10.20669,0
723,13,47,0,14.434294,-5.8158827,0
724,13,48,0,13.347751,-3.2509158,0
725,13,49,0,13.10127,-1.8682866,0
726,13,50,0,12.944979,-1.7411431,0
727,13,51,0,12.31827,-1.79772,0
728,14,0,0,4.3335695,0.9263043,0
729,14,1,0,4.3901296,1.5214127,0
730,14,2,0,4.576054,2.3970315,0
731,14,3,0,4.586289,3.0389316,0
732,14,4,0,4.3752956,3.5516346,0
733,14,5,0,4.136896,4.0579505,0
734,14,6,0,4.0225673,4.330849,0
735,14,7,0,3.9096992,4.150192,0
736,14,8,0,3.7513652,4.0626364,0
737,14,9,0,3.3403778,4.2711396,0
738,14,10,0,2.5150812,4.0693927,0
739,14,11,0,1.8821086,3.4282641,0
740,14,12,0,1.6188188,2.6055937,0
741,14,13,0,1.3415843,1.7274991,0
742,14,14,0,0.88448113,1.2747972,0
743,14,15,0,0.29868135,1.4180841,0
744,14,16,0,-0.054699726,1.9350648,0
745,14,17,0,-0.068713464,2.2214093,0
746,14,18,0,-0.009640043,1.8981851,0
747,14,19,0,-0.11694042,1.5009074,0
748,14,20,0,-0.47514892,1.5052217,0
749,14,21,0,-1.0777061,1.6305827,0
750,14,22,0,-1.8189253,1.7509317,0
751,14,23,0,-2.564027,1.8521905,0
752,14,24,0,-3.187704,1.8946038,0
753,14,25,0,-3.682225,1.4810969,0
754,14,26,0,-4.0337253,0.98608935,0
755,14,27,0,-4.5183973,0.35975894,0
756,14,28,0,-3.0396376,-0.86949724,0
757,14,29,0,-1.0118659,-1.2336475,0
758,14,30,0,-1.1091648,0.057244603,0
759,14,31,0,-1.1318244,1.7927831,0
760,14,32,0,-0.2111367,1.8615338,0
761,14,33,0,0.31983802,1.1280221,0
762,14,34,0,-0.6730127,0.6281519,0
763,14,35,0,-2.6619625,1.0976568,0
764,14,36,0,-3.2180402,2.538961,0
765,14,37,0,-6.7219043,3.1625576,0
766,14,38,0,-14.213501,2.1993744,0
767,14,39,0,-18.410929,0.5912361,0
768,14,40,0,-19.64806,-3.7926657,0
769,14,41,0,-21.041592,-11.621977,0
770,14,42,0,-16.599485,-21.087725,0
771,14,43,0,-4.9577546,-25.67536,0
772,14,44,0,4.865594,-21.804932,0
773,14,45,0,10.042342,-15.798327,0
774,14,46,0,12.097418,-10.66333,0
775,14,47,0,12.499187,-6.9849086,0
776,14,48,0,12.564669,-4.3676786,0
777,14,49,0,12.682377,-3.3392465,0
778,14,50,0,12.370627,-3.494864,0
779,14,51,0,11.536954,-3.2949996,0
780,15,0,0,4.200387,0.56276655,0
781,15,1,0,4.388371,1.2251352,0
782,15,2,0,4.551508,2.167254,0
783,15,3,0,4.5115113,2.7372248,0
784,15,4,0,4.293412,3.204504,0
785,15,5,0,4.047852,3.6659794,0
786,15,6,0,3.8196635,3.796864,0
787,15,7,0,3.4527662,3.6343722,0
788,15,8,0,3.1872213,3.5782442,0
789,15,9,0,3.0252063,3.8203282,0
790,15,10,0,2.5376794,3.6858616,0
791,15,11,0,2.0484786,2.9770937,0
792,15,12,0,1.747795,1.9342363,0
793,15,13,0,1.3589547,0.8496959,0
794,15,14,0,0.7976612,0.53197765,0
795,15,15,0,0.22975735,0.8570239,0
796,15,16,0,-0.09938236,1.3263428,0
797,15,17,0,0.028812168,1.4162245,0
798,15,18,0,0.14846216,1.1654311,0
799,15,19,0,-0.19474962,1.1848974,0
800,15,20,0,-0.6909268,1.3783066,0
801,15,21,0,-1.2439246,1.3566535,0
802,15,22,0,-1.9550208,1.2367594,0
803,15,23,0,-2.7533102,1.3384496,0
804,15,24,0,-3.4238613,1.5208174,0
805,15,25,0,-3.9760149,0.91902995,0
806,15,26,0,-4.3771925,0.37375408,0
807,15,27,0,-4.681657,-0.0010935725,0
808,15,28,0,-2.31355,-1.3235612,0
809,15,29,0,0.12527747,-1.4713982,0
810,15,30,0,-0.11307063,-0.36088023,0
811,15,31,0,-0.6812511,1.3216282,0
812,15,32,0,-0.93891144,2.2735252,0
813,15,33,0,-0.9692189,1.7331134,0
814,15,34,0,-3.2449353,1.3055747,0
815,15,35,0,-4.6930056,1.4098958,0
816,15,36,0,-2.5645933,1.707037,0
817,15,37,0,-5.6772366,2.3052096,0
818,15,38,0,-13.08041,1.0650902,0
819,15,39,0,-15.839597,-1.9320298,0
820,15,40,0,-15.220183,-5.916793,0
821,15,41,0,-12.954677,-11.661105,0
822,15,42,0,-8.603861,-16.46636,0
823,15,43,0,-2.4296682,-17.843517,0
824,15,44,0,3.7858417,-16.012684,0
825,15,45,0,7.9958925,-13.093222,0
826,15,46,0,10.116313,-10.3626375,0
827,15,47,0,10.856391,-7.772338,0
828,15,48,0,11.419583,-5.7195415,0
829,15,49,0,11.858767,-4.714893,0
830,15,50,0,11.450822,-4.167803,0
831,15,51,0,10.52603,-3.6902332,0
832,16,0,0,4.268118,0.3365012,0
833,16,1,0,4.441764,1.2180822,0
834,16,2,0,4.4221764,2.0340123,0
835,16,3,0,4.2334166,2.4918864,0
836,16,4,0,4.054357,2.886533,0
837,16,5,0,3.8451715,3.2959764,0
838,16,6,0,3.478624,3.4017968,0
839,16,7,0,3.0557053,3.2257662,0
840,16,8,0,2.8301969,3.101875,0
841,16,9,0,2.7792647,3.1427357,0
842,16,10,0,2.5927932,2.6943605,0
843,16,11,0,2.2361915,1.7538241,0
844,16,12,0,1.8298762,0.8395933,0
845,16,13,0,1.2874295,0.19564328,0
846,16,14,0,0.6808785,0.37912655,0
847,16,15,0,0.30197978,0.739652,0
848,16,16,0,0.117516205,0.8900661,0
849,16,17,0,0.18090127,0.81568295,0
850,16,18,0,0.22020423,0.7274446,0
851,16,19,0,-0.099917755,1.0253968,0
852,16,20,0,-0.6001591,1.1767098,0
853,16,21,0,-1.2210866,0.9383955,0
854,16,22,0,-1.929126,0.6550313,0
855,16,23,0,-2.673569,0.890671,0
856,16,24,0,-3.3776004,1.0871279,0
857,16,25,0,-3.9139888,0.4132209,0
858,16,26,0,-4.1849937,0.092106275,0
859,16,27,0,-4.5988135,-0.15168291,0
860,16,28,0,-2.2275538,-1.629952,0
861,16,29,0,0.34658173,-1.6490111,0
862,16,30,0,0.408421,-0.51537234,0
863,16,31,0,-0.025806544,0.77857816,0
864,16,32,0,-0.7073717,2.1748576,0
865,16,33,0,-1.8677291,1.9681728,0
866,16,34,0,-5.4745297,1.1308283,0
867,16,35,0,-5.5259995,0.87758327,0
868,16,36,0,-2.4298913,0.9017964,0
869,16,37,0,-6.4273133,1.5625927,0
870,16,38,0,-12.474432,0.31757614,0
871,16,39,0,-13.328796,-3.0973446,0
872,16,40,0,-11.917049,-6.498121,0
873,16,41,0,-9.379411,-10.260572,0
874,16,42,0,-5.2808805,-13.22858,0
875,16,43,0,-0.44369438,-14.067273,0
876,16,44,0,3.811369,-13.206668,0
877,16,45,0,6.854036,-11.937914,0
878,16,46,0,8.597344,-10.317453,0
879,16,47,0,9.261005,-8.46808,0
880,16,48,0,9.870409,-7.066816,0
881,16,49,0,10.411012,-5.8945374,0
882,16,50,0,10.144746,-4.7771373,0
883,16,51,0,9.458861,-4.2159514,0
884,17,0,0,4.5897183,0.08672664,0
885,17,1,0,4.541235,1.0818408,0
886,17,2,0,4.412622,1.7361369,0
887,17,3,0,4.2968183,2.167246,0
888,17,4,0,4.209822,2.5291004,0
889,17,5,0,3.9252644,2.8832428,0
890,17,6,0,3.4033878,2.9628124,0
891,17,7,0,2.9297316,2.7185326,0
892,17,8,0,2.6717365,2.4502852,0
893,17,9,0,2.5212157,1.9563533,0
894,17,10,0,2.342187,0.986938,0
895,17,11,0,2.0199811,0.23499162,0
896,17,12,0,1.5712522,-0.086375184,0
897,17,13,0,1.1119748,-0.19734943,0
898,17,14,0,0.6943854,0.2328619,0
899,17,15,0,0.5694123,0.7951918,0
900,17,16,0,0.65805924,0.8456198,0
901,17,17,0,0.73409873,0.45857167,0
902,17,18,0,0.64135706,0.40309033,0
903,17,19,0,0.24422924,0.6970356,0
904,17,20,0,-0.3625794,0.6987821,0
905,17,21,0,-1.1306745,0.42623654,0
906,17,22,0,-1.8186651,0.2674238,0
907,17,23,0,-2.469159,0.558898,0
908,17,24,0,-3.2207615,0.47801426,0
909,17,25,0,-3.7533247,0.012914887,0
910,17,26,0,-4.013466,-0.03048519,0
911,17,27,0,-4.5458446,-0.37851265,0
912,17,28,0,-2.329782,-1.7702514,0
913,17,29,0,0.1094165,-1.7823341,0
914,17,30,0,0.09001937,-0.6044762,0
915,17,31,0,0.11658036,0.3389825,0
916,17,32,0,-0.3261916,1.787613,0
917,17,33,0,-2.146958,1.7188199,0
918,17,34,0,-5.469688,0.7367068,0
919,17,35,0,-4.5777154,0.30792508,0
920,17,36,0,-3.2893023,0.55308163,0
921,17,37,0,-8.486123,1.1447289,0
922,17,38,0,-12.128602,-0.67627245,0
923,17,39,0,-11.540146,-3.8151593,0
924,17,40,0,-10.048715,-6.564774,0
925,17,41,0,-7.7710223,-9.151436,0
926,17,42,0,-4.9373403,-10.877203,0
927,17,43,0,-1.3583945,-11.603533,0
928,17,44,0,2.2621875,-11.439608,0
929,17,45,0,5.2833314,-11.010813,0
930,17,46,0,7.2633643,-10.142861,0
931,17,47,0,8.057199,-8.97503,0
932,17,48,0,8.4919615,-7.9848356,0
933,17,49,0,8.730019,-7.1697807,0
934,17,50,0,8.478111,-6.4547276,0
935,17,51,0,7.6829643,-5.8970113,0
936,18,0,0,4.719589,-0.18999895,0
937,18,1,0,4.6327076,0.74707365,0
938,18,2,0,4.5815086,1.3375571,0
939,18,3,0,4.533786,1.7752506,0
940,18,4,0,4.317267,2.1742535,0
941,18,5,0,3.9454155,2.4318066,0
942,18,6,0,3.5256422,2.3301647,0
943,18,7,0,3.147977,1.9834092,0
944,18,8,0,2.8715415,1.6194676,0
945,18,9,0,2.6925888,0.930348,0
946,18,10,0,2.4557428,0.07492174,0
947,18,11,0,2.0750618,-0.19651492,0
948,18,12,0,1.612691,-0.15900446,0
949,18,13,0,1.151341,-0.18478198,0
950,18,14,0,0.7567443,0.19613978,0
951,18,15,0,0.76450485,0.9585822,0
952,18,16,0,1.2753948,0.7649027,0
953,18,17,0,1.5542914,-0.017692083,0
954,18,18,0,1.1868339,-0.0992475,0
955,18,19,0,0.5278215,0.09433693,0
956,18,20,0,-0.28894347,0.042198703,0
957,18,21,0,-1.1370133,-0.03557419,0
958,18,22,0,-1.7838213,0.106442325,0
959,18,23,0,-2.4208548,0.12114638,0
960,18,24,0,-3.1686397,-0.26964587,0
961,18,25,0,-3.775398,-0.36442277,0
962,18,26,0,-4.151712,-0.22662415,0
963,18,27,0,-4.567455,-0.5008855,0
964,18,28,0,-2.7392225,-1.5637017,0
965,18,29,0,-0.25593215,-1.7343454,0
966,18,30,0,0.08910296,-0.7477472,0
967,18,31,0,0.17765123,-0.108229026,0
968,18,32,0,-0.08801409,1.2981145,0
969,18,33,0,-1.8938508,1.5616599,0
970,18,34,0,-4.14958,0.44655475,0
971,18,35,0,-3.2377038,0.34352577,0
972,18,36,0,-4.0871673,1.3278774,0
973,18,37,0,-9.102468,0.9513736,0
974,18,38,0,-10.911831,-1.9820321,0
975,18,39,0,-9.910108,-4.7858663,0
976,18,40,0,-8.805293,-6.7815704,0
977,18,41,0,-7.1215777,-8.21773,0
978,18,42,0,-5.03149,-8.752959,0
979,18,43,0,-2.791133,-9.73282,0
980,18,44,0,0.5788472,-10.727041,0
981,18,45,0,3.5794227,-10.362222,0
982,18,46,0,5.310859,-9.919142,0
983,18,47,0,6.4400477,-9.664111,0
984,18,48,0,6.6780944,-8.92357,0
985,18,49,0,6.5995035,-8.2621155,0
986,18,50,0,6.052243,-7.7433233,0
987,18,51,0,5.0224376,-7.2172127,0
988,19,0,0,4.8558874,-0.3463315,0
989,19,1,0,4.7334657,0.4311263,0
990,19,2,0,4.6833773,1.0061731,0
991,19,3,0,4.5588126,1.4310207,0
992,19,4,0,4.2906713,1.7799796,0
993,19,5,0,4.0057964,1.872032,0
994,19,6,0,3.702756,1.6245509,0
995,19,7,0,3.4050224,1.2914773,0
996,19,8,0,3.147242,1.0235169,0
997,19,9,0,2.9926307,0.61702496,0
998,19,10,0,2.8457925,0.0953173,0
999,19,11,0,2.6059437,-0.30435738,0
1000,19,12,0,2.0866027,-0.3746829,0
1001,19,13,0,1.5183742,-0.12397915,0
1002,19,14,0,0.98366714,0.53441656,0
1003,19,15,0,0.76468146,1.1904042,0
1004,19,16,0,1.4043096,0.43902937,0
1005,19,17,0,1.7045256,-0.619125,0
1006,19,18,0,1.1516043,-0.6991977,0
1007,19,19,0,0.4092267,-0.59908956,0
1008,19,20,0,-0.4074728,-0.53991675,0
1009,19,21,0,-1.1181618,-0.2734212,0
1010,19,22,0,-1.7580673,-0.031079432,0
1011,19,23,0,-2.375886,-0.46268067,0
1012,19,24,0,-2.977367,-1.0027552,0
1013,19,25,0,-3.622549,-0.8637195,0
1014,19,26,0,-4.166252,-0.64508057,0
1015,19,27,0,-4.5226283,-0.77678984,0
1016,19,28,0,-3.7119787,-1.5616117,0
1017,19,29,0,-0.9093729,-1.5279655,0
1018,19,30,0,0.74447906,-0.7321061,0
1019,19,31,0,0.36419478,-0.07800049,0
1020,19,32,0,0.034268573,1.0425996,0
1021,19,33,0,-1.0191633,1.3081212,0
1022,19,34,0,-2.366814,0.7136575,0
1023,19,35,0,-1.6720812,0.63722044,0
1024,19,36,0,-3.070216,1.3868057,0
1025,19,37,0,-7.9505672,0.36826095,0
1026,19,38,0,-9.618683,-2.8771844,0
1027,19,39,0,-8.296957,-5.5880466,0
1028,19,40,0,-7.18531,-7.252446,0
1029,19,41,0,-6.141684,-7.884002,0
1030,19,42,0,-4.907964,-7.944927,0
1031,19,43,0,-3.6370597,-9.125977,0
1032,19,44,0,-0.7496238,-10.6640215,0
1033,19,45,0,1.7183028,-10.38584,0
1034,19,46,0,2.7076495,-9.951379,0
1035,19,47,0,3.8823228,-10.061926,0
1036,19,48,0,4.318055,-9.557121,0
1037,19,49,0,4.2618136,-8.952935,0
1038,19,50,0,3.70191,-8.233246,0
1039,19,51,0,3.279395,-7.1441274,0
1040,20,0,0,5.1279163,-0.54317856,0
1041,20,1,0,4.8759885,0.23584977,0
1042,20,2,0,4.6631503,0.7724462,0
1043,20,3,0,4.44298,1.0393616,0
1044,20,4,0,4.2310934,1.241714,0
1045,20,5,0,4.0267167,1.2490383,0
1046,20,6,0,3.8199341,1.0726753,0
1047,20,7,0,3.66654,0.9473034,0
1048,20,8,0,3.4975023,0.84045017,0
1049,20,9,0,3.2009327,0.509482,0
1050,20,10,0,2.9712317,-0.036227215,0
1051,20,11,0,2.8655574,-0.43848133,0
1052,20,12,0,2.4822087,-0.41205102,0
1053,20,13,0,1.9188676,-0.061005138,0
1054,20,14,0,1.1476492,0.626131,0
1055,20,15,0,0.51196104,0.95331347,0
1056,20,16,0,0.870287,-0.10673608,0
1057,20,17,0,1.1661187,-1.0615726,0
1058,20,18,0,0.7771687,-1.1251197,0
1059,20,19,0,0.17966422,-1.0871761,0
1060,20,20,0,-0.37542474,-0.799946,0
1061,20,21,0,-0.96623474,-0.393358,0
1062,20,22,0,-1.6937166,-0.36522985,0
1063,20,23,0,-2.2416096,-1.0091156,0
1064,20,24,0,-2.6986694,-1.578101,0
1065,20,25,0,-3.2872667,-1.4901263,0
1066,20,26,0,-3.9478328,-1.322569,0
1067,20,27,0,-4.421578,-1.4212717,0
1068,20,28,0,-4.361027,-2.0980794,0
1069,20,29,0,-1.9557853,-1.8779404,0
1070,20,30,0,0.3373082,-0.9395184,0
1071,20,31,0,0.07140032,-0.13580649,0
1072,20,32,0,-0.29598597,0.85391957,0
1073,20,33,0,-0.6246871,1.1697598,0
1074,20,34,0,-1.4372995,0.70784146,0
1075,20,35,0,-1.4274745,0.08468754,0
1076,20,36,0,-2.2669468,0.3772925,0
1077,20,37,0,-6.279426,-0.7370928,0
1078,20,38,0,-8.427039,-3.67852,0
1079,20,39,0,-7.037693,-5.890084,0
1080,20,40,0,-5.663283,-7.4221754,0
1081,20,41,0,-4.8750343,-8.082003,0
1082,20,42,0,-4.418711,-8.354948,0
1083,20,43,0,-3.5978885,-9.043073,0
1084,20,44,0,-1.8361815,-9.883955,0
1085,20,45,0,-0.111795716,-9.985164,0
1086,20,46,0,0.97799295,-9.685531,0
1087,20,47,0,1.9459375,-9.642911,0
1088,20,48,0,2.492993,-9.483206,0
1089,20,49,0,2.779962,-9.016377,0
1090,20,50,0,3.0313878,-8.094463,0
1091,20,51,0,3.2591147,-6.445567,0
1092,21,0,0,5.377237,-0.6532328,0
1093,21,1,0,5.000845,0.08248761,0
1094,21,2,0,4.6136837,0.37371525,0
1095,21,3,0,4.37326,0.54276866,0
1096,21,4,0,4.2476983,0.7952411,0
1097,21,5,0,4.1345606,0.82242596,0
1098,21,6,0,4.0196843,0.8613271,0
1099,21,7,0,3.927149,1.0153842,0
1100,21,8,0,3.7346146,0.8918919,0
1101,21,9,0,3.2302246,0.34082264,0
1102,21,10,0,2.8249013,-0.2559277,0
1103,21,11,0,2.7745554,-0.40507823,0
1104,21,12,0,2.587747,-0.34643123,0
1105,21,13,0,1.982002,-0.19140486,0
1106,21,14,0,1.0535614,0.38026237,0
1107,21,15,0,0.42696288,0.49038664,0
1108,21,16,0,0.69128084,-0.5101165,0
1109,21,17,0,0.9162147,-1.2083008,0
1110,21,18,0,0.53488654,-1.323924,0
1111,21,19,0,0.04485106,-1.2412604,0
1112,21,20,0,-0.4040645,-0.8183909,0
1113,21,21,0,-1.0026805,-0.60356945,0
1114,21,22,0,-1.6745003,-0.79975975,0
1115,21,23,0,-2.137261,-1.3966113,0
1116,21,24,0,-2.5287285,-1.9787889,0
1117,21,25,0,-2.978975,-2.0774505,0
1118,21,26,0,-3.5232735,-2.0416698,0
1119,21,27,0,-4.041468,-2.120076,0
1120,21,28,0,-4.1633487,-2.6139035,0
1121,21,29,0,-2.8798957,-2.7649684,0
1122,21,30,0,-0.97889936,-1.8610569,0
1123,21,31,0,-0.051706728,-0.56439346,0
1124,21,32,0,-0.05791278,0.8028977,0
1125,21,33,0,-1.2540982,1.4818048,0
1126,21,34,0,-2.8558998,0.16544186,0
1127,21,35,0,-3.4849322,-1.5637572,0
1128,21,36,0,-3.513219,-1.3615785,0
1129,21,37,0,-5.4821587,-2.3663547,0
1130,21,38,0,-7.2001295,-4.757649,0
1131,21,39,0,-6.213456,-6.065454,0
1132,21,40,0,-4.8865886,-7.200345,0
1133,21,41,0,-3.9694202,-8.248965,0
1134,21,42,0,-3.580576,-8.844969,0
1135,21,43,0,-3.1823287,-9.206935,0
1136,21,44,0,-2.226491,-9.516958,0
1137,21,45,0,-1.029868,-9.395547,0
1138,21,46,0,0.068013415,-8.954557,0
1139,21,47,0,1.0413842,-8.76086,0
1140,21,48,0,1.8659893,-8.807238,0
1141,21,49,0,2.6456716,-8.295638,0
1142,21,50,0,3.1068048,-7.137479,0
1143,21,51,0,3.0367794,-6.008713,0
1144,22,0,0,5.3869443,-0.6161164,0
1145,22,1,0,5.0374446,-0.13951974,0
1146,22,2,0,4.67609,-0.016272202,0
1147,22,3,0,4.4646344,0.28775132,0
1148,22,4,0,4.369238,0.5783016,0
1149,22,5,0,4.2684684,0.54729587,0
1150,22,6,0,4.0719647,0.8132161,0
1151,22,7,0,3.8441122,1.1947323,0
1152,22,8,0,3.5269327,0.9818225,0
1153,22,9,0,3.07066,0.3000725,0
1154,22,10,0,2.860719,-0.24595875,0
1155,22,11,0,2.879383,-0.38608664,0
1156,22,12,0,2.6402338,-0.5001988,0
1157,22,13,0,1.9782076,-0.4030973,0
1158,22,14,0,1.0460645,0.2154247,0
1159,22,15,0,0.65228546,0.21267983,0
1160,22,16,0,1.0093344,-0.78047955,0
1161,22,17,0,0.9953498,-1.2839129,0
1162,22,18,0,0.416273,-1.3481554,0
1163,22,19,0,-0.09511748,-1.1848856,0
1164,22,20,0,-0.5854391,-0.7714669,0
1165,22,21,0,-1.1387088,-0.8048915,0
1166,22,22,0,-1.6548094,-1.1399115,0
1167,22,23,0,-2.0798187,-1.6221241,0
1168,22,24,0,-2.3897488,-2.189233,0
1169,22,25,0,-2.6000278,-2.459441,0
1170,22,26,0,-2.9303553,-2.5884497,0
1171,22,27,0,-3.408176,-2.6568053,0
1172,22,28,0,-3.6890383,-2.7411094,0
1173,22,29,0,-3.2523556,-2.9637468,0
1174,22,30,0,-1.7963248,-2.6781101,0
1175,22,31,0,-0.25052795,-1.3803091,0
1176,22,32,0,-0.54889673,0.224291,0
1177,22,33,0,-2.7372108,0.7391768,0
1178,22,34,0,-4.5512276,-0.76810133,0
1179,22,35,0,-5.1011853,-2.7028973,0
1180,22,36,0,-5.121168,-3.1879385,0
1181,22,37,0,-5.585979,-4.162533,0
1182,22,38,0,-5.9208794,-5.8566494,0
1183,22,39,0,-5.364829,-6.679158,0
1184,22,40,0,-4.4458213,-7.15207,0
1185,22,41,0,-3.4813862,-7.9899144,0
1186,22,42,0,-2.8167713,-8.847173,0
1187,22,43,0,-2.338223,-9.321189,0
1188,22,44,0,-1.6270425,-9.408999,0
1189,22,45,0,-0.81386006,-9.021772,0
1190,22,46,0,-0.19998464,-8.441512,0
1191,22,47,0,0.5448007,-8.053362,0
1192,22,48,0,1.6514099,-7.90627,0
1193,22,49,0,2.8144019,-7.572549,0
1194,22,50,0,3.1405034,-6.8020654,0
1195,22,51,0,2.628704,-6.207572,0
1196,23,0,0,5.284803,-0.5316982,0
1197,23,1,0,4.933013,-0.21279699,0
1198,23,2,0,4.619213,-0.027640538,0
1199,23,3,0,4.392649,0.33538866,0
1200,23,4,0,4.2693152,0.47660536,0
1201,23,5,0,4.1799464,0.39933923,0
1202,23,6,0,3.9519231,0.802133,0
1203,23,7,0,3.5778098,1.2798264,0
1204,23,8,0,3.1764638,1.1090766,0
1205,23,9,0,2.9060128,0.5004117,0
1206,23,10,0,2.890668,-0.11420999,0
1207,23,11,0,2.8897927,-0.51867646,0
1208,23,12,0,2.6718564,-0.7259359,0
1209,23,13,0,2.0694923,-0.5273899,0
1210,23,14,0,1.1855531,0.15369506,0
1211,23,15,0,1.0613985,-0.008758194,0
1212,23,16,0,1.5004209,-1.0687828,0
1213,23,17,0,1.2548059,-1.3558074,0
1214,23,18,0,0.5748964,-1.2307459,0
1215,23,19,0,-0.0035727096,-1.0300509,0
1216,23,20,0,-0.6117359,-0.7625598,0
1217,23,21,0,-1.206949,-0.99367565,0
1218,23,22,0,-1.6507348,-1.4019237,0
1219,23,23,0,-1.9836756,-1.7608731,0
1220,23,24,0,-2.1926477,-2.2461448,0
1221,23,25,0,-2.3134801,-2.6669378,0
1222,23,26,0,-2.5533068,-2.9094658,0
1223,23,27,0,-2.8864763,-2.923989,0
1224,23,28,0,-3.2146752,-2.8193755,0
1225,23,29,0,-3.2585926,-2.7020464,0
1226,23,30,0,-2.6582544,-2.623361,0
1227,23,31,0,-1.9272139,-2.1001868,0
1228,23,32,0,-2.4116817,-1.2232627,0
1229,23,33,0,-3.7893565,-1.1089753,0
1230,23,34,0,-4.6528187,-1.9946764,0
1231,23,35,0,-5.0214787,-3.1991858,0
1232,23,36,0,-5.3820944,-3.9474638,0
1233,23,37,0,-5.4380593,-4.906106,0
1234,23,38,0,-4.958787,-6.4322844,0
1235,23,39,0,-4.3971505,-7.3393617,0
1236,23,40,0,-3.7400987,-7.521474,0
1237,23,41,0,-2.807161,-7.8919735,0
1238,23,42,0,-1.9628072,-8.574431,0
1239,23,43,0,-1.3724263,-9.099147,0
1240,23,44,0,-0.79530716,-9.161743,0
1241,23,45,0,-0.13281818,-8.787333,0
1242,23,46,0,0.43298435,-8.252087,0
1243,23,47,0,0.83840495,-7.667247,0
1244,23,48,0,1.513528,-7.0470967,0
1245,23,49,0,2.6968527,-6.6902475,0
1246,23,50,0,3.420477,-6.5405636,0
1247,23,51,0,2.978025,-6.3666964,0
1248,24,0,0,5.1618047,-0.3427908,0
1249,24,1,0,4.773491,-0.045845035,0
1250,24,2,0,4.4549055,0.19647066,0
1251,24,3,0,4.198597,0.49467957,0
1252,24,4,0,4.076458,0.5735212,0
1253,24,5,0,4.0278745,0.5442283,0
1254,24,6,0,3.8180892,0.8667537,0
1255,24,7,0,3.3965714,1.2461283,0
1256,24,8,0,2.9609337,1.2369249,0
1257,24,9,0,2.7097013,0.77701515,0
1258,24,10,0,2.689308,-0.05108546,0
1259,24,11,0,2.7434895,-0.66528624,0
1260,24,12,0,2.7193804,-0.75998765,0
1261,24,13,0,2.2620254,-0.451227,0
1262,24,14,0,1.5666527,0.13006905,0
1263,24,15,0,1.6553175,-0.27356446,0
1264,24,16,0,2.0083048,-1.3091727,0
1265,24,17,0,1.6041325,-1.4122473,0
1266,24,18,0,0.89943385,-1.099829,0
1267,24,19,0,0.18752997,-0.9207326,0
1268,24,20,0,-0.5676617,-0.89787483,0
1269,24,21,0,-1.1806366,-1.2068126,0
1270,24,22,0,-1.540818,-1.5783106,0
1271,24,23,0,-1.7247165,-1.8245261,0
1272,24,24,0,-1.8553785,-2.2679722,0
1273,24,25,0,-2.0454235,-2.8046896,0
1274,24,26,0,-2.2977638,-3.0053973,0
1275,24,27,0,-2.536941,-2.9175932,0
1276,24,28,0,-2.7498374,-2.9146104,0
1277,24,29,0,-3.014014,-2.683972,0
1278,24,30,0,-3.1598842,-2.3651729,0
1279,24,31,0,-3.1644537,-2.2916317,0
1280,24,32,0,-3.441253,-2.273881,0
1281,24,33,0,-3.8723478,-2.3460639,0
1282,24,34,0,-4.2015443,-2.8179514,0
1283,24,35,0,-4.3940954,-3.5949178,0
1284,24,36,0,-4.674341,-4.061558,0
1285,24,37,0,-4.9237504,-4.8762746,0
1286,24,38,0,-4.5468946,-6.3264728,0
1287,24,39,0,-3.7991405,-7.352749,0
1288,24,40,0,-3.148781,-7.656059,0
1289,24,41,0,-2.2041326,-7.910675,0
1290,24,42,0,-1.0895526,-8.512951,0
1291,24,43,0,-0.3891918,-8.997892,0
1292,24,44,0,0.03156177,-8.925177,0
1293,24,45,0,0.5215899,-8.508196,0
1294,24,46,0,1.2705052,-8.073012,0
1295,24,47,0,1.7357239,-7.506067,0
1296,24,48,0,1.8890747,-6.8747344,0
1297,24,49,0,2.5630379,-6.7117915,0
1298,24,50,0,3.3168612,-6.909983,0
1299,24,51,0,3.0895698,-6.7647614,0
1300,25,0,0,5.0240636,-0.07657425,0
1301,25,1,0,4.7161775,0.2570639,0
1302,25,2,0,4.493285,0.5479138,0
1303,25,3,0,4.2931104,0.7848216,0
1304,25,4,0,4.116632,0.87476695,0
1305,25,5,0,3.9278471,0.81360686,0
1306,25,6,0,3.6297166,0.93422997,0
1307,25,7,0,3.2726374,1.1809447,0
1308,25,8,0,2.9035566,1.2357212,0
1309,25,9,0,2.616204,0.8165142,0
1310,25,10,0,2.6282966,-0.07981035,0
1311,25,11,0,2.7808092,-0.66371775,0
1312,25,12,0,2.8044767,-0.6465968,0
1313,25,13,0,2.4657252,-0.2695212,0
1314,25,14,0,1.9435955,0.20671657,0
1315,25,15,0,2.0918849,-0.38844845,0
1316,25,16,0,2.2549248,-1.4359044,0
1317,25,17,0,1.7172338,-1.4664582,0
1318,25,18,0,0.9439187,-1.0786948,0
1319,25,19,0,0.09343565,-0.92754936,0
1320,25,20,0,-0.6004614,-0.9775317,0
1321,25,21,0,-1.0360327,-1.2888596,0
1322,25,22,0,-1.2482479,-1.63958,0
1323,25,23,0,-1.3558024,-1.7938108,0
1324,25,24,0,-1.5404555,-2.2165167,0
1325,25,25,0,-1.8306708,-2.791293,0
1326,25,26,0,-2.1160445,-2.9670513,0
1327,25,27,0,-2.353209,-2.8712554,0
1328,25,28,0,-2.3969965,-2.9047754,0
1329,25,29,0,-2.4731233,-2.7805572,0
1330,25,30,0,-2.7472332,-2.4597483,0
1331,25,31,0,-2.9349523,-2.4404032,0
1332,25,32,0,-3.125355,-2.6023622,0
1333,25,33,0,-3.3470988,-2.8482418,0
1334,25,34,0,-3.321031,-3.2739592,0
1335,25,35,0,-3.1989236,-3.8067694,0
1336,25,36,0,-3.4186203,-4.1352887,0
1337,25,37,0,-3.8741503,-4.666562,0
1338,25,38,0,-3.929899,-5.668382,0
1339,25,39,0,-3.5001311,-6.6490216,0
1340,25,40,0,-3.024275,-7.2745304,0
1341,25,41,0,-2.3127253,-7.693039,0
1342,25,42,0,-1.056194,-8.222807,0
1343,25,43,0,0.18787238,-8.67387,0
1344,25,44,0,0.89679515,-8.667391,0
1345,25,45,0,1.2237856,-8.419617,0
1346,25,46,0,1.6176821,-8.189748,0
1347,25,47,0,2.1404035,-7.699122,0
1348,25,48,0,2.5172076,-7.385152,0
1349,25,49,0,2.8129115,-7.723195,0
1350,25,50,0,3.1565876,-8.018876,0
1351,25,51,0,3.287769,-7.2881722,0
1352,26,0,0,4.818106,0.19331937,0
1353,26,1,0,4.6569934,0.624639,0
1354,26,2,0,4.6326246,1.0028744,0
1355,26,3,0,4.5035105,1.1719517,0
1356,26,4,0,4.206582,1.1783718,0
1357,26,5,0,3.885323,0.99280965,0
1358,26,6,0,3.5848515,0.9492309,0
1359,26,7,0,3.3034024,1.1415515,0
1360,26,8,0,3.0359979,1.139254,0
1361,26,9,0,2.8150694,0.6770141,0
1362,26,10,0,2.8385065,-0.10361401,0
1363,26,11,0,2.9559724,-0.5753938,0
1364,26,12,0,2.8660772,-0.5150316,0
1365,26,13,0,2.4597032,-0.11578319,0
1366,26,14,0,1.9038178,0.14983337,0
1367,26,15,0,2.058977,-0.6854259,0
1368,26,16,0,2.230133,-1.6084249,0
1369,26,17,0,1.746765,-1.4800504,0
1370,26,18,0,1.0538037,-1.1484962,0
1371,26,19,0,0.23175296,-0.98317987,0
1372,26,20,0,-0.39514902,-0.90315855,0
1373,26,21,0,-0.73446196,-1.1606976,0
1374,26,22,0,-0.818864,-1.5655743,0
1375,26,23,0,-0.88607234,-1.7776675,0
1376,26,24,0,-1.2115929,-2.1530006,0
1377,26,25,0,-1.65293,-2.6503222,0
1378,26,26,0,-1.9649155,-2.871392,0
1379,26,27,0,-2.1814,-2.7666612,0
1380,26,28,0,-2.1761901,-2.709117,0
1381,26,29,0,-2.0217645,-2.7914107,0
1382,26,30,0,-2.1537511,-2.6549687,0
1383,26,31,0,-2.3992612,-2.570248,0
1384,26,32,0,-2.5404687,-2.7228553,0
1385,26,33,0,-2.742569,-2.9883754,0
1386,26,34,0,-2.6925151,-3.3293948,0
1387,26,35,0,-2.3413787,-3.8735096,0
1388,26,36,0,-2.309777,-4.2573586,0
1389,26,37,0,-2.6730275,-4.4690146,0
1390,26,38,0,-2.9265893,-4.995166,0
1391,26,39,0,-2.9446754,-5.7147403,0
1392,26,40,0,-2.8504057,-6.4908442,0
1393,26,41,0,-2.5862126,-7.12809,0
1394,26,42,0,-1.7357967,-7.5637035,0
1395,26,43,0,-0.27852556,-7.9555736,0
1396,26,44,0,0.8956075,-8.25433,0
1397,26,45,0,1.5000819,-8.43055,0
1398,26,46,0,2.0041,-8.393672,0
1399,26,47,0,2.582043,-7.8144283,0
1400,26,48,0,3.2034132,-7.356048,0
1401,26,49,0,3.5504506,-7.5475745,0
1402,26,50,0,3.6946766,-7.5326576,0
1403,26,51,0,3.9974306,-6.5031466,0
1404,27,0,0,4.7340474,0.5047746,0
1405,27,1,0,4.524343,0.9795584,0
1406,27,2,0,4.4096527,1.3959444,0
1407,27,3,0,4.239656,1.5161147,0
1408,27,4,0,3.96727,1.4240624,0
1409,27,5,0,3.7787998,1.1797701,0
1410,27,6,0,3.7404137,1.0080884,0
1411,27,7,0,3.5683076,1.1061429,0
1412,27,8,0,3.2906435,1.0214863,0
1413,27,9,0,3.0673556,0.50887173,0
1414,27,10,0,3.0101995,-0.109916605,0
1415,27,11,0,3.0981176,-0.43923554,0
1416,27,12,0,2.957573,-0.35111618,0
1417,27,13,0,2.432458,-0.12115451,0
1418,27,14,0,1.9042464,-0.17518498,0
1419,27,15,0,2.0524333,-0.8727675,0
1420,27,16,0,2.287109,-1.503338,0
1421,27,17,0,2.059769,-1.3755801,0
1422,27,18,0,1.5532424,-1.1894096,0
1423,27,19,0,0.8246403,-1.1327193,0
1424,27,20,0,0.12520021,-0.9409933,0
1425,27,21,0,-0.38137633,-1.011985,0
1426,27,22,0,-0.54571694,-1.3909166,0
1427,27,23,0,-0.5303731,-1.7221396,0
1428,27,24,0,-0.7785591,-2.120821,0
1429,27,25,0,-1.2894994,-2.6356423,0
1430,27,26,0,-1.6564566,-2.832481,0
1431,27,27,0,-1.9577498,-2.6577811,0
1432,27,28,0,-2.238661,-2.6172931,0
1433,27,29,0,-2.1530902,-2.8405037,0
1434,27,30,0,-2.006824,-2.8506124,0
1435,27,31,0,-2.14514,-2.7555265,0
1436,27,32,0,-2.273705,-2.8224044,0
1437,27,33,0,-2.3569252,-2.9739563,0
1438,27,34,0,-2.4102314,-3.2405083,0
1439,27,35,0,-2.1336272,-3.7969701,0
1440,27,36,0,-1.68416,-4.2597075,0
1441,27,37,0,-1.6463906,-4.4020424,0
1442,27,38,0,-1.8996704,-4.6821632,0
1443,27,39,0,-2.061368,-5.1411223,0
1444,27,40,0,-2.1131978,-5.774323,0
1445,27,41,0,-2.0755568,-6.3928857,0
1446,27,42,0,-1.7645404,-6.7993426,0
1447,27,43,0,-0.94303995,-7.1263695,0
1448,27,44,0,0.15077147,-7.4870367,0
1449,27,45,0,1.1959591,-7.8061595,0
1450,27,46,0,2.2089005,-7.844548,0
1451,27,47,0,2.9237835,-7.3086195,0
1452,27,48,0,3.359023,-6.699363,0
1453,27,49,0,3.7664168,-6.457642,0
1454,27,50,0,4.178711,-5.9832945,0
1455,27,51,0,4.62181,-4.9821815,0
1456,28,0,0,4.691475,0.8612704,0
1457,28,1,0,4.3591156,1.2419276,0
1458,28,2,0,3.969324,1.7146348,0
1459,28,3,0,3.7133608,1.9068239,0
1460,28,4,0,3.6274662,1.7440412,0
1461,28,5,0,3.6784923,1.5000455,0
1462,28,6,0,3.840487,1.2095408,0
1463,28,7,0,3.7078786,1.0601307,0
1464,28,8,0,3.380403,0.850654,0
1465,28,9,0,3.1372507,0.2820484,0
1466,28,10,0,2.9967024,-0.17654973,0
1467,28,11,0,3.0604935,-0.2648396,0
1468,28,12,0,2.959638,-0.16320816,0
1469,28,13,0,2.5695944,-0.21204513,0
1470,28,14,0,2.3208945,-0.29374582,0
1471,28,15,0,2.412906,-0.5225671,0
1472,28,16,0,2.492854,-1.0763915,0
1473,28,17,0,2.3513987,-1.2179884,0
1474,28,18,0,1.8932412,-1.2235278,0
1475,28,19,0,1.2551801,-1.3207443,0
1476,28,20,0,0.58625746,-1.1841292,0
1477,28,21,0,-0.10172058,-1.0604345,0
1478,28,22,0,-0.50546414,-1.1865559,0
1479,28,23,0,-0.5621018,-1.4796389,0
1480,28,24,0,-0.6018675,-1.9788961,0
1481,28,25,0,-0.8660919,-2.6663857,0
1482,28,26,0,-1.1564473,-2.902862,0
1483,28,27,0,-1.5362236,-2.7331939,0
1484,28,28,0,-2.052862,-2.697293,0
1485,28,29,0,-2.2669435,-2.8414407,0
1486,28,30,0,-2.126076,-2.9073875,0
1487,28,31,0,-2.0565898,-2.9172041,0
1488,28,32,0,-2.1271524,-2.9045882,0
1489,28,33,0,-2.1464386,-2.898605,0
1490,28,34,0,-2.142194,-3.1199737,0
1491,28,35,0,-2.052927,-3.5457053,0
1492,28,36,0,-1.5955594,-3.970057,0
1493,28,37,0,-1.0503968,-4.2699723,0
1494,28,38,0,-0.9142022,-4.4969006,0
1495,28,39,0,-1.0454532,-4.760933,0
1496,28,40,0,-1.0879364,-5.1597795,0
1497,28,41,0,-0.9547554,-5.5667734,0
1498,28,42,0,-0.68409187,-5.8784432,0
1499,28,43,0,-0.33588496,-6.129255,0
1500,28,44,0,0.22491342,-6.352475,0
1501,28,45,0,1.0498258,-6.540613,0
1502,28,46,0,1.9478766,-6.6260943,0
1503,28,47,0,2.5703745,-6.3442316,0
1504,28,48,0,2.803198,-5.8811245,0
1505,28,49,0,3.1324322,-5.453051,0
1506,28,50,0,3.7206104,-4.8197026,0
1507,28,51,0,4.235959,-4.023999,0
1508,29,0,0,4.48998,1.2755476,0
1509,29,1,0,4.2401795,1.5829722,0
1510,29,2,0,3.8680708,2.0824425,0
1511,29,3,0,3.5719717,2.325606,0
1512,29,4,0,3.5599773,2.132967,0
1513,29,5,0,3.7449985,1.8333647,0
1514,29,6,0,3.8554907,1.3844322,0
1515,29,7,0,3.6842663,1.0161731,0
1516,29,8,0,3.4281409,0.7075675,0
1517,29,9,0,3.2378895,0.07519572,0
1518,29,10,0,3.0865438,-0.28408125,0
1519,29,11,0,3.0736468,-0.17720349,0
1520,29,12,0,2.9606094,-0.07763709,0
1521,29,13,0,2.7183323,-0.18794914,0
1522,29,14,0,2.6369467,-0.10886682,0
1523,29,15,0,2.6503882,-0.20206505,0
1524,29,16,0,2.5672102,-0.7951395,0
1525,29,17,0,2.4096365,-1.0891947,0
1526,29,18,0,2.0021117,-1.2122505,0
1527,29,19,0,1.4458318,-1.4014711,0
1528,29,20,0,0.8821738,-1.4312869,0
1529,29,21,0,0.21236075,-1.2442348,0
1530,29,22,0,-0.34624973,-1.0693197,0
1531,29,23,0,-0.6707544,-1.1676104,0
1532,29,24,0,-0.7500246,-1.629504,0
1533,29,25,0,-0.6989007,-2.3615382,0
1534,29,26,0,-0.6951507,-2.7947583,0
1535,29,27,0,-0.9101954,-2.7672338,0
1536,29,28,0,-1.3546351,-2.6878853,0
1537,29,29,0,-1.6912342,-2.7497866,0
1538,29,30,0,-1.7728559,-2.8474977,0
1539,29,31,0,-1.735885,-2.9739485,0
1540,29,32,0,-1.8219293,-3.0111265,0
1541,29,33,0,-1.9783771,-2.9366233,0
1542,29,34,0,-2.0293286,-2.9967675,0
1543,29,35,0,-1.9849762,-3.2144294,0
1544,29,36,0,-1.759041,-3.5188606,0
1545,29,37,0,-1.2112428,-3.8580728,0
1546,29,38,0,-0.4957364,-4.112403,0
1547,29,39,0,-0.08436012,-4.2895074,0
1548,29,40,0,-0.021102529,-4.492447,0
1549,29,41,0,0.046412807,-4.696832,0
1550,29,42,0,0.31567612,-4.909233,0
1551,29,43,0,0.66737735,-5.145323,0
1552,29,44,0,0.93888044,-5.308697,0
1553,29,45,0,1.2091398,-5.416918,0
1554,29,46,0,1.6386366,-5.4967012,0
1555,29,47,0,2.1181087,-5.4242954,0
1556,29,48,0,2.3919275,-5.1484585,0
1557,29,49,0,2.6216893,-4.6946793,0
1558,29,50,0,2.9555774,-4.165212,0
1559,29,51,0,3.183821,-3.6767054,0
1560,30,0,0,4.412397,1.8343867,0
1561,30,1,0,4.2656345,2.071687,0
1562,30,2,0,4.024995,2.4317803,0
1563,30,3,0,3.7504172,2.6472425,0
1564,30,4,0,3.7549436,2.415076,0
1565,30,5,0,3.91846,1.9418211,0
1566,30,6,0,3.8725758,1.4170597,0
1567,30,7,0,3.7293572,1.0518955,0
1568,30,8,0,3.596968,0.67510253,0
1569,30,9,0,3.4199593,-0.045434672,0
1570,30,10,0,3.2974002,-0.34351414,0
1571,30,11,0,3.219324,-0.13073176,0
1572,30,12,0,3.049998,-0.06621162,0
1573,30,13,0,2.8484972,-0.08342341,0
1574,30,14,0,2.7541437,0.12410248,0
1575,30,15,0,2.7315803,-0.036881536,0
1576,30,16,0,2.6027243,-0.6326362,0
1577,30,17,0,2.4166896,-0.92301977,0
1578,30,18,0,2.0710115,-1.083078,0
1579,30,19,0,1.5632482,-1.341955,0
1580,30,20,0,1.1238651,-1.4823393,0
1581,30,21,0,0.58655894,-1.359992,0
1582,30,22,0,0.025676545,-1.1103944,0
1583,30,23,0,-0.45377535,-1.0496181,0
1584,30,24,0,-0.75246716,-1.280011,0
1585,30,25,0,-0.7929866,-1.7988333,0
1586,30,26,0,-0.7934566,-2.3331988,0
1587,30,27,0,-0.89713556,-2.4844823,0
1588,30,28,0,-1.1451694,-2.5101929,0
1589,30,29,0,-1.3789923,-2.6256258,0
1590,30,30,0,-1.5953766,-2.750008,0
1591,30,31,0,-1.7169437,-2.925405,0
1592,30,32,0,-1.7533555,-3.0079892,0
1593,30,33,0,-1.8143915,-2.9896436,0
1594,30,34,0,-1.839569,-2.9599977,0
1595,30,35,0,-1.8010936,-2.943069,0
1596,30,36,0,-1.641608,-3.0781453,0
1597,30,37,0,-1.345031,-3.3228066,0
1598,30,38,0,-0.75339144,-3.5373852,0
1599,30,39,0,0.08217248,-3.7244892,0
1600,30,40,0,0.7138733,-3.86496,0
1601,30,41,0,0.9437017,-3.899567,0
1602,30,42,0,1.0869856,-3.9408312,0
1603,30,43,0,1.3515438,-4.109662,0
1604,30,44,0,1.5550811,-4.2993093,0
1605,30,45,0,1.6077694,-4.4416347,0
1606,30,46,0,1.7121632,-4.483626,0
1607,30,47,0,2.034509,-4.4313703,0
1608,30,48,0,2.4416425,-4.3051844,0
1609,30,49,0,2.7103202,-3.9392674,0
1610,30,50,0,2.7882202,-3.4743352,0
1611,30,51,0,2.7985735,-3.0980442,0
1612,31,0,0,4.495558,2.2909133,0
1613,31,1,0,4.363958,2.4098642,0
1614,31,2,0,4.2402725,2.7107553,0
1615,31,3,0,4.1331162,2.8123012,0
1616,31,4,0,4.16722,2.3043993,0
1617,31,5,0,4.097686,1.6843927,0
1618,31,6,0,3.7798626,1.3394858,0
1619,31,7,0,3.6190982,1.154506,0
1620,31,8,0,3.5583723,0.6892449,0
1621,31,9,0,3.428915,-0.10731968,0
1622,31,10,0,3.395946,-0.3157603,0
1623,31,11,0,3.3226972,-0.033767607,0
1624,31,12,0,3.1663492,0.051906023,0
1625,31,13,0,3.0455642,0.12229557,0
1626,31,14,0,2.9416208,0.32256317,0
1627,31,15,0,2.8501182,0.0661737,0
1628,31,16,0,2.6700685,-0.48302612,0
1629,31,17,0,2.410586,-0.7146639,0
1630,31,18,0,2.0478194,-0.8710327,0
1631,31,19,0,1.6359792,-1.069871,0
1632,31,20,0,1.3697556,-1.2264711,0
1633,31,21,0,0.95825243,-1.2589788,0
1634,31,22,0,0.41155154,-1.1926268,0
1635,31,23,0,-0.0075279693,-1.170275,0
1636,31,24,0,-0.29555026,-1.2147576,0
1637,31,25,0,-0.5901784,-1.4806867,0
1638,31,26,0,-0.9838338,-1.8634195,0
1639,31,27,0,-1.3104798,-1.9982142,0
1640,31,28,0,-1.4508212,-2.1074617,0
1641,31,29,0,-1.5935723,-2.3394263,0
1642,31,30,0,-1.8617799,-2.536487,0
1643,31,31,0,-1.9968833,-2.7168295,0
1644,31,32,0,-1.9315432,-2.7615633,0
1645,31,33,0,-1.8001533,-2.7500207,0
1646,31,34,0,-1.6293255,-2.7683554,0
1647,31,35,0,-1.4806222,-2.7258573,0
1648,31,36,0,-1.3024447,-2.7146058,0
1649,31,37,0,-1.0705022,-2.850323,0
1650,31,38,0,-0.8463106,-3.0423813,0
1651,31,39,0,-0.39250064,-3.2199295,0
1652,31,40,0,0.40215042,-3.3610847,0
1653,31,41,0,1.223854,-3.3000765,0
1654,31,42,0,1.7196048,-3.166933,0
1655,31,43,0,1.9128139,-3.1968527,0
1656,31,44,0,2.0278845,-3.2854323,0
1657,31,45,0,2.1494524,-3.3852823,0
1658,31,46,0,2.2815018,-3.3821294,0
1659,31,47,0,2.4873183,-3.2414343,0
1660,31,48,0,2.8218975,-3.1730955,0
1661,31,49,0,3.0851214,-3.0508533,0
1662,31,50,0,3.1616328,-2.7241158,0
1663,31,51,0,3.2195156,-2.325467,0
1664,32,0,0,4.7420588,2.2979796,0
1665,32,1,0,4.6474967,2.3649976,0
1666,32,2,0,4.5113235,2.7417874,0
1667,32,3,0,4.4553843,2.5619001,0
1668,32,4,0,4.4516525,1.7116842,0
1669,32,5,0,4.141531,1.2113682,0
1670,32,6,0,3.6589313,1.1604857,0
1671,32,7,0,3.418392,1.1104959,0
1672,32,8,0,3.326652,0.6592932,0
1673,32,9,0,3.3361208,-0.0343609,0
1674,32,10,0,3.4744067,-0.17577203,0
1675,32,11,0,3.4630861,0.11671511,0
1676,32,12,0,3.3491895,0.26951718,0
1677,32,13,0,3.2676406,0.365717,0
1678,32,14,0,3.131788,0.4194287,0
1679,32,15,0,2.9723024,0.11270371,0
1680,32,16,0,2.7903423,-0.30845362,0
1681,32,17,0,2.515936,-0.51686573,0
1682,32,18,0,2.1592371,-0.6339132,0
1683,32,19,0,1.7803764,-0.66957814,0
1684,32,20,0,1.5533725,-0.79290116,0
1685,32,21,0,1.2379103,-0.98569417,0
1686,32,22,0,0.7151277,-1.2230809,0
1687,32,23,0,0.3721272,-1.357776,0
1688,32,24,0,0.29047063,-1.3497891,0
1689,32,25,0,0.09219416,-1.5085961,0
1690,32,26,0,-0.49741593,-1.7177213,0
1691,32,27,0,-1.2585734,-1.7643449,0
1692,32,28,0,-1.6451043,-1.8343823,0
1693,32,29,0,-1.8150989,-2.0142918,0
1694,32,30,0,-2.0745528,-2.1667645,0
1695,32,31,0,-2.154469,-2.311247,0
1696,32,32,0,-2.0356328,-2.3560693,0
1697,32,33,0,-1.8414054,-2.3690732,0
1698,32,34,0,-1.6306716,-2.3844078,0
1699,32,35,0,-1.3706397,-2.354278,0
1700,32,36,0,-1.1089666,-2.3790765,0
1701,32,37,0,-0.8627685,-2.493096,0
1702,32,38,0,-0.614226,-2.677774,0
1703,32,39,0,-0.41640112,-2.8541331,0
1704,32,40,0,-0.08133084,-2.9393945,0
1705,32,41,0,0.59600633,-2.8987584,0
1706,32,42,0,1.3678924,-2.8463647,0
1707,32,43,0,1.9720278,-2.815446,0
1708,32,44,0,2.262089,-2.712593,0
1709,32,45,0,2.389201,-2.6208115,0
1710,32,46,0,2.6475048,-2.5230675,0
1711,32,47,0,2.9475286,-2.344004,0
1712,32,48,0,3.2284307,-2.2485313,0
1713,32,49,0,3.5582552,-2.230028,0
1714,32,50,0,3.7714617,-2.064308,0
1715,32,51,0,3.7202332,-1.748141,0
1716,33,0,0,4.954076,2.0826094,0
1717,33,1,0,4.8595285,2.075734,0
1718,33,2,0,4.577841,2.3366926,0
1719,33,3,0,4.475036,1.9317842,0
1720,33,4,0,4.4432855,1.0631266,0
1721,33,5,0,4.0482955,0.8493985,0
1722,33,6,0,3.5957112,0.93835765,0
1723,33,7,0,3.3029504,0.86682695,0
1724,33,8,0,3.1408305,0.6366044,0
1725,33,9,0,3.2704685,0.24922967,0
1726,33,10,0,3.5232472,0.09429323,0
1727,33,11,0,3.5476959,0.28438112,0
1728,33,12,0,3.4203513,0.43403614,0
1729,33,13,0,3.274394,0.4976176,0
1730,33,14,0,3.1238484,0.44407526,0
1731,33,15,0,3.0054913,0.1754662,0
1732,33,16,0,2.8761437,-0.10353432,0
1733,33,17,0,2.6551843,-0.2769032,0
1734,33,18,0,2.3195004,-0.40301886,0
1735,33,19,0,1.8789637,-0.37439048,0
1736,33,20,0,1.6015612,-0.39327753,0
1737,33,21,0,1.3422586,-0.7073858,0
1738,33,22,0,0.8677002,-1.2485781,0
1739,33,23,0,0.56474495,-1.5277406,0
1740,33,24,0,0.650777,-1.4675268,0
1741,33,25,0,0.83354807,-1.501974,0
1742,33,26,0,0.5080518,-1.6138668,0
1743,33,27,0,-0.59356356,-1.743776,0
1744,33,28,0,-1.584802,-1.8293611,0
1745,33,29,0,-1.8380774,-1.8170501,0
1746,33,30,0,-2.0148482,-1.7971554,0
1747,33,31,0,-2.2339797,-1.8224968,0
1748,33,32,0,-2.2371006,-1.843442,0
1749,33,33,0,-2.0616033,-1.9338403,0
1750,33,34,0,-1.8017039,-2.0120714,0
1751,33,35,0,-1.5163268,-1.9907594,0
1752,33,36,0,-1.1630262,-2.0296452,0
1753,33,37,0,-0.8475326,-2.1631851,0
1754,33,38,0,-0.58220243,-2.3208933,0
1755,33,39,0,-0.29210424,-2.4887075,0
1756,33,40,0,-0.07885535,-2.6377423,0
1757,33,41,0,0.037256673,-2.7030199,0
1758,33,42,0,0.33372536,-2.735926,0
1759,33,43,0,0.9788807,-2.8415935,0
1760,33,44,0,1.5810256,-2.842808,0
1761,33,45,0,1.9510444,-2.5748305,0
1762,33,46,0,2.3210523,-2.17824,0
1763,33,47,0,2.570828,-2.0898893,0
1764,33,48,0,2.6009157,-2.052949,0
1765,33,49,0,2.8532078,-1.8953099,0
1766,33,50,0,3.2602742,-2.0826955,0
1767,33,51,0,3.2718883,-2.1384466,0
1768,34,0,0,4.733689,1.6610862,0
1769,34,1,0,4.7072334,1.5991484,0
1770,34,2,0,4.440432,1.5950841,0
1771,34,3,0,4.258238,1.1983224,0
1772,34,4,0,4.166461,0.5981977,0
1773,34,5,0,3.8217113,0.61753875,0
1774,34,6,0,3.391148,0.68536204,0
1775,34,7,0,3.1322317,0.5823455,0
1776,34,8,0,3.0741975,0.61945254,0
1777,34,9,0,3.277599,0.57414895,0
1778,34,10,0,3.4723747,0.43831772,0
1779,34,11,0,3.448454,0.40285656,0
1780,34,12,0,3.2368083,0.44759396,0
1781,34,13,0,2.9577246,0.5441457,0
1782,34,14,0,2.8231707,0.5313807,0
1783,34,15,0,2.802516,0.31329855,0
1784,34,16,0,2.7677674,0.13381277,0
1785,34,17,0,2.6358523,0.011329344,0
1786,34,18,0,2.3371615,-0.1904753,0
1787,34,19,0,1.9181172,-0.19718808,0
1788,34,20,0,1.5942,-0.1310722,0
1789,34,21,0,1.340423,-0.40795058,0
1790,34,22,0,0.93520826,-0.95899135,0
1791,34,23,0,0.65749,-1.329284,0
1792,34,24,0,0.7614622,-1.3805312,0
1793,34,25,0,1.1219934,-1.3319006,0
1794,34,26,0,1.2065108,-1.1885095,0
1795,34,27,0,0.33862463,-1.048156,0
1796,34,28,0,-0.85471886,-1.1919694,0
1797,34,29,0,-1.2338245,-1.5393729,0
1798,34,30,0,-1.5685524,-1.722748,0
1799,34,31,0,-2.1134255,-1.5515318,0
1800,34,32,0,-2.300931,-1.3236012,0
1801,34,33,0,-2.246147,-1.3154964,0
1802,34,34,0,-1.9729208,-1.5240544,0
1803,34,35,0,-1.7144351,-1.7645509,0
1804,34,36,0,-1.3908652,-1.7950566,0
1805,34,37,0,-0.9015609,-1.8849465,0
1806,34,38,0,-0.602051,-2.0727277,0
1807,34,39,0,-0.43176946,-2.1344512,0
1808,34,40,0,-0.15853511,-2.2912216,0
1809,34,41,0,0.03913747,-2.4916484,0
1810,34,42,0,0.11785001,-2.5476053,0
1811,34,43,0,0.33342075,-2.640223,0
1812,34,44,0,0.78400147,-2.7346375,0
1813,34,45,0,1.2620904,-2.5697038,0
1814,34,46,0,1.5699463,-2.2720873,0
1815,34,47,0,1.6708272,-2.3623066,0
1816,34,48,0,1.6542104,-2.478332,0
1817,34,49,0,1.689146,-2.2767403,0
1818,34,50,0,1.9631087,-2.4447396,0
1819,34,51,0,2.3689547,-2.7154946,0
1820,35,0,0,3.4327047,0.8586062,0
1821,35,1,0,4.0287046,0.8556716,0
1822,35,2,0,3.9402606,0.7787799,0
1823,35,3,0,3.7640176,0.5010761,0
1824,35,4,0,3.6512952,0.22315292,0
1825,35,5,0,3.3301013,0.3474291,0
1826,35,6,0,2.960918,0.2888236,0
1827,35,7,0,2.8135793,0.26174557,0
1828,35,8,0,2.9738538,0.48950803,0
1829,35,9,0,3.186393,0.69056207,0
1830,35,10,0,3.2035072,0.67309844,0
1831,35,11,0,3.1254056,0.43988538,0
1832,35,12,0,2.8932354,0.37333453,0
1833,35,13,0,2.5619295,0.5710187,0
1834,35,14,0,2.4140058,0.6627331,0
1835,35,15,0,2.4481547,0.49669886,0
1836,35,16,0,2.5036576,0.39163795,0
1837,35,17,0,2.4490473,0.29263106,0
1838,35,18,0,2.2176888,0.050997477,0
1839,35,19,0,1.8966517,-0.032705903,0
1840,35,20,0,1.5141933,-0.037581444,0
1841,35,21,0,1.2041429,-0.10041719,0
1842,35,22,0,0.93669075,-0.308705,0
1843,35,23,0,0.7449864,-0.6838479,0
1844,35,24,0,0.7875795,-1.0199748,0
1845,35,25,0,0.98452187,-1.1507376,0
1846,35,26,0,1.160569,-0.85199785,0
1847,35,27,0,0.9134894,-0.3337451,0
1848,35,28,0,0.3499723,-0.32095435,0
1849,35,29,0,0.10284688,-0.8356245,0
1850,35,30,0,-0.6521153,-1.2142555,0
1851,35,31,0,-1.749742,-1.052141,0
1852,35,32,0,-2.0589437,-0.7555769,0
1853,35,33,0,-2.0055492,-0.65876526,0
1854,35,34,0,-1.8828739,-0.9268694,0
1855,35,35,0,-1.6975943,-1.4410272,0
1856,35,36,0,-1.5289944,-1.6055017,0
1857,35,37,0,-1.1755639,-1.7122374,0
1858,35,38,0,-0.6869954,-1.9250312,0
1859,35,39,0,-0.4042245,-1.9209698,0
1860,35,40,0,-0.24163142,-1.8942266,0
1861,35,41,0,0.033989746,-2.0178146,0
1862,35,42,0,0.37406453,-2.1292188,0
1863,35,43,0,0.6597375,-2.1567347,0
1864,35,44,0,0.91201687,-2.2190719,0
1865,35,45,0,1.1356567,-2.231022,0
1866,35,46,0,1.2819607,-2.2354922,0
1867,35,47,0,1.3904092,-2.3804338,0
1868,35,48,0,1.5411768,-2.5398848,0
1869,35,49,0,1.6283654,-2.4655309,0
1870,35,50,0,1.7485312,-2.3100758,0
1871,35,51,0,2.069611,-2.425437,0
1872,36,0,0,1.7247486,0.21476513,0
1873,36,1,0,2.7411656,0.27396607,0
1874,36,2,0,3.206968,0.03699564,0
1875,36,3,0,3.270073,-0.3823138,0
1876,36,4,0,2.9245808,-0.35255572,0
1877,36,5,0,2.4526613,-0.06452851,0
1878,36,6,0,2.3567958,-0.08259804,0
1879,36,7,0,2.4010625,0.0056898305,0
1880,36,8,0,2.632206,0.23136976,0
1881,36,9,0,2.6993616,0.53207445,0
1882,36,10,0,2.5739002,0.6389571,0
1883,36,11,0,2.5136032,0.39717194,0
1884,36,12,0,2.4114442,0.34948343,0
1885,36,13,0,2.213843,0.5599842,0
1886,36,14,0,2.01553,0.70796365,0
1887,36,15,0,1.9835808,0.7000351,0
1888,36,16,0,2.0696526,0.66697913,0
1889,36,17,0,2.0443263,0.56673664,0
1890,36,18,0,1.8683277,0.32302842,0
1891,36,19,0,1.6864018,0.10288169,0
1892,36,20,0,1.4146676,-0.041057564,0
1893,36,21,0,1.0822617,-0.021648357,0
1894,36,22,0,0.81904775,-0.035676435,0
1895,36,23,0,0.71763146,-0.26823553,0
1896,36,24,0,0.7692138,-0.62177074,0
1897,36,25,0,0.7594726,-0.9183952,0
1898,36,26,0,0.7426673,-0.74651664,0
1899,36,27,0,0.76513976,-0.20202175,0
1900,36,28,0,0.77651346,0.14340724,0
1901,36,29,0,0.8763888,0.03115785,0
1902,36,30,0,0.18623638,-0.33118302,0
1903,36,31,0,-1.235511,-0.24382056,0
1904,36,32,0,-1.7303315,-0.021995671,0
1905,36,33,0,-1.5596613,-0.096204355,0
1906,36,34,0,-1.5426332,-0.41281304,0
1907,36,35,0,-1.4220423,-0.9989131,0
1908,36,36,0,-1.342045,-1.3916374,0
1909,36,37,0,-1.2831757,-1.5699115,0
1910,36,38,0,-0.86770636,-1.7148857,0
1911,36,39,0,-0.328256,-1.7782775,0
1912,36,40,0,-0.018597558,-1.6781086,0
1913,36,41,0,0.14755708,-1.5504559,0
1914,36,42,0,0.346498,-1.5701498,0
1915,36,43,0,0.6020619,-1.7173803,0
1916,36,44,0,0.8704774,-1.9174596,0
1917,36,45,0,1.1171885,-1.9615737,0
1918,36,46,0,1.3336488,-1.9818047,0
1919,36,47,0,1.4437889,-2.1342363,0
1920,36,48,0,1.4989003,-2.2593799,0
1921,36,49,0,1.6471006,-2.2031689,0
1922,36,50,0,1.8136863,-2.0118067,0
1923,36,51,0,1.9230267,-2.0547938,0
