0,0,0,0,9.6,-9.6,0
1,0,1,0,8.6,-9.6,0
2,0,2,0,7.6,-9.6,0
3,0,3,0,6.6,-9.6,0
4,0,4,0,5.6,-9.6,0
5,0,5,0,4.6,-9.6,0
6,0,6,0,3.5999999999999996,-9.6,0
7,0,7,0,2.5999999999999996,-9.6,0
8,0,8,0,1.5999999999999996,-9.6,0
9,0,9,0,0.5999999999999996,-9.6,0
10,0,10,0,-0.40000000000000036,-9.6,0
11,0,11,0,-1.4000000000000004,-9.6,0
12,0,12,0,-2.4000000000000004,-9.6,0
13,0,13,0,-3.4000000000000004,-9.6,0
14,0,14,0,-4.4,-9.6,0
15,0,15,0,-5.4,-9.6,0
16,0,16,0,-6.4,-9.6,0
17,0,17,0,-7.4,-9.6,0
18,0,18,0,-8.4,-9.6,0
19,0,19,0,-9.4,-9.6,0
20,0,20,0,-9.399999999999999,9.4,0
21,0,21,0,-8.399999999999999,9.4,0
22,0,22,0,-7.399999999999999,9.4,0
23,0,23,0,-6.399999999999999,9.4,0
24,0,24,0,-5.399999999999999,9.4,0
25,0,25,0,-4.399999999999999,9.4,0
26,0,26,0,-3.3999999999999986,9.4,0
27,0,27,0,-2.3999999999999986,9.4,0
28,0,28,0,-1.3999999999999986,9.4,0
29,0,29,0,-0.3999999999999986,9.4,0
30,0,30,0,0.6000000000000014,9.4,0
31,0,31,0,1.6000000000000014,9.4,0
32,0,32,0,2.6000000000000014,9.4,0
33,0,33,0,3.6000000000000014,9.4,0
34,0,34,0,4.600000000000001,9.4,0
35,0,35,0,5.600000000000001,9.4,0
36,0,36,0,6.600000000000001,9.4,0
37,0,37,0,7.600000000000001,9.4,0
38,0,38,0,8.600000000000001,9.4,0
39,0,39,0,9.600000000000001,9.4,0
40,1,0,0,9.6,-8.6,0
41,1,1,0,8.6,-8.6,0
42,1,2,0,7.6,-8.6,0
43,1,3,0,6.6,-8.6,0
44,1,4,0,5.6,-8.6,0
45,1,5,0,4.6,-8.6,0
46,1,6,0,3.5999999999999996,-8.6,0
47,1,7,0,2.5999999999999996,-8.6,0
48,1,8,0,1.5999999999999996,-8.6,0
49,1,9,0,0.5999999999999996,-8.6,0
50,1,10,0,-0.40000000000000036,-8.6,0
51,1,11,0,-1.4000000000000004,-8.6,0
52,1,12,0,-2.4000000000000004,-8.6,0
53,1,13,0,-3.4000000000000004,-8.6,0
54,1,14,0,-4.4,-8.6,0
55,1,15,0,-5.4,-8.6,0
56,1,16,0,-6.4,-8.6,0
57,1,17,0,-7.4,-8.6,0
58,1,18,0,-8.4,-8.6,0
59,1,19,0,-9.4,-8.6,0
60,1,20,0,-9.399999999999999,8.4,0
61,1,21,0,-8.399999999999999,8.4,0
62,1,22,0,-7.399999999999999,8.4,0
63,1,23,0,-6.399999999999999,8.4,0
64,1,24,0,-5.399999999999999,8.4,0
65,1,25,0,-4.399999999999999,8.4,0
66,1,26,0,-3.3999999999999986,8.4,0
67,1,27,0,-2.3999999999999986,8.4,0
68,1,28,0,-1.3999999999999986,8.4,0
69,1,29,0,-0.3999999999999986,8.4,0
70,1,30,0,0.6000000000000014,8.4,0
71,1,31,0,1.6000000000000014,8.4,0
72,1,32,0,2.6000000000000014,8.4,0
73,1,33,0,3.6000000000000014,8.4,0
74,1,34,0,4.600000000000001,8.4,0
75,1,35,0,5.600000000000001,8.4,0
76,1,36,0,6.600000000000001,8.4,0
77,1,37,0,7.600000000000001,8.4,0
78,1,38,0,8.600000000000001,8.4,0
79,1,39,0,9.600000000000001,8.4,0
80,2,0,0,9.6,-7.6,0
81,2,1,0,8.6,-7.6,0
82,2,2,0,7.6,-7.6,0
83,2,3,0,6.6,-7.6,0
84,2,4,0,5.6,-7.6,0
85,2,5,0,4.6,-7.6,0
86,2,6,0,3.5999999999999996,-7.6,0
87,2,7,0,2.5999999999999996,-7.6,0
88,2,8,0,1.5999999999999996,-7.6,0
89,2,9,0,0.5999999999999996,-7.6,0
90,2,10,0,-0.40000000000000036,-7.6,0
91,2,11,0,-1.4000000000000004,-7.6,0
92,2,12,0,-2.4000000000000004,-7.6,0
93,2,13,0,-3.4000000000000004,-7.6,0
94,2,14,0,-4.4,-7.6,0
95,2,15,0,-5.4,-7.6,0
96,2,16,0,-6.4,-7.6,0
97,2,17,0,-7.4,-7.6,0
98,2,18,0,-8.4,-7.6,0
99,2,19,0,-9.4,-7.6,0
100,2,20,0,-9.399999999999999,7.4,0
101,2,21,0,-8.399999999999999,7.4,0
102,2,22,0,-7.399999999999999,7.4,0
103,2,23,0,-6.399999999999999,7.4,0
104,2,24,0,-5.399999999999999,7.4,0
105,2,25,0,-4.399999999999999,7.4,0
106,2,26,0,-3.3999999999999986,7.4,0
107,2,27,0,-2.3999999999999986,7.4,0
108,2,28,0,-1.3999999999999986,7.4,0
109,2,29,0,-0.3999999999999986,7.4,0
110,2,30,0,0.6000000000000014,7.4,0
111,2,31,0,1.6000000000000014,7.4,0
112,2,32,0,2.6000000000000014,7.4,0
113,2,33,0,3.6000000000000014,7.4,0
114,2,34,0,4.600000000000001,7.4,0
115,2,35,0,5.600000000000001,7.4,0
116,2,36,0,6.600000000000001,7.4,0
117,2,37,0,7.600000000000001,7.4,0
118,2,38,0,8.600000000000001,7.4,0
119,2,39,0,9.600000000000001,7.4,0
120,3,0,0,9.6,-6.6,0
121,3,1,0,8.6,-6.6,0
122,3,2,0,7.6,-6.6,0
123,3,3,0,6.6,-6.6,0
124,3,4,0,5.6,-6.6,0
125,3,5,0,4.6,-6.6,0
126,3,6,0,3.5999999999999996,-6.6,0
127,3,7,0,2.5999999999999996,-6.6,0
128,3,8,0,1.5999999999999996,-6.6,0
129,3,9,0,0.5999999999999996,-6.6,0
130,3,10,0,-0.40000000000000036,-6.6,0
131,3,11,0,-1.4000000000000004,-6.6,0
132,3,12,0,-2.4000000000000004,-6.6,0
133,3,13,0,-3.4000000000000004,-6.6,0
134,3,14,0,-4.4,-6.6,0
135,3,15,0,-5.4,-6.6,0
136,3,16,0,-6.4,-6.6,0
137,3,17,0,-7.4,-6.6,0
138,3,18,0,-8.4,-6.6,0
139,3,19,0,-9.4,-6.6,0
140,3,20,0,-9.399999999999999,6.4,0
141,3,21,0,-8.399999999999999,6.4,0
142,3,22,0,-7.399999999999999,6.4,0
143,3,23,0,-6.399999999999999,6.4,0
144,3,24,0,-5.399999999999999,6.4,0
145,3,25,0,-4.399999999999999,6.4,0
146,3,26,0,-3.3999999999999986,6.4,0
147,3,27,0,-2.3999999999999986,6.4,0
148,3,28,0,-1.3999999999999986,6.4,0
149,3,29,0,-0.3999999999999986,6.4,0
150,3,30,0,0.6000000000000014,6.4,0
151,3,31,0,1.6000000000000014,6.4,0
152,3,32,0,2.6000000000000014,6.4,0
153,3,33,0,3.6000000000000014,6.4,0
154,3,34,0,4.600000000000001,6.4,0
155,3,35,0,5.600000000000001,6.4,0
156,3,36,0,6.600000000000001,6.4,0
157,3,37,0,7.600000000000001,6.4,0
158,3,38,0,8.600000000000001,6.4,0
159,3,39,0,9.600000000000001,6.4,0
160,4,0,0,9.6,-5.6,0
161,4,1,0,8.6,-5.6,0
162,4,2,0,7.6,-5.6,0
163,4,3,0,6.6,-5.6,0
164,4,4,0,5.6,-5.6,0
165,4,5,0,4.6,-5.6,0
166,4,6,0,3.5999999999999996,-5.6,0
167,4,7,0,2.5999999999999996,-5.6,0
168,4,8,0,1.5999999999999996,-5.6,0
169,4,9,0,0.5999999999999996,-5.6,0
170,4,10,0,-0.40000000000000036,-5.6,0
171,4,11,0,-1.4000000000000004,-5.6,0
172,4,12,0,-2.4000000000000004,-5.6,0
173,4,13,0,-3.4000000000000004,-5.6,0
174,4,14,0,-4.4,-5.6,0
175,4,15,0,-5.4,-5.6,0
176,4,16,0,-6.4,-5.6,0
177,4,17,0,-7.4,-5.6,0
178,4,18,0,-8.4,-5.6,0
179,4,19,0,-9.4,-5.6,0
180,4,20,0,-9.399999999999999,5.4,0
181,4,21,0,-8.399999999999999,5.4,0
182,4,22,0,-7.399999999999999,5.4,0
183,4,23,0,-6.399999999999999,5.4,0
184,4,24,0,-5.399999999999999,5.4,0
185,4,25,0,-4.399999999999999,5.4,0
186,4,26,0,-3.3999999999999986,5.4,0
187,4,27,0,-2.3999999999999986,5.4,0
188,4,28,0,-1.3999999999999986,5.4,0
189,4,29,0,-0.3999999999999986,5.4,0
190,4,30,0,0.6000000000000014,5.4,0
191,4,31,0,1.6000000000000014,5.4,0
192,4,32,0,2.6000000000000014,5.4,0
193,4,33,0,3.6000000000000014,5.4,0
194,4,34,0,4.600000000000001,5.4,0
195,4,35,0,5.600000000000001,5.4,0
196,4,36,0,6.600000000000001,5.4,0
197,4,37,0,7.600000000000001,5.4,0
198,4,38,0,8.600000000000001,5.4,0
199,4,39,0,9.600000000000001,5.4,0
200,5,0,0,9.6,-4.6,0
201,5,1,0,8.6,-4.6,0
202,5,2,0,7.6,-4.6,0
203,5,3,0,6.6,-4.6,0
204,5,4,0,5.6,-4.6,0
205,5,5,0,4.6,-4.6,0
206,5,6,0,3.5999999999999996,-4.6,0
207,5,7,0,2.5999999999999996,-4.6,0
208,5,8,0,1.5999999999999996,-4.6,0
209,5,9,0,0.5999999999999996,-4.6,0
210,5,10,0,-0.40000000000000036,-4.6,0
211,5,11,0,-1.4000000000000004,-4.6,0
212,5,12,0,-2.4000000000000004,-4.6,0
213,5,13,0,-3.4000000000000004,-4.6,0
214,5,14,0,-4.4,-4.6,0
215,5,15,0,-5.4,-4.6,0
216,5,16,0,-6.4,-4.6,0
217,5,17,0,-7.4,-4.6,0
218,5,18,0,-8.4,-4.6,0
219,5,19,0,-9.4,-4.6,0
220,5,20,0,-9.399999999999999,4.4,0
221,5,21,0,-8.399999999999999,4.4,0
222,5,22,0,-7.399999999999999,4.4,0
223,5,23,0,-6.399999999999999,4.4,0
224,5,24,0,-5.399999999999999,4.4,0
225,5,25,0,-4.399999999999999,4.4,0
226,5,26,0,-3.3999999999999986,4.4,0
227,5,27,0,-2.3999999999999986,4.4,0
228,5,28,0,-1.3999999999999986,4.4,0
229,5,29,0,-0.3999999999999986,4.4,0
230,5,30,0,0.6000000000000014,4.4,0
231,5,31,0,1.6000000000000014,4.4,0
232,5,32,0,2.6000000000000014,4.4,0
233,5,33,0,3.6000000000000014,4.4,0
234,5,34,0,4.600000000000001,4.4,0
235,5,35,0,5.600000000000001,4.4,0
236,5,36,0,6.600000000000001,4.4,0
237,5,37,0,7.600000000000001,4.4,0
238,5,38,0,8.600000000000001,4.4,0
239,5,39,0,9.600000000000001,4.4,0
240,6,0,0,9.6,-3.5999999999999996,0
241,6,1,0,8.6,-3.5999999999999996,0
242,6,2,0,7.6,-3.5999999999999996,0
243,6,3,0,6.6,-3.5999999999999996,0
244,6,4,0,5.6,-3.5999999999999996,0
245,6,5,0,4.6,-3.5999999999999996,0
246,6,6,0,3.5999999999999996,-3.5999999999999996,0
247,6,7,0,2.5999999999999996,-3.5999999999999996,0
248,6,8,0,1.5999999999999996,-3.5999999999999996,0
249,6,9,0,0.5999999999999996,-3.5999999999999996,0
250,6,10,0,-0.40000000000000036,-3.5999999999999996,0
251,6,11,0,-1.4000000000000004,-3.5999999999999996,0
252,6,12,0,-2.4000000000000004,-3.5999999999999996,0
253,6,13,0,-3.4000000000000004,-3.5999999999999996,0
254,6,14,0,-4.4,-3.5999999999999996,0
255,6,15,0,-5.4,-3.5999999999999996,0
256,6,16,0,-6.4,-3.5999999999999996,0
257,6,17,0,-7.4,-3.5999999999999996,0
258,6,18,0,-8.4,-3.5999999999999996,0
259,6,19,0,-9.4,-3.5999999999999996,0
260,6,20,0,-9.399999999999999,3.4000000000000004,0
261,6,21,0,-8.399999999999999,3.4000000000000004,0
262,6,22,0,-7.399999999999999,3.4000000000000004,0
263,6,23,0,-6.399999999999999,3.4000000000000004,0
264,6,24,0,-5.399999999999999,3.4000000000000004,0
265,6,25,0,-4.399999999999999,3.4000000000000004,0
266,6,26,0,-3.3999999999999986,3.4000000000000004,0
267,6,27,0,-2.3999999999999986,3.4000000000000004,0
268,6,28,0,-1.3999999999999986,3.4000000000000004,0
269,6,29,0,-0.3999999999999986,3.4000000000000004,0
270,6,30,0,0.6000000000000014,3.4000000000000004,0
271,6,31,0,1.6000000000000014,3.4000000000000004,0
272,6,32,0,2.6000000000000014,3.4000000000000004,0
273,6,33,0,3.6000000000000014,3.4000000000000004,0
274,6,34,0,4.600000000000001,3.4000000000000004,0
275,6,35,0,5.600000000000001,3.4000000000000004,0
276,6,36,0,6.600000000000001,3.4000000000000004,0
277,6,37,0,7.600000000000001,3.4000000000000004,0
278,6,38,0,8.600000000000001,3.4000000000000004,0
279,6,39,0,9.600000000000001,3.4000000000000004,0
280,7,0,0,9.6,-2.5999999999999996,0
281,7,1,0,8.6,-2.5999999999999996,0
282,7,2,0,7.6,-2.5999999999999996,0
283,7,3,0,6.6,-2.5999999999999996,0
284,7,4,0,5.6,-2.5999999999999996,0
285,7,5,0,4.6,-2.5999999999999996,0
286,7,6,0,3.5999999999999996,-2.5999999999999996,0
287,7,7,0,2.5999999999999996,-2.5999999999999996,0
288,7,8,0,1.5999999999999996,-2.5999999999999996,0
289,7,9,0,0.5999999999999996,-2.5999999999999996,0
290,7,10,0,-0.40000000000000036,-2.5999999999999996,0
291,7,11,0,-1.4000000000000004,-2.5999999999999996,0
292,7,12,0,-2.4000000000000004,-2.5999999999999996,0
293,7,13,0,-3.4000000000000004,-2.5999999999999996,0
294,7,14,0,-4.4,-2.5999999999999996,0
295,7,15,0,-5.4,-2.5999999999999996,0
296,7,16,0,-6.4,-2.5999999999999996,0
297,7,17,0,-7.4,-2.5999999999999996,0
298,7,18,0,-8.4,-2.5999999999999996,0
299,7,19,0,-9.4,-2.5999999999999996,0
300,7,20,0,-9.399999999999999,2.4000000000000004,0
301,7,21,0,-8.399999999999999,2.4000000000000004,0
302,7,22,0,-7.399999999999999,2.4000000000000004,0
303,7,23,0,-6.399999999999999,2.4000000000000004,0
304,7,24,0,-5.399999999999999,2.4000000000000004,0
305,7,25,0,-4.399999999999999,2.4000000000000004,0
306,7,26,0,-3.3999999999999986,2.4000000000000004,0
307,7,27,0,-2.3999999999999986,2.4000000000000004,0
308,7,28,0,-1.3999999999999986,2.4000000000000004,0
309,7,29,0,-0.3999999999999986,2.4000000000000004,0
310,7,30,0,0.6000000000000014,2.4000000000000004,0
311,7,31,0,1.6000000000000014,2.4000000000000004,0
312,7,32,0,2.6000000000000014,2.4000000000000004,0
313,7,33,0,3.6000000000000014,2.4000000000000004,0
314,7,34,0,4.600000000000001,2.4000000000000004,0
315,7,35,0,5.600000000000001,2.4000000000000004,0
316,7,36,0,6.600000000000001,2.4000000000000004,0
317,7,37,0,7.600000000000001,2.4000000000000004,0
318,7,38,0,8.600000000000001,2.4000000000000004,0
319,7,39,0,9.600000000000001,2.4000000000000004,0
320,8,0,0,9.6,-1.5999999999999996,0
321,8,1,0,8.6,-1.5999999999999996,0
322,8,2,0,7.6,-1.5999999999999996,0
323,8,3,0,6.6,-1.5999999999999996,0
324,8,4,0,5.6,-1.5999999999999996,0
325,8,5,0,4.6,-1.5999999999999996,0
326,8,6,0,3.5999999999999996,-1.5999999999999996,0
327,8,7,0,2.5999999999999996,-1.5999999999999996,0
328,8,8,0,1.5999999999999996,-1.5999999999999996,0
329,8,9,0,0.5999999999999996,-1.5999999999999996,0
330,8,10,0,-0.40000000000000036,-1.5999999999999996,0
331,8,11,0,-1.4000000000000004,-1.5999999999999996,0
332,8,12,0,-2.4000000000000004,-1.5999999999999996,0
333,8,13,0,-3.4000000000000004,-1.5999999999999996,0
334,8,14,0,-4.4,-1.5999999999999996,0
335,8,15,0,-5.4,-1.5999999999999996,0
336,8,16,0,-6.4,-1.5999999999999996,0
337,8,17,0,-7.4,-1.5999999999999996,0
338,8,18,0,-8.4,-1.5999999999999996,0
339,8,19,0,-9.4,-1.5999999999999996,0
340,8,20,0,-9.399999999999999,1.4000000000000004,0
341,8,21,0,-8.399999999999999,1.4000000000000004,0
342,8,22,0,-7.399999999999999,1.4000000000000004,0
343,8,23,0,-6.399999999999999,1.4000000000000004,0
344,8,24,0,-5.399999999999999,1.4000000000000004,0
345,8,25,0,-4.399999999999999,1.4000000000000004,0
346,8,26,0,-3.3999999999999986,1.4000000000000004,0
347,8,27,0,-2.3999999999999986,1.4000000000000004,0
348,8,28,0,-1.3999999999999986,1.4000000000000004,0
349,8,29,0,-0.3999999999999986,1.4000000000000004,0
350,8,30,0,0.6000000000000014,1.4000000000000004,0
351,8,31,0,1.6000000000000014,1.4000000000000004,0
352,8,32,0,2.6000000000000014,1.4000000000000004,0
353,8,33,0,3.6000000000000014,1.4000000000000004,0
354,8,34,0,4.600000000000001,1.4000000000000004,0
355,8,35,0,5.600000000000001,1.4000000000000004,0
356,8,36,0,6.600000000000001,1.4000000000000004,0
357,8,37,0,7.600000000000001,1.4000000000000004,0
358,8,38,0,8.600000000000001,1.4000000000000004,0
359,8,39,0,9.600000000000001,1.4000000000000004,0
360,9,0,0,9.6,-0.5999999999999996,0
361,9,1,0,8.6,-0.5999999999999996,0
362,9,2,0,7.6,-0.5999999999999996,0
363,9,3,0,6.6,-0.5999999999999996,0
364,9,4,0,5.6,-0.5999999999999996,0
365,9,5,0,4.6,-0.5999999999999996,0
366,9,6,0,3.5999999999999996,-0.5999999999999996,0
367,9,7,0,2.5999999999999996,-0.5999999999999996,0
368,9,8,0,1.5999999999999996,-0.5999999999999996,0
369,9,9,0,0.5999999999999996,-0.5999999999999996,0
370,9,10,0,-0.40000000000000036,-0.5999999999999996,0
371,9,11,0,-1.4000000000000004,-0.5999999999999996,0
372,9,12,0,-2.4000000000000004,-0.5999999999999996,0
373,9,13,0,-3.4000000000000004,-0.5999999999999996,0
374,9,14,0,-4.4,-0.5999999999999996,0
375,9,15,0,-5.4,-0.5999999999999996,0
376,9,16,0,-6.4,-0.5999999999999996,0
377,9,17,0,-7.4,-0.5999999999999996,0
378,9,18,0,-8.4,-0.5999999999999996,0
379,9,19,0,-9.4,-0.5999999999999996,0
380,9,20,0,-9.399999999999999,0.40000000000000036,0
381,9,21,0,-8.399999999999999,0.40000000000000036,0
382,9,22,0,-7.399999999999999,0.40000000000000036,0
383,9,23,0,-6.399999999999999,0.40000000000000036,0
384,9,24,0,-5.399999999999999,0.40000000000000036,0
385,9,25,0,-4.399999999999999,0.40000000000000036,0
386,9,26,0,-3.3999999999999986,0.40000000000000036,0
387,9,27,0,-2.3999999999999986,0.40000000000000036,0
388,9,28,0,-1.3999999999999986,0.40000000000000036,0
389,9,29,0,-0.3999999999999986,0.40000000000000036,0
390,9,30,0,0.6000000000000014,0.40000000000000036,0
391,9,31,0,1.6000000000000014,0.40000000000000036,0
392,9,32,0,2.6000000000000014,0.40000000000000036,0
393,9,33,0,3.6000000000000014,0.40000000000000036,0
394,9,34,0,4.600000000000001,0.40000000000000036,0
395,9,35,0,5.600000000000001,0.40000000000000036,0
396,9,36,0,6.600000000000001,0.40000000000000036,0
397,9,37,0,7.600000000000001,0.40000000000000036,0
398,9,38,0,8.600000000000001,0.40000000000000036,0
399,9,39,0,9.600000000000001,0.40000000000000036,0
400,10,0,0,9.6,0.40000000000000036,0
401,10,1,0,8.6,0.40000000000000036,0
402,10,2,0,7.6,0.40000000000000036,0
403,10,3,0,6.6,0.40000000000000036,0
404,10,4,0,5.6,0.40000000000000036,0
405,10,5,0,4.6,0.40000000000000036,0
406,10,6,0,3.5999999999999996,0.40000000000000036,0
407,10,7,0,2.5999999999999996,0.40000000000000036,0
408,10,8,0,1.5999999999999996,0.40000000000000036,0
409,10,9,0,0.5999999999999996,0.40000000000000036,0
410,10,10,0,-0.40000000000000036,0.40000000000000036,0
411,10,11,0,-1.4000000000000004,0.40000000000000036,0
412,10,12,0,-2.4000000000000004,0.40000000000000036,0
413,10,13,0,-3.4000000000000004,0.40000000000000036,0
414,10,14,0,-4.4,0.40000000000000036,0
415,10,15,0,-5.4,0.40000000000000036,0
416,10,16,0,-6.4,0.40000000000000036,0
417,10,17,0,-7.4,0.40000000000000036,0
418,10,18,0,-8.4,0.40000000000000036,0
419,10,19,0,-9.4,0.40000000000000036,0
420,10,20,0,-9.399999999999999,-0.5999999999999996,0
421,10,21,0,-8.399999999999999,-0.5999999999999996,0
422,10,22,0,-7.399999999999999,-0.5999999999999996,0
423,10,23,0,-6.399999999999999,-0.5999999999999996,0
424,10,24,0,-5.399999999999999,-0.5999999999999996,0
425,10,25,0,-4.399999999999999,-0.5999999999999996,0
426,10,26,0,-3.3999999999999986,-0.5999999999999996,0
427,10,27,0,-2.3999999999999986,-0.5999999999999996,0
428,10,28,0,-1.3999999999999986,-0.5999999999999996,0
429,10,29,0,-0.3999999999999986,-0.5999999999999996,0
430,10,30,0,0.6000000000000014,-0.5999999999999996,0
431,10,31,0,1.6000000000000014,-0.5999999999999996,0
432,10,32,0,2.6000000000000014,-0.5999999999999996,0
433,10,33,0,3.6000000000000014,-0.5999999999999996,0
434,10,34,0,4.600000000000001,-0.5999999999999996,0
435,10,35,0,5.600000000000001,-0.5999999999999996,0
436,10,36,0,6.600000000000001,-0.5999999999999996,0
437,10,37,0,7.600000000000001,-0.5999999999999996,0
438,10,38,0,8.600000000000001,-0.5999999999999996,0
439,10,39,0,9.600000000000001,-0.5999999999999996,0
440,11,0,0,9.6,1.4000000000000004,0
441,11,1,0,8.6,1.4000000000000004,0
442,11,2,0,7.6,1.4000000000000004,0
443,11,3,0,6.6,1.4000000000000004,0
444,11,4,0,5.6,1.4000000000000004,0
445,11,5,0,4.6,1.4000000000000004,0
446,11,6,0,3.5999999999999996,1.4000000000000004,0
447,11,7,0,2.5999999999999996,1.4000000000000004,0
448,11,8,0,1.5999999999999996,1.4000000000000004,0
449,11,9,0,0.5999999999999996,1.4000000000000004,0
450,11,10,0,-0.40000000000000036,1.4000000000000004,0
451,11,11,0,-1.4000000000000004,1.4000000000000004,0
452,11,12,0,-2.4000000000000004,1.4000000000000004,0
453,11,13,0,-3.4000000000000004,1.4000000000000004,0
454,11,14,0,-4.4,1.4000000000000004,0
455,11,15,0,-5.4,1.4000000000000004,0
456,11,16,0,-6.4,1.4000000000000004,0
457,11,17,0,-7.4,1.4000000000000004,0
458,11,18,0,-8.4,1.4000000000000004,0
459,11,19,0,-9.4,1.4000000000000004,0
460,11,20,0,-9.399999999999999,-1.5999999999999996,0
461,11,21,0,-8.399999999999999,-1.5999999999999996,0
462,11,22,0,-7.399999999999999,-1.5999999999999996,0
463,11,23,0,-6.399999999999999,-1.5999999999999996,0
464,11,24,0,-5.399999999999999,-1.5999999999999996,0
465,11,25,0,-4.399999999999999,-1.5999999999999996,0
466,11,26,0,-3.3999999999999986,-1.5999999999999996,0
467,11,27,0,-2.3999999999999986,-1.5999999999999996,0
468,11,28,0,-1.3999999999999986,-1.5999999999999996,0
469,11,29,0,-0.3999999999999986,-1.5999999999999996,0
470,11,30,0,0.6000000000000014,-1.5999999999999996,0
471,11,31,0,1.6000000000000014,-1.5999999999999996,0
472,11,32,0,2.6000000000000014,-1.5999999999999996,0
473,11,33,0,3.6000000000000014,-1.5999999999999996,0
474,11,34,0,4.600000000000001,-1.5999999999999996,0
475,11,35,0,5.600000000000001,-1.5999999999999996,0
476,11,36,0,6.600000000000001,-1.5999999999999996,0
477,11,37,0,7.600000000000001,-1.5999999999999996,0
478,11,38,0,8.600000000000001,-1.5999999999999996,0
479,11,39,0,9.600000000000001,-1.5999999999999996,0
480,12,0,0,9.6,2.4000000000000004,0
481,12,1,0,8.6,2.4000000000000004,0
482,12,2,0,7.6,2.4000000000000004,0
483,12,3,0,6.6,2.4000000000000004,0
484,12,4,0,5.6,2.4000000000000004,0
485,12,5,0,4.6,2.4000000000000004,0
486,12,6,0,3.5999999999999996,2.4000000000000004,0
487,12,7,0,2.5999999999999996,2.4000000000000004,0
488,12,8,0,1.5999999999999996,2.4000000000000004,0
489,12,9,0,0.5999999999999996,2.4000000000000004,0
490,12,10,0,-0.40000000000000036,2.4000000000000004,0
491,12,11,0,-1.4000000000000004,2.4000000000000004,0
492,12,12,0,-2.4000000000000004,2.4000000000000004,0
493,12,13,0,-3.4000000000000004,2.4000000000000004,0
494,12,14,0,-4.4,2.4000000000000004,0
495,12,15,0,-5.4,2.4000000000000004,0
496,12,16,0,-6.4,2.4000000000000004,0
497,12,17,0,-7.4,2.4000000000000004,0
498,12,18,0,-8.4,2.4000000000000004,0
499,12,19,0,-9.4,2.4000000000000004,0
500,12,20,0,-9.399999999999999,-2.5999999999999996,0
501,12,21,0,-8.399999999999999,-2.5999999999999996,0
502,12,22,0,-7.399999999999999,-2.5999999999999996,0
503,12,23,0,-6.399999999999999,-2.5999999999999996,0
504,12,24,0,-5.399999999999999,-2.5999999999999996,0
505,12,25,0,-4.399999999999999,-2.5999999999999996,0
506,12,26,0,-3.3999999999999986,-2.5999999999999996,0
507,12,27,0,-2.3999999999999986,-2.5999999999999996,0
508,12,28,0,-1.3999999999999986,-2.5999999999999996,0
509,12,29,0,-0.3999999999999986,-2.5999999999999996,0
510,12,30,0,0.6000000000000014,-2.5999999999999996,0
511,12,31,0,1.6000000000000014,-2.5999999999999996,0
512,12,32,0,2.6000000000000014,-2.5999999999999996,0
513,12,33,0,3.6000000000000014,-2.5999999999999996,0
514,12,34,0,4.600000000000001,-2.5999999999999996,0
515,12,35,0,5.600000000000001,-2.5999999999999996,0
516,12,36,0,6.600000000000001,-2.5999999999999996,0
517,12,37,0,7.600000000000001,-2.5999999999999996,0
518,12,38,0,8.600000000000001,-2.5999999999999996,0
519,12,39,0,9.600000000000001,-2.5999999999999996,0
520,13,0,0,9.6,3.4000000000000004,0
521,13,1,0,8.6,3.4000000000000004,0
522,13,2,0,7.6,3.4000000000000004,0
523,13,3,0,6.6,3.4000000000000004,0
524,13,4,0,5.6,3.4000000000000004,0
525,13,5,0,4.6,3.4000000000000004,0
526,13,6,0,3.5999999999999996,3.4000000000000004,0
527,13,7,0,2.5999999999999996,3.4000000000000004,0
528,13,8,0,1.5999999999999996,3.4000000000000004,0
529,13,9,0,0.5999999999999996,3.4000000000000004,0
530,13,10,0,-0.40000000000000036,3.4000000000000004,0
531,13,11,0,-1.4000000000000004,3.4000000000000004,0
532,13,12,0,-2.4000000000000004,3.4000000000000004,0
533,13,13,0,-3.4000000000000004,3.4000000000000004,0
534,13,14,0,-4.4,3.4000000000000004,0
535,13,15,0,-5.4,3.4000000000000004,0
536,13,16,0,-6.4,3.4000000000000004,0
537,13,17,0,-7.4,3.4000000000000004,0
538,13,18,0,-8.4,3.4000000000000004,0
539,13,19,0,-9.4,3.4000000000000004,0
540,13,20,0,-9.399999999999999,-3.5999999999999996,0
541,13,21,0,-8.399999999999999,-3.5999999999999996,0
542,13,22,0,-7.399999999999999,-3.5999999999999996,0
543,13,23,0,-6.399999999999999,-3.5999999999999996,0
544,13,24,0,-5.399999999999999,-3.5999999999999996,0
545,13,25,0,-4.399999999999999,-3.5999999999999996,0
546,13,26,0,-3.3999999999999986,-3.5999999999999996,0
547,13,27,0,-2.3999999999999986,-3.5999999999999996,0
548,13,28,0,-1.3999999999999986,-3.5999999999999996,0
549,13,29,0,-0.3999999999999986,-3.5999999999999996,0
550,13,30,0,0.6000000000000014,-3.5999999999999996,0
551,13,31,0,1.6000000000000014,-3.5999999999999996,0
552,13,32,0,2.6000000000000014,-3.5999999999999996,0
553,13,33,0,3.6000000000000014,-3.5999999999999996,0
554,13,34,0,4.600000000000001,-3.5999999999999996,0
555,13,35,0,5.600000000000001,-3.5999999999999996,0
556,13,36,0,6.600000000000001,-3.5999999999999996,0
557,13,37,0,7.600000000000001,-3.5999999999999996,0
558,13,38,0,8.600000000000001,-3.5999999999999996,0
559,13,39,0,9.600000000000001,-3.5999999999999996,0
560,14,0,0,9.6,4.4,0
561,14,1,0,8.6,4.4,0
562,14,2,0,7.6,4.4,0
563,14,3,0,6.6,4.4,0
564,14,4,0,5.6,4.4,0
565,14,5,0,4.6,4.4,0
566,14,6,0,3.5999999999999996,4.4,0
567,14,7,0,2.5999999999999996,4.4,0
568,14,8,0,1.5999999999999996,4.4,0
569,14,9,0,0.5999999999999996,4.4,0
570,14,10,0,-0.40000000000000036,4.4,0
571,14,11,0,-1.4000000000000004,4.4,0
572,14,12,0,-2.4000000000000004,4.4,0
573,14,13,0,-3.4000000000000004,4.4,0
574,14,14,0,-4.4,4.4,0
575,14,15,0,-5.4,4.4,0
576,14,16,0,-6.4,4.4,0
577,14,17,0,-7.4,4.4,0
578,14,18,0,-8.4,4.4,0
579,14,19,0,-9.4,4.4,0
580,14,20,0,-9.399999999999999,-4.6,0
581,14,21,0,-8.399999999999999,-4.6,0
582,14,22,0,-7.399999999999999,-4.6,0
583,14,23,0,-6.399999999999999,-4.6,0
584,14,24,0,-5.399999999999999,-4.6,0
585,14,25,0,-4.399999999999999,-4.6,0
586,14,26,0,-3.3999999999999986,-4.6,0
587,14,27,0,-2.3999999999999986,-4.6,0
588,14,28,0,-1.3999999999999986,-4.6,0
589,14,29,0,-0.3999999999999986,-4.6,0
590,14,30,0,0.6000000000000014,-4.6,0
591,14,31,0,1.6000000000000014,-4.6,0
592,14,32,0,2.6000000000000014,-4.6,0
593,14,33,0,3.6000000000000014,-4.6,0
594,14,34,0,4.600000000000001,-4.6,0
595,14,35,0,5.600000000000001,-4.6,0
596,14,36,0,6.600000000000001,-4.6,0
597,14,37,0,7.600000000000001,-4.6,0
598,14,38,0,8.600000000000001,-4.6,0
599,14,39,0,9.600000000000001,-4.6,0
600,15,0,0,9.6,5.4,0
601,15,1,0,8.6,5.4,0
602,15,2,0,7.6,5.4,0
603,15,3,0,6.6,5.4,0
604,15,4,0,5.6,5.4,0
605,15,5,0,4.6,5.4,0
606,15,6,0,3.5999999999999996,5.4,0
607,15,7,0,2.5999999999999996,5.4,0
608,15,8,0,1.5999999999999996,5.4,0
609,15,9,0,0.5999999999999996,5.4,0
610,15,10,0,-0.40000000000000036,5.4,0
611,15,11,0,-1.4000000000000004,5.4,0
612,15,12,0,-2.4000000000000004,5.4,0
613,15,13,0,-3.4000000000000004,5.4,0
614,15,14,0,-4.4,5.4,0
615,15,15,0,-5.4,5.4,0
616,15,16,0,-6.4,5.4,0
617,15,17,0,-7.4,5.4,0
618,15,18,0,-8.4,5.4,0
619,15,19,0,-9.4,5.4,0
620,15,20,0,-9.399999999999999,-5.6,0
621,15,21,0,-8.399999999999999,-5.6,0
622,15,22,0,-7.399999999999999,-5.6,0
623,15,23,0,-6.399999999999999,-5.6,0
624,15,24,0,-5.399999999999999,-5.6,0
625,15,25,0,-4.399999999999999,-5.6,0
626,15,26,0,-3.3999999999999986,-5.6,0
627,15,27,0,-2.3999999999999986,-5.6,0
628,15,28,0,-1.3999999999999986,-5.6,0
629,15,29,0,-0.3999999999999986,-5.6,0
630,15,30,0,0.6000000000000014,-5.6,0
631,15,31,0,1.6000000000000014,-5.6,0
632,15,32,0,2.6000000000000014,-5.6,0
633,15,33,0,3.6000000000000014,-5.6,0
634,15,34,0,4.600000000000001,-5.6,0
635,15,35,0,5.600000000000001,-5.6,0
636,15,36,0,6.600000000000001,-5.6,0
637,15,37,0,7.600000000000001,-5.6,0
638,15,38,0,8.600000000000001,-5.6,0
639,15,39,0,9.600000000000001,-5.6,0
640,16,0,0,9.6,6.4,0
641,16,1,0,8.6,6.4,0
642,16,2,0,7.6,6.4,0
643,16,3,0,6.6,6.4,0
644,16,4,0,5.6,6.4,0
645,16,5,0,4.6,6.4,0
646,16,6,0,3.5999999999999996,6.4,0
647,16,7,0,2.5999999999999996,6.4,0
648,16,8,0,1.5999999999999996,6.4,0
649,16,9,0,0.5999999999999996,6.4,0
650,16,10,0,-0.40000000000000036,6.4,0
651,16,11,0,-1.4000000000000004,6.4,0
652,16,12,0,-2.4000000000000004,6.4,0
653,16,13,0,-3.4000000000000004,6.4,0
654,16,14,0,-4.4,6.4,0
655,16,15,0,-5.4,6.4,0
656,16,16,0,-6.4,6.4,0
657,16,17,0,-7.4,6.4,0
658,16,18,0,-8.4,6.4,0
659,16,19,0,-9.4,6.4,0
660,16,20,0,-9.399999999999999,-6.6,0
661,16,21,0,-8.399999999999999,-6.6,0
662,16,22,0,-7.399999999999999,-6.6,0
663,16,23,0,-6.399999999999999,-6.6,0
664,16,24,0,-5.399999999999999,-6.6,0
665,16,25,0,-4.399999999999999,-6.6,0
666,16,26,0,-3.3999999999999986,-6.6,0
667,16,27,0,-2.3999999999999986,-6.6,0
668,16,28,0,-1.3999999999999986,-6.6,0
669,16,29,0,-0.3999999999999986,-6.6,0
670,16,30,0,0.6000000000000014,-6.6,0
671,16,31,0,1.6000000000000014,-6.6,0
672,16,32,0,2.6000000000000014,-6.6,0
673,16,33,0,3.6000000000000014,-6.6,0
674,16,34,0,4.600000000000001,-6.6,0
675,16,35,0,5.600000000000001,-6.6,0
676,16,36,0,6.600000000000001,-6.6,0
677,16,37,0,7.600000000000001,-6.6,0
678,16,38,0,8.600000000000001,-6.6,0
679,16,39,0,9.600000000000001,-6.6,0
680,17,0,0,9.6,7.4,0
681,17,1,0,8.6,7.4,0
682,17,2,0,7.6,7.4,0
683,17,3,0,6.6,7.4,0
684,17,4,0,5.6,7.4,0
685,17,5,0,4.6,7.4,0
686,17,6,0,3.5999999999999996,7.4,0
687,17,7,0,2.5999999999999996,7.4,0
688,17,8,0,1.5999999999999996,7.4,0
689,17,9,0,0.5999999999999996,7.4,0
690,17,10,0,-0.40000000000000036,7.4,0
691,17,11,0,-1.4000000000000004,7.4,0
692,17,12,0,-2.4000000000000004,7.4,0
693,17,13,0,-3.4000000000000004,7.4,0
694,17,14,0,-4.4,7.4,0
695,17,15,0,-5.4,7.4,0
696,17,16,0,-6.4,7.4,0
697,17,17,0,-7.4,7.4,0
698,17,18,0,-8.4,7.4,0
699,17,19,0,-9.4,7.4,0
700,17,20,0,-9.399999999999999,-7.6,0
701,17,21,0,-8.399999999999999,-7.6,0
702,17,22,0,-7.399999999999999,-7.6,0
703,17,23,0,-6.399999999999999,-7.6,0
704,17,24,0,-5.399999999999999,-7.6,0
705,17,25,0,-4.399999999999999,-7.6,0
706,17,26,0,-3.3999999999999986,-7.6,0
707,17,27,0,-2.3999999999999986,-7.6,0
708,17,28,0,-1.3999999999999986,-7.6,0
709,17,29,0,-0.3999999999999986,-7.6,0
710,17,30,0,0.6000000000000014,-7.6,0
711,17,31,0,1.6000000000000014,-7.6,0
712,17,32,0,2.6000000000000014,-7.6,0
713,17,33,0,3.6000000000000014,-7.6,0
714,17,34,0,4.600000000000001,-7.6,0
715,17,35,0,5.600000000000001,-7.6,0
716,17,36,0,6.600000000000001,-7.6,0
717,17,37,0,7.600000000000001,-7.6,0
718,17,38,0,8.600000000000001,-7.6,0
719,17,39,0,9.600000000000001,-7.6,0
720,18,0,0,9.6,8.4,0
721,18,1,0,8.6,8.4,0
722,18,2,0,7.6,8.4,0
723,18,3,0,6.6,8.4,0
724,18,4,0,5.6,8.4,0
725,18,5,0,4.6,8.4,0
726,18,6,0,3.5999999999999996,8.4,0
727,18,7,0,2.5999999999999996,8.4,0
728,18,8,0,1.5999999999999996,8.4,0
729,18,9,0,0.5999999999999996,8.4,0
730,18,10,0,-0.40000000000000036,8.4,0
731,18,11,0,-1.4000000000000004,8.4,0
732,18,12,0,-2.4000000000000004,8.4,0
733,18,13,0,-3.4000000000000004,8.4,0
734,18,14,0,-4.4,8.4,0
735,18,15,0,-5.4,8.4,0
736,18,16,0,-6.4,8.4,0
737,18,17,0,-7.4,8.4,0
738,18,18,0,-8.4,8.4,0
739,18,19,0,-9.4,8.4,0
740,18,20,0,-9.399999999999999,-8.6,0
741,18,21,0,-8.399999999999999,-8.6,0
742,18,22,0,-7.399999999999999,-8.6,0
743,18,23,0,-6.399999999999999,-8.6,0
744,18,24,0,-5.399999999999999,-8.6,0
745,18,25,0,-4.399999999999999,-8.6,0
746,18,26,0,-3.3999999999999986,-8.6,0
747,18,27,0,-2.3999999999999986,-8.6,0
748,18,28,0,-1.3999999999999986,-8.6,0
749,18,29,0,-0.3999999999999986,-8.6,0
750,18,30,0,0.6000000000000014,-8.6,0
751,18,31,0,1.6000000000000014,-8.6,0
752,18,32,0,2.6000000000000014,-8.6,0
753,18,33,0,3.6000000000000014,-8.6,0
754,18,34,0,4.600000000000001,-8.6,0
755,18,35,0,5.600000000000001,-8.6,0
756,18,36,0,6.600000000000001,-8.6,0
757,18,37,0,7.600000000000001,-8.6,0
758,18,38,0,8.600000000000001,-8.6,0
759,18,39,0,9.600000000000001,-8.6,0
760,19,0,0,9.6,9.4,0
761,19,1,0,8.6,9.4,0
762,19,2,0,7.6,9.4,0
763,19,3,0,6.6,9.4,0
764,19,4,0,5.6,9.4,0
765,19,5,0,4.6,9.4,0
766,19,6,0,3.5999999999999996,9.4,0
767,19,7,0,2.5999999999999996,9.4,0
768,19,8,0,1.5999999999999996,9.4,0
769,19,9,0,0.5999999999999996,9.4,0
770,19,10,0,-0.40000000000000036,9.4,0
771,19,11,0,-1.4000000000000004,9.4,0
772,19,12,0,-2.4000000000000004,9.4,0
773,19,13,0,-3.4000000000000004,9.4,0
774,19,14,0,-4.4,9.4,0
775,19,15,0,-5.4,9.4,0
776,19,16,0,-6.4,9.4,0
777,19,17,0,-7.4,9.4,0
778,19,18,0,-8.4,9.4,0
779,19,19,0,-9.4,9.4,0
780,19,20,0,-9.399999999999999,-9.6,0
781,19,21,0,-8.399999999999999,-9.6,0
782,19,22,0,-7.399999999999999,-9.6,0
783,19,23,0,-6.399999999999999,-9.6,0
784,19,24,0,-5.399999999999999,-9.6,0
785,19,25,0,-4.399999999999999,-9.6,0
786,19,26,0,-3.3999999999999986,-9.6,0
787,19,27,0,-2.3999999999999986,-9.6,0
788,19,28,0,-1.3999999999999986,-9.6,0
789,19,29,0,-0.3999999999999986,-9.6,0
790,19,30,0,0.6000000000000014,-9.6,0
791,19,31,0,1.6000000000000014,-9.6,0
792,19,32,0,2.6000000000000014,-9.6,0
793,19,33,0,3.6000000000000014,-9.6,0
794,19,34,0,4.600000000000001,-9.6,0
795,19,35,0,5.600000000000001,-9.6,0
796,19,36,0,6.600000000000001,-9.6,0
797,19,37,0,7.600000000000001,-9.6,0
798,19,38,0,8.600000000000001,-9.6,0
799,19,39,0,9.600000000000001,-9.6,0
800,20,0,0,-9.6,9.5,0
801,20,1,0,-8.6,9.5,0
802,20,2,0,-7.6,9.5,0
803,20,3,0,-6.6,9.5,0
804,20,4,0,-5.6,9.5,0
805,20,5,0,-4.6,9.5,0
806,20,6,0,-3.5999999999999996,9.5,0
807,20,7,0,-2.5999999999999996,9.5,0
808,20,8,0,-1.5999999999999996,9.5,0
809,20,9,0,-0.5999999999999996,9.5,0
810,20,10,0,0.40000000000000036,9.5,0
811,20,11,0,1.4000000000000004,9.5,0
812,20,12,0,2.4000000000000004,9.5,0
813,20,13,0,3.4000000000000004,9.5,0
814,20,14,0,4.4,9.5,0
815,20,15,0,5.4,9.5,0
816,20,16,0,6.4,9.5,0
817,20,17,0,7.4,9.5,0
818,20,18,0,8.4,9.5,0
819,20,19,0,9.4,9.5,0
820,20,20,0,9.7,-9.5,0
821,20,21,0,8.7,-9.5,0
822,20,22,0,7.699999999999999,-9.5,0
823,20,23,0,6.699999999999999,-9.5,0
824,20,24,0,5.699999999999999,-9.5,0
825,20,25,0,4.699999999999999,-9.5,0
826,20,26,0,3.6999999999999993,-9.5,0
827,20,27,0,2.6999999999999993,-9.5,0
828,20,28,0,1.6999999999999993,-9.5,0
829,20,29,0,0.6999999999999993,-9.5,0
830,20,30,0,-0.3000000000000007,-9.5,0
831,20,31,0,-1.3000000000000007,-9.5,0
832,20,32,0,-2.3000000000000007,-9.5,0
833,20,33,0,-3.3000000000000007,-9.5,0
834,20,34,0,-4.300000000000001,-9.5,0
835,20,35,0,-5.300000000000001,-9.5,0
836,20,36,0,-6.300000000000001,-9.5,0
837,20,37,0,-7.300000000000001,-9.5,0
838,20,38,0,-8.3,-9.5,0
839,20,39,0,-9.3,-9.5,0
840,21,0,0,-9.6,8.5,0
841,21,1,0,-8.6,8.5,0
842,21,2,0,-7.6,8.5,0
843,21,3,0,-6.6,8.5,0
844,21,4,0,-5.6,8.5,0
845,21,5,0,-4.6,8.5,0
846,21,6,0,-3.5999999999999996,8.5,0
847,21,7,0,-2.5999999999999996,8.5,0
848,21,8,0,-1.5999999999999996,8.5,0
849,21,9,0,-0.5999999999999996,8.5,0
850,21,10,0,0.40000000000000036,8.5,0
851,21,11,0,1.4000000000000004,8.5,0
852,21,12,0,2.4000000000000004,8.5,0
853,21,13,0,3.4000000000000004,8.5,0
854,21,14,0,4.4,8.5,0
855,21,15,0,5.4,8.5,0
856,21,16,0,6.4,8.5,0
857,21,17,0,7.4,8.5,0
858,21,18,0,8.4,8.5,0
859,21,19,0,9.4,8.5,0
860,21,20,0,9.7,-8.5,0
861,21,21,0,8.7,-8.5,0
862,21,22,0,7.699999999999999,-8.5,0
863,21,23,0,6.699999999999999,-8.5,0
864,21,24,0,5.699999999999999,-8.5,0
865,21,25,0,4.699999999999999,-8.5,0
866,21,26,0,3.6999999999999993,-8.5,0
867,21,27,0,2.6999999999999993,-8.5,0
868,21,28,0,1.6999999999999993,-8.5,0
869,21,29,0,0.6999999999999993,-8.5,0
870,21,30,0,-0.3000000000000007,-8.5,0
871,21,31,0,-1.3000000000000007,-8.5,0
872,21,32,0,-2.3000000000000007,-8.5,0
873,21,33,0,-3.3000000000000007,-8.5,0
874,21,34,0,-4.300000000000001,-8.5,0
875,21,35,0,-5.300000000000001,-8.5,0
876,21,36,0,-6.300000000000001,-8.5,0
877,21,37,0,-7.300000000000001,-8.5,0
878,21,38,0,-8.3,-8.5,0
879,21,39,0,-9.3,-8.5,0
880,22,0,0,-9.6,7.5,0
881,22,1,0,-8.6,7.5,0
882,22,2,0,-7.6,7.5,0
883,22,3,0,-6.6,7.5,0
884,22,4,0,-5.6,7.5,0
885,22,5,0,-4.6,7.5,0
886,22,6,0,-3.5999999999999996,7.5,0
887,22,7,0,-2.5999999999999996,7.5,0
888,22,8,0,-1.5999999999999996,7.5,0
889,22,9,0,-0.5999999999999996,7.5,0
890,22,10,0,0.40000000000000036,7.5,0
891,22,11,0,1.4000000000000004,7.5,0
892,22,12,0,2.4000000000000004,7.5,0
893,22,13,0,3.4000000000000004,7.5,0
894,22,14,0,4.4,7.5,0
895,22,15,0,5.4,7.5,0
896,22,16,0,6.4,7.5,0
897,22,17,0,7.4,7.5,0
898,22,18,0,8.4,7.5,0
899,22,19,0,9.4,7.5,0
900,22,20,0,9.7,-7.5,0
901,22,21,0,8.7,-7.5,0
902,22,22,0,7.699999999999999,-7.5,0
903,22,23,0,6.699999999999999,-7.5,0
904,22,24,0,5.699999999999999,-7.5,0
905,22,25,0,4.699999999999999,-7.5,0
906,22,26,0,3.6999999999999993,-7.5,0
907,22,27,0,2.6999999999999993,-7.5,0
908,22,28,0,1.6999999999999993,-7.5,0
909,22,29,0,0.6999999999999993,-7.5,0
910,22,30,0,-0.3000000000000007,-7.5,0
911,22,31,0,-1.3000000000000007,-7.5,0
912,22,32,0,-2.3000000000000007,-7.5,0
913,22,33,0,-3.3000000000000007,-7.5,0
914,22,34,0,-4.300000000000001,-7.5,0
915,22,35,0,-5.300000000000001,-7.5,0
916,22,36,0,-6.300000000000001,-7.5,0
917,22,37,0,-7.300000000000001,-7.5,0
918,22,38,0,-8.3,-7.5,0
919,22,39,0,-9.3,-7.5,0
920,23,0,0,-9.6,6.5,0
921,23,1,0,-8.6,6.5,0
922,23,2,0,-7.6,6.5,0
923,23,3,0,-6.6,6.5,0
924,23,4,0,-5.6,6.5,0
925,23,5,0,-4.6,6.5,0
926,23,6,0,-3.5999999999999996,6.5,0
927,23,7,0,-2.5999999999999996,6.5,0
928,23,8,0,-1.5999999999999996,6.5,0
929,23,9,0,-0.5999999999999996,6.5,0
930,23,10,0,0.40000000000000036,6.5,0
931,23,11,0,1.4000000000000004,6.5,0
932,23,12,0,2.4000000000000004,6.5,0
933,23,13,0,3.4000000000000004,6.5,0
934,23,14,0,4.4,6.5,0
935,23,15,0,5.4,6.5,0
936,23,16,0,6.4,6.5,0
937,23,17,0,7.4,6.5,0
938,23,18,0,8.4,6.5,0
939,23,19,0,9.4,6.5,0
940,23,20,0,9.7,-6.5,0
941,23,21,0,8.7,-6.5,0
942,23,22,0,7.699999999999999,-6.5,0
943,23,23,0,6.699999999999999,-6.5,0
944,23,24,0,5.699999999999999,-6.5,0
945,23,25,0,4.699999999999999,-6.5,0
946,23,26,0,3.6999999999999993,-6.5,0
947,23,27,0,2.6999999999999993,-6.5,0
948,23,28,0,1.6999999999999993,-6.5,0
949,23,29,0,0.6999999999999993,-6.5,0
950,23,30,0,-0.3000000000000007,-6.5,0
951,23,31,0,-1.3000000000000007,-6.5,0
952,23,32,0,-2.3000000000000007,-6.5,0
953,23,33,0,-3.3000000000000007,-6.5,0
954,23,34,0,-4.300000000000001,-6.5,0
955,23,35,0,-5.300000000000001,-6.5,0
956,23,36,0,-6.300000000000001,-6.5,0
957,23,37,0,-7.300000000000001,-6.5,0
958,23,38,0,-8.3,-6.5,0
959,23,39,0,-9.3,-6.5,0
960,24,0,0,-9.6,5.5,0
961,24,1,0,-8.6,5.5,0
962,24,2,0,-7.6,5.5,0
963,24,3,0,-6.6,5.5,0
964,24,4,0,-5.6,5.5,0
965,24,5,0,-4.6,5.5,0
966,24,6,0,-3.5999999999999996,5.5,0
967,24,7,0,-2.5999999999999996,5.5,0
968,24,8,0,-1.5999999999999996,5.5,0
969,24,9,0,-0.5999999999999996,5.5,0
970,24,10,0,0.40000000000000036,5.5,0
971,24,11,0,1.4000000000000004,5.5,0
972,24,12,0,2.4000000000000004,5.5,0
973,24,13,0,3.4000000000000004,5.5,0
974,24,14,0,4.4,5.5,0
975,24,15,0,5.4,5.5,0
976,24,16,0,6.4,5.5,0
977,24,17,0,7.4,5.5,0
978,24,18,0,8.4,5.5,0
979,24,19,0,9.4,5.5,0
980,24,20,0,9.7,-5.5,0
981,24,21,0,8.7,-5.5,0
982,24,22,0,7.699999999999999,-5.5,0
983,24,23,0,6.699999999999999,-5.5,0
984,24,24,0,5.699999999999999,-5.5,0
985,24,25,0,4.699999999999999,-5.5,0
986,24,26,0,3.6999999999999993,-5.5,0
987,24,27,0,2.6999999999999993,-5.5,0
988,24,28,0,1.6999999999999993,-5.5,0
989,24,29,0,0.6999999999999993,-5.5,0
990,24,30,0,-0.3000000000000007,-5.5,0
991,24,31,0,-1.3000000000000007,-5.5,0
992,24,32,0,-2.3000000000000007,-5.5,0
993,24,33,0,-3.3000000000000007,-5.5,0
994,24,34,0,-4.300000000000001,-5.5,0
995,24,35,0,-5.300000000000001,-5.5,0
996,24,36,0,-6.300000000000001,-5.5,0
997,24,37,0,-7.300000000000001,-5.5,0
998,24,38,0,-8.3,-5.5,0
999,24,39,0,-9.3,-5.5,0
1000,25,0,0,-9.6,4.5,0
1001,25,1,0,-8.6,4.5,0
1002,25,2,0,-7.6,4.5,0
1003,25,3,0,-6.6,4.5,0
1004,25,4,0,-5.6,4.5,0
1005,25,5,0,-4.6,4.5,0
1006,25,6,0,-3.5999999999999996,4.5,0
1007,25,7,0,-2.5999999999999996,4.5,0
1008,25,8,0,-1.5999999999999996,4.5,0
1009,25,9,0,-0.5999999999999996,4.5,0
1010,25,10,0,0.40000000000000036,4.5,0
1011,25,11,0,1.4000000000000004,4.5,0
1012,25,12,0,2.4000000000000004,4.5,0
1013,25,13,0,3.4000000000000004,4.5,0
1014,25,14,0,4.4,4.5,0
1015,25,15,0,5.4,4.5,0
1016,25,16,0,6.4,4.5,0
1017,25,17,0,7.4,4.5,0
1018,25,18,0,8.4,4.5,0
1019,25,19,0,9.4,4.5,0
1020,25,20,0,9.7,-4.5,0
1021,25,21,0,8.7,-4.5,0
1022,25,22,0,7.699999999999999,-4.5,0
1023,25,23,0,6.699999999999999,-4.5,0
1024,25,24,0,5.699999999999999,-4.5,0
1025,25,25,0,4.699999999999999,-4.5,0
1026,25,26,0,3.6999999999999993,-4.5,0
1027,25,27,0,2.6999999999999993,-4.5,0
1028,25,28,0,1.6999999999999993,-4.5,0
1029,25,29,0,0.6999999999999993,-4.5,0
1030,25,30,0,-0.3000000000000007,-4.5,0
1031,25,31,0,-1.3000000000000007,-4.5,0
1032,25,32,0,-2.3000000000000007,-4.5,0
1033,25,33,0,-3.3000000000000007,-4.5,0
1034,25,34,0,-4.300000000000001,-4.5,0
1035,25,35,0,-5.300000000000001,-4.5,0
1036,25,36,0,-6.300000000000001,-4.5,0
1037,25,37,0,-7.300000000000001,-4.5,0
1038,25,38,0,-8.3,-4.5,0
1039,25,39,0,-9.3,-4.5,0
1040,26,0,0,-9.6,3.5,0
1041,26,1,0,-8.6,3.5,0
1042,26,2,0,-7.6,3.5,0
1043,26,3,0,-6.6,3.5,0
1044,26,4,0,-5.6,3.5,0
1045,26,5,0,-4.6,3.5,0
1046,26,6,0,-3.5999999999999996,3.5,0
1047,26,7,0,-2.5999999999999996,3.5,0
1048,26,8,0,-1.5999999999999996,3.5,0
1049,26,9,0,-0.5999999999999996,3.5,0
1050,26,10,0,0.40000000000000036,3.5,0
1051,26,11,0,1.4000000000000004,3.5,0
1052,26,12,0,2.4000000000000004,3.5,0
1053,26,13,0,3.4000000000000004,3.5,0
1054,26,14,0,4.4,3.5,0
1055,26,15,0,5.4,3.5,0
1056,26,16,0,6.4,3.5,0
1057,26,17,0,7.4,3.5,0
1058,26,18,0,8.4,3.5,0
1059,26,19,0,9.4,3.5,0
1060,26,20,0,9.7,-3.5,0
1061,26,21,0,8.7,-3.5,0
1062,26,22,0,7.699999999999999,-3.5,0
1063,26,23,0,6.699999999999999,-3.5,0
1064,26,24,0,5.699999999999999,-3.5,0
1065,26,25,0,4.699999999999999,-3.5,0
1066,26,26,0,3.6999999999999993,-3.5,0
1067,26,27,0,2.6999999999999993,-3.5,0
1068,26,28,0,1.6999999999999993,-3.5,0
1069,26,29,0,0.6999999999999993,-3.5,0
1070,26,30,0,-0.3000000000000007,-3.5,0
1071,26,31,0,-1.3000000000000007,-3.5,0
1072,26,32,0,-2.3000000000000007,-3.5,0
1073,26,33,0,-3.3000000000000007,-3.5,0
1074,26,34,0,-4.300000000000001,-3.5,0
1075,26,35,0,-5.300000000000001,-3.5,0
1076,26,36,0,-6.300000000000001,-3.5,0
1077,26,37,0,-7.300000000000001,-3.5,0
1078,26,38,0,-8.3,-3.5,0
1079,26,39,0,-9.3,-3.5,0
1080,27,0,0,-9.6,2.5,0
1081,27,1,0,-8.6,2.5,0
1082,27,2,0,-7.6,2.5,0
1083,27,3,0,-6.6,2.5,0
1084,27,4,0,-5.6,2.5,0
1085,27,5,0,-4.6,2.5,0
1086,27,6,0,-3.5999999999999996,2.5,0
1087,27,7,0,-2.5999999999999996,2.5,0
1088,27,8,0,-1.5999999999999996,2.5,0
1089,27,9,0,-0.5999999999999996,2.5,0
1090,27,10,0,0.40000000000000036,2.5,0
1091,27,11,0,1.4000000000000004,2.5,0
1092,27,12,0,2.4000000000000004,2.5,0
1093,27,13,0,3.4000000000000004,2.5,0
1094,27,14,0,4.4,2.5,0
1095,27,15,0,5.4,2.5,0
1096,27,16,0,6.4,2.5,0
1097,27,17,0,7.4,2.5,0
1098,27,18,0,8.4,2.5,0
1099,27,19,0,9.4,2.5,0
1100,27,20,0,9.7,-2.5,0
1101,27,21,0,8.7,-2.5,0
1102,27,22,0,7.699999999999999,-2.5,0
1103,27,23,0,6.699999999999999,-2.5,0
1104,27,24,0,5.699999999999999,-2.5,0
1105,27,25,0,4.699999999999999,-2.5,0
1106,27,26,0,3.6999999999999993,-2.5,0
1107,27,27,0,2.6999999999999993,-2.5,0
1108,27,28,0,1.6999999999999993,-2.5,0
1109,27,29,0,0.6999999999999993,-2.5,0
1110,27,30,0,-0.3000000000000007,-2.5,0
1111,27,31,0,-1.3000000000000007,-2.5,0
1112,27,32,0,-2.3000000000000007,-2.5,0
1113,27,33,0,-3.3000000000000007,-2.5,0
1114,27,34,0,-4.300000000000001,-2.5,0
1115,27,35,0,-5.300000000000001,-2.5,0
1116,27,36,0,-6.300000000000001,-2.5,0
1117,27,37,0,-7.300000000000001,-2.5,0
1118,27,38,0,-8.3,-2.5,0
1119,27,39,0,-9.3,-2.5,0
1120,28,0,0,-9.6,1.5,0
1121,28,1,0,-8.6,1.5,0
1122,28,2,0,-7.6,1.5,0
1123,28,3,0,-6.6,1.5,0
1124,28,4,0,-5.6,1.5,0
1125,28,5,0,-4.6,1.5,0
1126,28,6,0,-3.5999999999999996,1.5,0
1127,28,7,0,-2.5999999999999996,1.5,0
1128,28,8,0,-1.5999999999999996,1.5,0
1129,28,9,0,-0.5999999999999996,1.5,0
1130,28,10,0,0.40000000000000036,1.5,0
1131,28,11,0,1.4000000000000004,1.5,0
1132,28,12,0,2.4000000000000004,1.5,0
1133,28,13,0,3.4000000000000004,1.5,0
1134,28,14,0,4.4,1.5,0
1135,28,15,0,5.4,1.5,0
1136,28,16,0,6.4,1.5,0
1137,28,17,0,7.4,1.5,0
1138,28,18,0,8.4,1.5,0
1139,28,19,0,9.4,1.5,0
1140,28,20,0,9.7,-1.5,0
1141,28,21,0,8.7,-1.5,0
1142,28,22,0,7.699999999999999,-1.5,0
1143,28,23,0,6.699999999999999,-1.5,0
1144,28,24,0,5.699999999999999,-1.5,0
1145,28,25,0,4.699999999999999,-1.5,0
1146,28,26,0,3.6999999999999993,-1.5,0
1147,28,27,0,2.6999999999999993,-1.5,0
1148,28,28,0,1.6999999999999993,-1.5,0
1149,28,29,0,0.6999999999999993,-1.5,0
1150,28,30,0,-0.3000000000000007,-1.5,0
1151,28,31,0,-1.3000000000000007,-1.5,0
1152,28,32,0,-2.3000000000000007,-1.5,0
1153,28,33,0,-3.3000000000000007,-1.5,0
1154,28,34,0,-4.300000000000001,-1.5,0
1155,28,35,0,-5.300000000000001,-1.5,0
1156,28,36,0,-6.300000000000001,-1.5,0
1157,28,37,0,-7.300000000000001,-1.5,0
1158,28,38,0,-8.3,-1.5,0
1159,28,39,0,-9.3,-1.5,0
1160,29,0,0,-9.6,0.5,0
1161,29,1,0,-8.6,0.5,0
1162,29,2,0,-7.6,0.5,0
1163,29,3,0,-6.6,0.5,0
1164,29,4,0,-5.6,0.5,0
1165,29,5,0,-4.6,0.5,0
1166,29,6,0,-3.5999999999999996,0.5,0
1167,29,7,0,-2.5999999999999996,0.5,0
1168,29,8,0,-1.5999999999999996,0.5,0
1169,29,9,0,-0.5999999999999996,0.5,0
1170,29,10,0,0.40000000000000036,0.5,0
1171,29,11,0,1.4000000000000004,0.5,0
1172,29,12,0,2.4000000000000004,0.5,0
1173,29,13,0,3.4000000000000004,0.5,0
1174,29,14,0,4.4,0.5,0
1175,29,15,0,5.4,0.5,0
1176,29,16,0,6.4,0.5,0
1177,29,17,0,7.4,0.5,0
1178,29,18,0,8.4,0.5,0
1179,29,19,0,9.4,0.5,0
1180,29,20,0,9.7,-0.5,0
1181,29,21,0,8.7,-0.5,0
1182,29,22,0,7.699999999999999,-0.5,0
1183,29,23,0,6.699999999999999,-0.5,0
1184,29,24,0,5.699999999999999,-0.5,0
1185,29,25,0,4.699999999999999,-0.5,0
1186,29,26,0,3.6999999999999993,-0.5,0
1187,29,27,0,2.6999999999999993,-0.5,0
1188,29,28,0,1.6999999999999993,-0.5,0
1189,29,29,0,0.6999999999999993,-0.5,0
1190,29,30,0,-0.3000000000000007,-0.5,0
1191,29,31,0,-1.3000000000000007,-0.5,0
1192,29,32,0,-2.3000000000000007,-0.5,0
1193,29,33,0,-3.3000000000000007,-0.5,0
1194,29,34,0,-4.300000000000001,-0.5,0
1195,29,35,0,-5.300000000000001,-0.5,0
1196,29,36,0,-6.300000000000001,-0.5,0
1197,29,37,0,-7.300000000000001,-0.5,0
1198,29,38,0,-8.3,-0.5,0
1199,29,39,0,-9.3,-0.5,0
1200,30,0,0,-9.6,-0.5,0
1201,30,1,0,-8.6,-0.5,0
1202,30,2,0,-7.6,-0.5,0
1203,30,3,0,-6.6,-0.5,0
1204,30,4,0,-5.6,-0.5,0
1205,30,5,0,-4.6,-0.5,0
1206,30,6,0,-3.5999999999999996,-0.5,0
1207,30,7,0,-2.5999999999999996,-0.5,0
1208,30,8,0,-1.5999999999999996,-0.5,0
1209,30,9,0,-0.5999999999999996,-0.5,0
1210,30,10,0,0.40000000000000036,-0.5,0
1211,30,11,0,1.4000000000000004,-0.5,0
1212,30,12,0,2.4000000000000004,-0.5,0
1213,30,13,0,3.4000000000000004,-0.5,0
1214,30,14,0,4.4,-0.5,0
1215,30,15,0,5.4,-0.5,0
1216,30,16,0,6.4,-0.5,0
1217,30,17,0,7.4,-0.5,0
1218,30,18,0,8.4,-0.5,0
1219,30,19,0,9.4,-0.5,0
1220,30,20,0,9.7,0.5,0
1221,30,21,0,8.7,0.5,0
1222,30,22,0,7.699999999999999,0.5,0
1223,30,23,0,6.699999999999999,0.5,0
1224,30,24,0,5.699999999999999,0.5,0
1225,30,25,0,4.699999999999999,0.5,0
1226,30,26,0,3.6999999999999993,0.5,0
1227,30,27,0,2.6999999999999993,0.5,0
1228,30,28,0,1.6999999999999993,0.5,0
1229,30,29,0,0.6999999999999993,0.5,0
1230,30,30,0,-0.3000000000000007,0.5,0
1231,30,31,0,-1.3000000000000007,0.5,0
1232,30,32,0,-2.3000000000000007,0.5,0
1233,30,33,0,-3.3000000000000007,0.5,0
1234,30,34,0,-4.300000000000001,0.5,0
1235,30,35,0,-5.300000000000001,0.5,0
1236,30,36,0,-6.300000000000001,0.5,0
1237,30,37,0,-7.300000000000001,0.5,0
1238,30,38,0,-8.3,0.5,0
1239,30,39,0,-9.3,0.5,0
1240,31,0,0,-9.6,-1.5,0
1241,31,1,0,-8.6,-1.5,0
1242,31,2,0,-7.6,-1.5,0
1243,31,3,0,-6.6,-1.5,0
1244,31,4,0,-5.6,-1.5,0
1245,31,5,0,-4.6,-1.5,0
1246,31,6,0,-3.5999999999999996,-1.5,0
1247,31,7,0,-2.5999999999999996,-1.5,0
1248,31,8,0,-1.5999999999999996,-1.5,0
1249,31,9,0,-0.5999999999999996,-1.5,0
1250,31,10,0,0.40000000000000036,-1.5,0
1251,31,11,0,1.4000000000000004,-1.5,0
1252,31,12,0,2.4000000000000004,-1.5,0
1253,31,13,0,3.4000000000000004,-1.5,0
1254,31,14,0,4.4,-1.5,0
1255,31,15,0,5.4,-1.5,0
1256,31,16,0,6.4,-1.5,0
1257,31,17,0,7.4,-1.5,0
1258,31,18,0,8.4,-1.5,0
1259,31,19,0,9.4,-1.5,0
1260,31,20,0,9.7,1.5,0
1261,31,21,0,8.7,1.5,0
1262,31,22,0,7.699999999999999,1.5,0
1263,31,23,0,6.699999999999999,1.5,0
1264,31,24,0,5.699999999999999,1.5,0
1265,31,25,0,4.699999999999999,1.5,0
1266,31,26,0,3.6999999999999993,1.5,0
1267,31,27,0,2.6999999999999993,1.5,0
1268,31,28,0,1.6999999999999993,1.5,0
1269,31,29,0,0.6999999999999993,1.5,0
1270,31,30,0,-0.3000000000000007,1.5,0
1271,31,31,0,-1.3000000000000007,1.5,0
1272,31,32,0,-2.3000000000000007,1.5,0
1273,31,33,0,-3.3000000000000007,1.5,0
1274,31,34,0,-4.300000000000001,1.5,0
1275,31,35,0,-5.300000000000001,1.5,0
1276,31,36,0,-6.300000000000001,1.5,0
1277,31,37,0,-7.300000000000001,1.5,0
1278,31,38,0,-8.3,1.5,0
1279,31,39,0,-9.3,1.5,0
1280,32,0,0,-9.6,-2.5,0
1281,32,1,0,-8.6,-2.5,0
1282,32,2,0,-7.6,-2.5,0
1283,32,3,0,-6.6,-2.5,0
1284,32,4,0,-5.6,-2.5,0
1285,32,5,0,-4.6,-2.5,0
1286,32,6,0,-3.5999999999999996,-2.5,0
1287,32,7,0,-2.5999999999999996,-2.5,0
1288,32,8,0,-1.5999999999999996,-2.5,0
1289,32,9,0,-0.5999999999999996,-2.5,0
1290,32,10,0,0.40000000000000036,-2.5,0
1291,32,11,0,1.4000000000000004,-2.5,0
1292,32,12,0,2.4000000000000004,-2.5,0
1293,32,13,0,3.4000000000000004,-2.5,0
1294,32,14,0,4.4,-2.5,0
1295,32,15,0,5.4,-2.5,0
1296,32,16,0,6.4,-2.5,0
1297,32,17,0,7.4,-2.5,0
1298,32,18,0,8.4,-2.5,0
1299,32,19,0,9.4,-2.5,0
1300,32,20,0,9.7,2.5,0
1301,32,21,0,8.7,2.5,0
1302,32,22,0,7.699999999999999,2.5,0
1303,32,23,0,6.699999999999999,2.5,0
1304,32,24,0,5.699999999999999,2.5,0
1305,32,25,0,4.699999999999999,2.5,0
1306,32,26,0,3.6999999999999993,2.5,0
1307,32,27,0,2.6999999999999993,2.5,0
1308,32,28,0,1.6999999999999993,2.5,0
1309,32,29,0,0.6999999999999993,2.5,0
1310,32,30,0,-0.3000000000000007,2.5,0
1311,32,31,0,-1.3000000000000007,2.5,0
1312,32,32,0,-2.3000000000000007,2.5,0
1313,32,33,0,-3.3000000000000007,2.5,0
1314,32,34,0,-4.300000000000001,2.5,0
1315,32,35,0,-5.300000000000001,2.5,0
1316,32,36,0,-6.300000000000001,2.5,0
1317,32,37,0,-7.300000000000001,2.5,0
1318,32,38,0,-8.3,2.5,0
1319,32,39,0,-9.3,2.5,0
1320,33,0,0,-9.6,-3.5,0
1321,33,1,0,-8.6,-3.5,0
1322,33,2,0,-7.6,-3.5,0
1323,33,3,0,-6.6,-3.5,0
1324,33,4,0,-5.6,-3.5,0
1325,33,5,0,-4.6,-3.5,0
1326,33,6,0,-3.5999999999999996,-3.5,0
1327,33,7,0,-2.5999999999999996,-3.5,0
1328,33,8,0,-1.5999999999999996,-3.5,0
1329,33,9,0,-0.5999999999999996,-3.5,0
1330,33,10,0,0.40000000000000036,-3.5,0
1331,33,11,0,1.4000000000000004,-3.5,0
1332,33,12,0,2.4000000000000004,-3.5,0
1333,33,13,0,3.4000000000000004,-3.5,0
1334,33,14,0,4.4,-3.5,0
1335,33,15,0,5.4,-3.5,0
1336,33,16,0,6.4,-3.5,0
1337,33,17,0,7.4,-3.5,0
1338,33,18,0,8.4,-3.5,0
1339,33,19,0,9.4,-3.5,0
1340,33,20,0,9.7,3.5,0
1341,33,21,0,8.7,3.5,0
1342,33,22,0,7.699999999999999,3.5,0
1343,33,23,0,6.699999999999999,3.5,0
1344,33,24,0,5.699999999999999,3.5,0
1345,33,25,0,4.699999999999999,3.5,0
1346,33,26,0,3.6999999999999993,3.5,0
1347,33,27,0,2.6999999999999993,3.5,0
1348,33,28,0,1.6999999999999993,3.5,0
1349,33,29,0,0.6999999999999993,3.5,0
1350,33,30,0,-0.3000000000000007,3.5,0
1351,33,31,0,-1.3000000000000007,3.5,0
1352,33,32,0,-2.3000000000000007,3.5,0
1353,33,33,0,-3.3000000000000007,3.5,0
1354,33,34,0,-4.300000000000001,3.5,0
1355,33,35,0,-5.300000000000001,3.5,0
1356,33,36,0,-6.300000000000001,3.5,0
1357,33,37,0,-7.300000000000001,3.5,0
1358,33,38,0,-8.3,3.5,0
1359,33,39,0,-9.3,3.5,0
1360,34,0,0,-9.6,-4.5,0
1361,34,1,0,-8.6,-4.5,0
1362,34,2,0,-7.6,-4.5,0
1363,34,3,0,-6.6,-4.5,0
1364,34,4,0,-5.6,-4.5,0
1365,34,5,0,-4.6,-4.5,0
1366,34,6,0,-3.5999999999999996,-4.5,0
1367,34,7,0,-2.5999999999999996,-4.5,0
1368,34,8,0,-1.5999999999999996,-4.5,0
1369,34,9,0,-0.5999999999999996,-4.5,0
1370,34,10,0,0.40000000000000036,-4.5,0
1371,34,11,0,1.4000000000000004,-4.5,0
1372,34,12,0,2.4000000000000004,-4.5,0
1373,34,13,0,3.4000000000000004,-4.5,0
1374,34,14,0,4.4,-4.5,0
1375,34,15,0,5.4,-4.5,0
1376,34,16,0,6.4,-4.5,0
1377,34,17,0,7.4,-4.5,0
1378,34,18,0,8.4,-4.5,0
1379,34,19,0,9.4,-4.5,0
1380,34,20,0,9.7,4.5,0
1381,34,21,0,8.7,4.5,0
1382,34,22,0,7.699999999999999,4.5,0
1383,34,23,0,6.699999999999999,4.5,0
1384,34,24,0,5.699999999999999,4.5,0
1385,34,25,0,4.699999999999999,4.5,0
1386,34,26,0,3.6999999999999993,4.5,0
1387,34,27,0,2.6999999999999993,4.5,0
1388,34,28,0,1.6999999999999993,4.5,0
1389,34,29,0,0.6999999999999993,4.5,0
1390,34,30,0,-0.3000000000000007,4.5,0
1391,34,31,0,-1.3000000000000007,4.5,0
1392,34,32,0,-2.3000000000000007,4.5,0
1393,34,33,0,-3.3000000000000007,4.5,0
1394,34,34,0,-4.300000000000001,4.5,0
1395,34,35,0,-5.300000000000001,4.5,0
1396,34,36,0,-6.300000000000001,4.5,0
1397,34,37,0,-7.300000000000001,4.5,0
1398,34,38,0,-8.3,4.5,0
1399,34,39,0,-9.3,4.5,0
1400,35,0,0,-9.6,-5.5,0
1401,35,1,0,-8.6,-5.5,0
1402,35,2,0,-7.6,-5.5,0
1403,35,3,0,-6.6,-5.5,0
1404,35,4,0,-5.6,-5.5,0
1405,35,5,0,-4.6,-5.5,0
1406,35,6,0,-3.5999999999999996,-5.5,0
1407,35,7,0,-2.5999999999999996,-5.5,0
1408,35,8,0,-1.5999999999999996,-5.5,0
1409,35,9,0,-0.5999999999999996,-5.5,0
1410,35,10,0,0.40000000000000036,-5.5,0
1411,35,11,0,1.4000000000000004,-5.5,0
1412,35,12,0,2.4000000000000004,-5.5,0
1413,35,13,0,3.4000000000000004,-5.5,0
1414,35,14,0,4.4,-5.5,0
1415,35,15,0,5.4,-5.5,0
1416,35,16,0,6.4,-5.5,0
1417,35,17,0,7.4,-5.5,0
1418,35,18,0,8.4,-5.5,0
1419,35,19,0,9.4,-5.5,0
1420,35,20,0,9.7,5.5,0
1421,35,21,0,8.7,5.5,0
1422,35,22,0,7.699999999999999,5.5,0
1423,35,23,0,6.699999999999999,5.5,0
1424,35,24,0,5.699999999999999,5.5,0
1425,35,25,0,4.699999999999999,5.5,0
1426,35,26,0,3.6999999999999993,5.5,0
1427,35,27,0,2.6999999999999993,5.5,0
1428,35,28,0,1.6999999999999993,5.5,0
1429,35,29,0,0.6999999999999993,5.5,0
1430,35,30,0,-0.3000000000000007,5.5,0
1431,35,31,0,-1.3000000000000007,5.5,0
1432,35,32,0,-2.3000000000000007,5.5,0
1433,35,33,0,-3.3000000000000007,5.5,0
1434,35,34,0,-4.300000000000001,5.5,0
1435,35,35,0,-5.300000000000001,5.5,0
1436,35,36,0,-6.300000000000001,5.5,0
1437,35,37,0,-7.300000000000001,5.5,0
1438,35,38,0,-8.3,5.5,0
1439,35,39,0,-9.3,5.5,0
1440,36,0,0,-9.6,-6.5,0
1441,36,1,0,-8.6,-6.5,0
1442,36,2,0,-7.6,-6.5,0
1443,36,3,0,-6.6,-6.5,0
1444,36,4,0,-5.6,-6.5,0
1445,36,5,0,-4.6,-6.5,0
1446,36,6,0,-3.5999999999999996,-6.5,0
1447,36,7,0,-2.5999999999999996,-6.5,0
1448,36,8,0,-1.5999999999999996,-6.5,0
1449,36,9,0,-0.5999999999999996,-6.5,0
1450,36,10,0,0.40000000000000036,-6.5,0
1451,36,11,0,1.4000000000000004,-6.5,0
1452,36,12,0,2.4000000000000004,-6.5,0
1453,36,13,0,3.4000000000000004,-6.5,0
1454,36,14,0,4.4,-6.5,0
1455,36,15,0,5.4,-6.5,0
1456,36,16,0,6.4,-6.5,0
1457,36,17,0,7.4,-6.5,0
1458,36,18,0,8.4,-6.5,0
1459,36,19,0,9.4,-6.5,0
1460,36,20,0,9.7,6.5,0
1461,36,21,0,8.7,6.5,0
1462,36,22,0,7.699999999999999,6.5,0
1463,36,23,0,6.699999999999999,6.5,0
1464,36,24,0,5.699999999999999,6.5,0
1465,36,25,0,4.699999999999999,6.5,0
1466,36,26,0,3.6999999999999993,6.5,0
1467,36,27,0,2.6999999999999993,6.5,0
1468,36,28,0,1.6999999999999993,6.5,0
1469,36,29,0,0.6999999999999993,6.5,0
1470,36,30,0,-0.3000000000000007,6.5,0
1471,36,31,0,-1.3000000000000007,6.5,0
1472,36,32,0,-2.3000000000000007,6.5,0
1473,36,33,0,-3.3000000000000007,6.5,0
1474,36,34,0,-4.300000000000001,6.5,0
1475,36,35,0,-5.300000000000001,6.5,0
1476,36,36,0,-6.300000000000001,6.5,0
1477,36,37,0,-7.300000000000001,6.5,0
1478,36,38,0,-8.3,6.5,0
1479,36,39,0,-9.3,6.5,0
1480,37,0,0,-9.6,-7.5,0
1481,37,1,0,-8.6,-7.5,0
1482,37,2,0,-7.6,-7.5,0
1483,37,3,0,-6.6,-7.5,0
1484,37,4,0,-5.6,-7.5,0
1485,37,5,0,-4.6,-7.5,0
1486,37,6,0,-3.5999999999999996,-7.5,0
1487,37,7,0,-2.5999999999999996,-7.5,0
1488,37,8,0,-1.5999999999999996,-7.5,0
1489,37,9,0,-0.5999999999999996,-7.5,0
1490,37,10,0,0.40000000000000036,-7.5,0
1491,37,11,0,1.4000000000000004,-7.5,0
1492,37,12,0,2.4000000000000004,-7.5,0
1493,37,13,0,3.4000000000000004,-7.5,0
1494,37,14,0,4.4,-7.5,0
1495,37,15,0,5.4,-7.5,0
1496,37,16,0,6.4,-7.5,0
1497,37,17,0,7.4,-7.5,0
1498,37,18,0,8.4,-7.5,0
1499,37,19,0,9.4,-7.5,0
1500,37,20,0,9.7,7.5,0
1501,37,21,0,8.7,7.5,0
1502,37,22,0,7.699999999999999,7.5,0
1503,37,23,0,6.699999999999999,7.5,0
1504,37,24,0,5.699999999999999,7.5,0
1505,37,25,0,4.699999999999999,7.5,0
1506,37,26,0,3.6999999999999993,7.5,0
1507,37,27,0,2.6999999999999993,7.5,0
1508,37,28,0,1.6999999999999993,7.5,0
1509,37,29,0,0.6999999999999993,7.5,0
1510,37,30,0,-0.3000000000000007,7.5,0
1511,37,31,0,-1.3000000000000007,7.5,0
1512,37,32,0,-2.3000000000000007,7.5,0
1513,37,33,0,-3.3000000000000007,7.5,0
1514,37,34,0,-4.300000000000001,7.5,0
1515,37,35,0,-5.300000000000001,7.5,0
1516,37,36,0,-6.300000000000001,7.5,0
1517,37,37,0,-7.300000000000001,7.5,0
1518,37,38,0,-8.3,7.5,0
1519,37,39,0,-9.3,7.5,0
1520,38,0,0,-9.6,-8.5,0
1521,38,1,0,-8.6,-8.5,0
1522,38,2,0,-7.6,-8.5,0
1523,38,3,0,-6.6,-8.5,0
1524,38,4,0,-5.6,-8.5,0
1525,38,5,0,-4.6,-8.5,0
1526,38,6,0,-3.5999999999999996,-8.5,0
1527,38,7,0,-2.5999999999999996,-8.5,0
1528,38,8,0,-1.5999999999999996,-8.5,0
1529,38,9,0,-0.5999999999999996,-8.5,0
1530,38,10,0,0.40000000000000036,-8.5,0
1531,38,11,0,1.4000000000000004,-8.5,0
1532,38,12,0,2.4000000000000004,-8.5,0
1533,38,13,0,3.4000000000000004,-8.5,0
1534,38,14,0,4.4,-8.5,0
1535,38,15,0,5.4,-8.5,0
1536,38,16,0,6.4,-8.5,0
1537,38,17,0,7.4,-8.5,0
1538,38,18,0,8.4,-8.5,0
1539,38,19,0,9.4,-8.5,0
1540,38,20,0,9.7,8.5,0
1541,38,21,0,8.7,8.5,0
1542,38,22,0,7.699999999999999,8.5,0
1543,38,23,0,6.699999999999999,8.5,0
1544,38,24,0,5.699999999999999,8.5,0
1545,38,25,0,4.699999999999999,8.5,0
1546,38,26,0,3.6999999999999993,8.5,0
1547,38,27,0,2.6999999999999993,8.5,0
1548,38,28,0,1.6999999999999993,8.5,0
1549,38,29,0,0.6999999999999993,8.5,0
1550,38,30,0,-0.3000000000000007,8.5,0
1551,38,31,0,-1.3000000000000007,8.5,0
1552,38,32,0,-2.3000000000000007,8.5,0
1553,38,33,0,-3.3000000000000007,8.5,0
1554,38,34,0,-4.300000000000001,8.5,0
1555,38,35,0,-5.300000000000001,8.5,0
1556,38,36,0,-6.300000000000001,8.5,0
1557,38,37,0,-7.300000000000001,8.5,0
1558,38,38,0,-8.3,8.5,0
1559,38,39,0,-9.3,8.5,0
1560,39,0,0,-9.6,-9.5,0
1561,39,1,0,-8.6,-9.5,0
1562,39,2,0,-7.6,-9.5,0
1563,39,3,0,-6.6,-9.5,0
1564,39,4,0,-5.6,-9.5,0
1565,39,5,0,-4.6,-9.5,0
1566,39,6,0,-3.5999999999999996,-9.5,0
1567,39,7,0,-2.5999999999999996,-9.5,0
1568,39,8,0,-1.5999999999999996,-9.5,0
1569,39,9,0,-0.5999999999999996,-9.5,0
1570,39,10,0,0.40000000000000036,-9.5,0
1571,39,11,0,1.4000000000000004,-9.5,0
1572,39,12,0,2.4000000000000004,-9.5,0
1573,39,13,0,3.4000000000000004,-9.5,0
1574,39,14,0,4.4,-9.5,0
1575,39,15,0,5.4,-9.5,0
1576,39,16,0,6.4,-9.5,0
1577,39,17,0,7.4,-9.5,0
1578,39,18,0,8.4,-9.5,0
1579,39,19,0,9.4,-9.5,0
1580,39,20,0,9.7,9.5,0
1581,39,21,0,8.7,9.5,0
1582,39,22,0,7.699999999999999,9.5,0
1583,39,23,0,6.699999999999999,9.5,0
1584,39,24,0,5.699999999999999,9.5,0
1585,39,25,0,4.699999999999999,9.5,0
1586,39,26,0,3.6999999999999993,9.5,0
1587,39,27,0,2.6999999999999993,9.5,0
1588,39,28,0,1.6999999999999993,9.5,0
1589,39,29,0,0.6999999999999993,9.5,0
1590,39,30,0,-0.3000000000000007,9.5,0
1591,39,31,0,-1.3000000000000007,9.5,0
1592,39,32,0,-2.3000000000000007,9.5,0
1593,39,33,0,-3.3000000000000007,9.5,0
1594,39,34,0,-4.300000000000001,9.5,0
1595,39,35,0,-5.300000000000001,9.5,0
1596,39,36,0,-6.300000000000001,9.5,0
1597,39,37,0,-7.300000000000001,9.5,0
1598,39,38,0,-8.3,9.5,0
1599,39,39,0,-9.3,9.5,0
1600,40,0,0,9.6,-9.700000000000003,0
1601,40,1,0,8.6,-9.700000000000003,0
1602,40,2,0,7.6,-9.700000000000003,0
1603,40,3,0,6.6,-9.700000000000003,0
1604,40,4,0,5.6,-9.700000000000003,0
1605,40,5,0,4.6,-9.700000000000003,0
1606,40,6,0,3.5999999999999996,-9.700000000000003,0
1607,40,7,0,2.5999999999999996,-9.700000000000003,0
1608,40,8,0,1.5999999999999996,-9.700000000000003,0
1609,40,9,0,0.5999999999999996,-9.700000000000003,0
1610,40,10,0,-0.40000000000000036,-9.700000000000003,0
1611,40,11,0,-1.4000000000000004,-9.700000000000003,0
1612,40,12,0,-2.4000000000000004,-9.700000000000003,0
1613,40,13,0,-3.4000000000000004,-9.700000000000003,0
1614,40,14,0,-4.4,-9.700000000000003,0
1615,40,15,0,-5.4,-9.700000000000003,0
1616,40,16,0,-6.4,-9.700000000000003,0
1617,40,17,0,-7.4,-9.700000000000003,0
1618,40,18,0,-8.4,-9.700000000000003,0
1619,40,19,0,-9.4,-9.700000000000003,0
1620,40,20,0,-9.7,9.600000000000001,0
1621,40,21,0,-8.7,9.600000000000001,0
1622,40,22,0,-7.699999999999999,9.600000000000001,0
1623,40,23,0,-6.699999999999999,9.600000000000001,0
1624,40,24,0,-5.699999999999999,9.600000000000001,0
1625,40,25,0,-4.699999999999999,9.600000000000001,0
1626,40,26,0,-3.6999999999999993,9.600000000000001,0
1627,40,27,0,-2.6999999999999993,9.600000000000001,0
1628,40,28,0,-1.6999999999999993,9.600000000000001,0
1629,40,29,0,-0.6999999999999993,9.600000000000001,0
1630,40,30,0,0.3000000000000007,9.600000000000001,0
1631,40,31,0,1.3000000000000007,9.600000000000001,0
1632,40,32,0,2.3000000000000007,9.600000000000001,0
1633,40,33,0,3.3000000000000007,9.600000000000001,0
1634,40,34,0,4.300000000000001,9.600000000000001,0
1635,40,35,0,5.300000000000001,9.600000000000001,0
1636,40,36,0,6.300000000000001,9.600000000000001,0
1637,40,37,0,7.300000000000001,9.600000000000001,0
1638,40,38,0,8.3,9.600000000000001,0
1639,40,39,0,9.3,9.600000000000001,0
1640,41,0,0,9.6,-8.700000000000003,0
1641,41,1,0,8.6,-8.700000000000003,0
1642,41,2,0,7.6,-8.700000000000003,0
1643,41,3,0,6.6,-8.700000000000003,0
1644,41,4,0,5.6,-8.700000000000003,0
1645,41,5,0,4.6,-8.700000000000003,0
1646,41,6,0,3.5999999999999996,-8.700000000000003,0
1647,41,7,0,2.5999999999999996,-8.700000000000003,0
1648,41,8,0,1.5999999999999996,-8.700000000000003,0
1649,41,9,0,0.5999999999999996,-8.700000000000003,0
1650,41,10,0,-0.40000000000000036,-8.700000000000003,0
1651,41,11,0,-1.4000000000000004,-8.700000000000003,0
1652,41,12,0,-2.4000000000000004,-8.700000000000003,0
1653,41,13,0,-3.4000000000000004,-8.700000000000003,0
1654,41,14,0,-4.4,-8.700000000000003,0
1655,41,15,0,-5.4,-8.700000000000003,0
1656,41,16,0,-6.4,-8.700000000000003,0
1657,41,17,0,-7.4,-8.700000000000003,0
1658,41,18,0,-8.4,-8.700000000000003,0
1659,41,19,0,-9.4,-8.700000000000003,0
1660,41,20,0,-9.7,8.600000000000001,0
1661,41,21,0,-8.7,8.600000000000001,0
1662,41,22,0,-7.699999999999999,8.600000000000001,0
1663,41,23,0,-6.699999999999999,8.600000000000001,0
1664,41,24,0,-5.699999999999999,8.600000000000001,0
1665,41,25,0,-4.699999999999999,8.600000000000001,0
1666,41,26,0,-3.6999999999999993,8.600000000000001,0
1667,41,27,0,-2.6999999999999993,8.600000000000001,0
1668,41,28,0,-1.6999999999999993,8.600000000000001,0
1669,41,29,0,-0.6999999999999993,8.600000000000001,0
1670,41,30,0,0.3000000000000007,8.600000000000001,0
1671,41,31,0,1.3000000000000007,8.600000000000001,0
1672,41,32,0,2.3000000000000007,8.600000000000001,0
1673,41,33,0,3.3000000000000007,8.600000000000001,0
1674,41,34,0,4.300000000000001,8.600000000000001,0
1675,41,35,0,5.300000000000001,8.600000000000001,0
1676,41,36,0,6.300000000000001,8.600000000000001,0
1677,41,37,0,7.300000000000001,8.600000000000001,0
1678,41,38,0,8.3,8.600000000000001,0
1679,41,39,0,9.3,8.600000000000001,0
1680,42,0,0,9.6,-7.700000000000003,0
1681,42,1,0,8.6,-7.700000000000003,0
1682,42,2,0,7.6,-7.700000000000003,0
1683,42,3,0,6.6,-7.700000000000003,0
1684,42,4,0,5.6,-7.700000000000003,0
1685,42,5,0,4.6,-7.700000000000003,0
1686,42,6,0,3.5999999999999996,-7.700000000000003,0
1687,42,7,0,2.5999999999999996,-7.700000000000003,0
1688,42,8,0,1.5999999999999996,-7.700000000000003,0
1689,42,9,0,0.5999999999999996,-7.700000000000003,0
1690,42,10,0,-0.40000000000000036,-7.700000000000003,0
1691,42,11,0,-1.4000000000000004,-7.700000000000003,0
1692,42,12,0,-2.4000000000000004,-7.700000000000003,0
1693,42,13,0,-3.4000000000000004,-7.700000000000003,0
1694,42,14,0,-4.4,-7.700000000000003,0
1695,42,15,0,-5.4,-7.700000000000003,0
1696,42,16,0,-6.4,-7.700000000000003,0
1697,42,17,0,-7.4,-7.700000000000003,0
1698,42,18,0,-8.4,-7.700000000000003,0
1699,42,19,0,-9.4,-7.700000000000003,0
1700,42,20,0,-9.7,7.600000000000001,0
1701,42,21,0,-8.7,7.600000000000001,0
1702,42,22,0,-7.699999999999999,7.600000000000001,0
1703,42,23,0,-6.699999999999999,7.600000000000001,0
1704,42,24,0,-5.699999999999999,7.600000000000001,0
1705,42,25,0,-4.699999999999999,7.600000000000001,0
1706,42,26,0,-3.6999999999999993,7.600000000000001,0
1707,42,27,0,-2.6999999999999993,7.600000000000001,0
1708,42,28,0,-1.6999999999999993,7.600000000000001,0
1709,42,29,0,-0.6999999999999993,7.600000000000001,0
1710,42,30,0,0.3000000000000007,7.600000000000001,0
1711,42,31,0,1.3000000000000007,7.600000000000001,0
1712,42,32,0,2.3000000000000007,7.600000000000001,0
1713,42,33,0,3.3000000000000007,7.600000000000001,0
1714,42,34,0,4.300000000000001,7.600000000000001,0
1715,42,35,0,5.300000000000001,7.600000000000001,0
1716,42,36,0,6.300000000000001,7.600000000000001,0
1717,42,37,0,7.300000000000001,7.600000000000001,0
1718,42,38,0,8.3,7.600000000000001,0
1719,42,39,0,9.3,7.600000000000001,0
1720,43,0,0,9.6,-6.700000000000003,0
1721,43,1,0,8.6,-6.700000000000003,0
1722,43,2,0,7.6,-6.700000000000003,0
1723,43,3,0,6.6,-6.700000000000003,0
1724,43,4,0,5.6,-6.700000000000003,0
1725,43,5,0,4.6,-6.700000000000003,0
1726,43,6,0,3.5999999999999996,-6.700000000000003,0
1727,43,7,0,2.5999999999999996,-6.700000000000003,0
1728,43,8,0,1.5999999999999996,-6.700000000000003,0
1729,43,9,0,0.5999999999999996,-6.700000000000003,0
1730,43,10,0,-0.40000000000000036,-6.700000000000003,0
1731,43,11,0,-1.4000000000000004,-6.700000000000003,0
1732,43,12,0,-2.4000000000000004,-6.700000000000003,0
1733,43,13,0,-3.4000000000000004,-6.700000000000003,0
1734,43,14,0,-4.4,-6.700000000000003,0
1735,43,15,0,-5.4,-6.700000000000003,0
1736,43,16,0,-6.4,-6.700000000000003,0
1737,43,17,0,-7.4,-6.700000000000003,0
1738,43,18,0,-8.4,-6.700000000000003,0
1739,43,19,0,-9.4,-6.700000000000003,0
1740,43,20,0,-9.7,6.600000000000001,0
1741,43,21,0,-8.7,6.600000000000001,0
1742,43,22,0,-7.699999999999999,6.600000000000001,0
1743,43,23,0,-6.699999999999999,6.600000000000001,0
1744,43,24,0,-5.699999999999999,6.600000000000001,0
1745,43,25,0,-4.699999999999999,6.600000000000001,0
1746,43,26,0,-3.6999999999999993,6.600000000000001,0
1747,43,27,0,-2.6999999999999993,6.600000000000001,0
1748,43,28,0,-1.6999999999999993,6.600000000000001,0
1749,43,29,0,-0.6999999999999993,6.600000000000001,0
1750,43,30,0,0.3000000000000007,6.600000000000001,0
1751,43,31,0,1.3000000000000007,6.600000000000001,0
1752,43,32,0,2.3000000000000007,6.600000000000001,0
1753,43,33,0,3.3000000000000007,6.600000000000001,0
1754,43,34,0,4.300000000000001,6.600000000000001,0
1755,43,35,0,5.300000000000001,6.600000000000001,0
1756,43,36,0,6.300000000000001,6.600000000000001,0
1757,43,37,0,7.300000000000001,6.600000000000001,0
1758,43,38,0,8.3,6.600000000000001,0
1759,43,39,0,9.3,6.600000000000001,0
1760,44,0,0,9.6,-5.700000000000003,0
1761,44,1,0,8.6,-5.700000000000003,0
1762,44,2,0,7.6,-5.700000000000003,0
1763,44,3,0,6.6,-5.700000000000003,0
1764,44,4,0,5.6,-5.700000000000003,0
1765,44,5,0,4.6,-5.700000000000003,0
1766,44,6,0,3.5999999999999996,-5.700000000000003,0
1767,44,7,0,2.5999999999999996,-5.700000000000003,0
1768,44,8,0,1.5999999999999996,-5.700000000000003,0
1769,44,9,0,0.5999999999999996,-5.700000000000003,0
1770,44,10,0,-0.40000000000000036,-5.700000000000003,0
1771,44,11,0,-1.4000000000000004,-5.700000000000003,0
1772,44,12,0,-2.4000000000000004,-5.700000000000003,0
1773,44,13,0,-3.4000000000000004,-5.700000000000003,0
1774,44,14,0,-4.4,-5.700000000000003,0
1775,44,15,0,-5.4,-5.700000000000003,0
1776,44,16,0,-6.4,-5.700000000000003,0
1777,44,17,0,-7.4,-5.700000000000003,0
1778,44,18,0,-8.4,-5.700000000000003,0
1779,44,19,0,-9.4,-5.700000000000003,0
1780,44,20,0,-9.7,5.600000000000001,0
1781,44,21,0,-8.7,5.600000000000001,0
1782,44,22,0,-7.699999999999999,5.600000000000001,0
1783,44,23,0,-6.699999999999999,5.600000000000001,0
1784,44,24,0,-5.699999999999999,5.600000000000001,0
1785,44,25,0,-4.699999999999999,5.600000000000001,0
1786,44,26,0,-3.6999999999999993,5.600000000000001,0
1787,44,27,0,-2.6999999999999993,5.600000000000001,0
1788,44,28,0,-1.6999999999999993,5.600000000000001,0
1789,44,29,0,-0.6999999999999993,5.600000000000001,0
1790,44,30,0,0.3000000000000007,5.600000000000001,0
1791,44,31,0,1.3000000000000007,5.600000000000001,0
1792,44,32,0,2.3000000000000007,5.600000000000001,0
1793,44,33,0,3.3000000000000007,5.600000000000001,0
1794,44,34,0,4.300000000000001,5.600000000000001,0
1795,44,35,0,5.300000000000001,5.600000000000001,0
1796,44,36,0,6.300000000000001,5.600000000000001,0
1797,44,37,0,7.300000000000001,5.600000000000001,0
1798,44,38,0,8.3,5.600000000000001,0
1799,44,39,0,9.3,5.600000000000001,0
1800,45,0,0,9.6,-4.700000000000003,0
1801,45,1,0,8.6,-4.700000000000003,0
1802,45,2,0,7.6,-4.700000000000003,0
1803,45,3,0,6.6,-4.700000000000003,0
1804,45,4,0,5.6,-4.700000000000003,0
1805,45,5,0,4.6,-4.700000000000003,0
1806,45,6,0,3.5999999999999996,-4.700000000000003,0
1807,45,7,0,2.5999999999999996,-4.700000000000003,0
1808,45,8,0,1.5999999999999996,-4.700000000000003,0
1809,45,9,0,0.5999999999999996,-4.700000000000003,0
1810,45,10,0,-0.40000000000000036,-4.700000000000003,0
1811,45,11,0,-1.4000000000000004,-4.700000000000003,0
1812,45,12,0,-2.4000000000000004,-4.700000000000003,0
1813,45,13,0,-3.4000000000000004,-4.700000000000003,0
1814,45,14,0,-4.4,-4.700000000000003,0
1815,45,15,0,-5.4,-4.700000000000003,0
1816,45,16,0,-6.4,-4.700000000000003,0
1817,45,17,0,-7.4,-4.700000000000003,0
1818,45,18,0,-8.4,-4.700000000000003,0
1819,45,19,0,-9.4,-4.700000000000003,0
1820,45,20,0,-9.7,4.600000000000001,0
1821,45,21,0,-8.7,4.600000000000001,0
1822,45,22,0,-7.699999999999999,4.600000000000001,0
1823,45,23,0,-6.699999999999999,4.600000000000001,0
1824,45,24,0,-5.699999999999999,4.600000000000001,0
1825,45,25,0,-4.699999999999999,4.600000000000001,0
1826,45,26,0,-3.6999999999999993,4.600000000000001,0
1827,45,27,0,-2.6999999999999993,4.600000000000001,0
1828,45,28,0,-1.6999999999999993,4.600000000000001,0
1829,45,29,0,-0.6999999999999993,4.600000000000001,0
1830,45,30,0,0.3000000000000007,4.600000000000001,0
1831,45,31,0,1.3000000000000007,4.600000000000001,0
1832,45,32,0,2.3000000000000007,4.600000000000001,0
1833,45,33,0,3.3000000000000007,4.600000000000001,0
1834,45,34,0,4.300000000000001,4.600000000000001,0
1835,45,35,0,5.300000000000001,4.600000000000001,0
1836,45,36,0,6.300000000000001,4.600000000000001,0
1837,45,37,0,7.300000000000001,4.600000000000001,0
1838,45,38,0,8.3,4.600000000000001,0
1839,45,39,0,9.3,4.600000000000001,0
1840,46,0,0,9.6,-3.700000000000003,0
1841,46,1,0,8.6,-3.700000000000003,0
1842,46,2,0,7.6,-3.700000000000003,0
1843,46,3,0,6.6,-3.700000000000003,0
1844,46,4,0,5.6,-3.700000000000003,0
1845,46,5,0,4.6,-3.700000000000003,0
1846,46,6,0,3.5999999999999996,-3.700000000000003,0
1847,46,7,0,2.5999999999999996,-3.700000000000003,0
1848,46,8,0,1.5999999999999996,-3.700000000000003,0
1849,46,9,0,0.5999999999999996,-3.700000000000003,0
1850,46,10,0,-0.40000000000000036,-3.700000000000003,0
1851,46,11,0,-1.4000000000000004,-3.700000000000003,0
1852,46,12,0,-2.4000000000000004,-3.700000000000003,0
1853,46,13,0,-3.4000000000000004,-3.700000000000003,0
1854,46,14,0,-4.4,-3.700000000000003,0
1855,46,15,0,-5.4,-3.700000000000003,0
1856,46,16,0,-6.4,-3.700000000000003,0
1857,46,17,0,-7.4,-3.700000000000003,0
1858,46,18,0,-8.4,-3.700000000000003,0
1859,46,19,0,-9.4,-3.700000000000003,0
1860,46,20,0,-9.7,3.6000000000000014,0
1861,46,21,0,-8.7,3.6000000000000014,0
1862,46,22,0,-7.699999999999999,3.6000000000000014,0
1863,46,23,0,-6.699999999999999,3.6000000000000014,0
1864,46,24,0,-5.699999999999999,3.6000000000000014,0
1865,46,25,0,-4.699999999999999,3.6000000000000014,0
1866,46,26,0,-3.6999999999999993,3.6000000000000014,0
1867,46,27,0,-2.6999999999999993,3.6000000000000014,0
1868,46,28,0,-1.6999999999999993,3.6000000000000014,0
1869,46,29,0,-0.6999999999999993,3.6000000000000014,0
1870,46,30,0,0.3000000000000007,3.6000000000000014,0
1871,46,31,0,1.3000000000000007,3.6000000000000014,0
1872,46,32,0,2.3000000000000007,3.6000000000000014,0
1873,46,33,0,3.3000000000000007,3.6000000000000014,0
1874,46,34,0,4.300000000000001,3.6000000000000014,0
1875,46,35,0,5.300000000000001,3.6000000000000014,0
1876,46,36,0,6.300000000000001,3.6000000000000014,0
1877,46,37,0,7.300000000000001,3.6000000000000014,0
1878,46,38,0,8.3,3.6000000000000014,0
1879,46,39,0,9.3,3.6000000000000014,0
1880,47,0,0,9.6,-2.700000000000003,0
1881,47,1,0,8.6,-2.700000000000003,0
1882,47,2,0,7.6,-2.700000000000003,0
1883,47,3,0,6.6,-2.700000000000003,0
1884,47,4,0,5.6,-2.700000000000003,0
1885,47,5,0,4.6,-2.700000000000003,0
1886,47,6,0,3.5999999999999996,-2.700000000000003,0
1887,47,7,0,2.5999999999999996,-2.700000000000003,0
1888,47,8,0,1.5999999999999996,-2.700000000000003,0
1889,47,9,0,0.5999999999999996,-2.700000000000003,0
1890,47,10,0,-0.40000000000000036,-2.700000000000003,0
1891,47,11,0,-1.4000000000000004,-2.700000000000003,0
1892,47,12,0,-2.4000000000000004,-2.700000000000003,0
1893,47,13,0,-3.4000000000000004,-2.700000000000003,0
1894,47,14,0,-4.4,-2.700000000000003,0
1895,47,15,0,-5.4,-2.700000000000003,0
1896,47,16,0,-6.4,-2.700000000000003,0
1897,47,17,0,-7.4,-2.700000000000003,0
1898,47,18,0,-8.4,-2.700000000000003,0
1899,47,19,0,-9.4,-2.700000000000003,0
1900,47,20,0,-9.7,2.6000000000000014,0
1901,47,21,0,-8.7,2.6000000000000014,0
1902,47,22,0,-7.699999999999999,2.6000000000000014,0
1903,47,23,0,-6.699999999999999,2.6000000000000014,0
1904,47,24,0,-5.699999999999999,2.6000000000000014,0
1905,47,25,0,-4.699999999999999,2.6000000000000014,0
1906,47,26,0,-3.6999999999999993,2.6000000000000014,0
1907,47,27,0,-2.6999999999999993,2.6000000000000014,0
1908,47,28,0,-1.6999999999999993,2.6000000000000014,0
1909,47,29,0,-0.6999999999999993,2.6000000000000014,0
1910,47,30,0,0.3000000000000007,2.6000000000000014,0
1911,47,31,0,1.3000000000000007,2.6000000000000014,0
1912,47,32,0,2.3000000000000007,2.6000000000000014,0
1913,47,33,0,3.3000000000000007,2.6000000000000014,0
1914,47,34,0,4.300000000000001,2.6000000000000014,0
1915,47,35,0,5.300000000000001,2.6000000000000014,0
1916,47,36,0,6.300000000000001,2.6000000000000014,0
1917,47,37,0,7.300000000000001,2.6000000000000014,0
1918,47,38,0,8.3,2.6000000000000014,0
1919,47,39,0,9.3,2.6000000000000014,0
1920,48,0,0,9.6,-1.7000000000000028,0
1921,48,1,0,8.6,-1.7000000000000028,0
1922,48,2,0,7.6,-1.7000000000000028,0
1923,48,3,0,6.6,-1.7000000000000028,0
1924,48,4,0,5.6,-1.7000000000000028,0
1925,48,5,0,4.6,-1.7000000000000028,0
1926,48,6,0,3.5999999999999996,-1.7000000000000028,0
1927,48,7,0,2.5999999999999996,-1.7000000000000028,0
1928,48,8,0,1.5999999999999996,-1.7000000000000028,0
1929,48,9,0,0.5999999999999996,-1.7000000000000028,0
1930,48,10,0,-0.40000000000000036,-1.7000000000000028,0
1931,48,11,0,-1.4000000000000004,-1.7000000000000028,0
1932,48,12,0,-2.4000000000000004,-1.7000000000000028,0
1933,48,13,0,-3.4000000000000004,-1.7000000000000028,0
1934,48,14,0,-4.4,-1.7000000000000028,0
1935,48,15,0,-5.4,-1.7000000000000028,0
1936,48,16,0,-6.4,-1.7000000000000028,0
1937,48,17,0,-7.4,-1.7000000000000028,0
1938,48,18,0,-8.4,-1.7000000000000028,0
1939,48,19,0,-9.4,-1.7000000000000028,0
1940,48,20,0,-9.7,1.6000000000000014,0
1941,48,21,0,-8.7,1.6000000000000014,0
1942,48,22,0,-7.699999999999999,1.6000000000000014,0
1943,48,23,0,-6.699999999999999,1.6000000000000014,0
1944,48,24,0,-5.699999999999999,1.6000000000000014,0
1945,48,25,0,-4.699999999999999,1.6000000000000014,0
1946,48,26,0,-3.6999999999999993,1.6000000000000014,0
1947,48,27,0,-2.6999999999999993,1.6000000000000014,0
1948,48,28,0,-1.6999999999999993,1.6000000000000014,0
1949,48,29,0,-0.6999999999999993,1.6000000000000014,0
1950,48,30,0,0.3000000000000007,1.6000000000000014,0
1951,48,31,0,1.3000000000000007,1.6000000000000014,0
1952,48,32,0,2.3000000000000007,1.6000000000000014,0
1953,48,33,0,3.3000000000000007,1.6000000000000014,0
1954,48,34,0,4.300000000000001,1.6000000000000014,0
1955,48,35,0,5.300000000000001,1.6000000000000014,0
1956,48,36,0,6.300000000000001,1.6000000000000014,0
1957,48,37,0,7.300000000000001,1.6000000000000014,0
1958,48,38,0,8.3,1.6000000000000014,0
1959,48,39,0,9.3,1.6000000000000014,0
1960,49,0,0,9.6,-0.7000000000000028,0
1961,49,1,0,8.6,-0.7000000000000028,0
1962,49,2,0,7.6,-0.7000000000000028,0
1963,49,3,0,6.6,-0.7000000000000028,0
1964,49,4,0,5.6,-0.7000000000000028,0
1965,49,5,0,4.6,-0.7000000000000028,0
1966,49,6,0,3.5999999999999996,-0.7000000000000028,0
1967,49,7,0,2.5999999999999996,-0.7000000000000028,0
1968,49,8,0,1.5999999999999996,-0.7000000000000028,0
1969,49,9,0,0.5999999999999996,-0.7000000000000028,0
1970,49,10,0,-0.40000000000000036,-0.7000000000000028,0
1971,49,11,0,-1.4000000000000004,-0.7000000000000028,0
1972,49,12,0,-2.4000000000000004,-0.7000000000000028,0
1973,49,13,0,-3.4000000000000004,-0.7000000000000028,0
1974,49,14,0,-4.4,-0.7000000000000028,0
1975,49,15,0,-5.4,-0.7000000000000028,0
1976,49,16,0,-6.4,-0.7000000000000028,0
1977,49,17,0,-7.4,-0.7000000000000028,0
1978,49,18,0,-8.4,-0.7000000000000028,0
1979,49,19,0,-9.4,-0.7000000000000028,0
1980,49,20,0,-9.7,0.6000000000000014,0
1981,49,21,0,-8.7,0.6000000000000014,0
1982,49,22,0,-7.699999999999999,0.6000000000000014,0
1983,49,23,0,-6.699999999999999,0.6000000000000014,0
1984,49,24,0,-5.699999999999999,0.6000000000000014,0
1985,49,25,0,-4.699999999999999,0.6000000000000014,0
1986,49,26,0,-3.6999999999999993,0.6000000000000014,0
1987,49,27,0,-2.6999999999999993,0.6000000000000014,0
1988,49,28,0,-1.6999999999999993,0.6000000000000014,0
1989,49,29,0,-0.6999999999999993,0.6000000000000014,0
1990,49,30,0,0.3000000000000007,0.6000000000000014,0
1991,49,31,0,1.3000000000000007,0.6000000000000014,0
1992,49,32,0,2.3000000000000007,0.6000000000000014,0
1993,49,33,0,3.3000000000000007,0.6000000000000014,0
1994,49,34,0,4.300000000000001,0.6000000000000014,0
1995,49,35,0,5.300000000000001,0.6000000000000014,0
1996,49,36,0,6.300000000000001,0.6000000000000014,0
1997,49,37,0,7.300000000000001,0.6000000000000014,0
1998,49,38,0,8.3,0.6000000000000014,0
1999,49,39,0,9.3,0.6000000000000014,0
2000,50,0,0,9.6,0.29999999999999716,0
2001,50,1,0,8.6,0.29999999999999716,0
2002,50,2,0,7.6,0.29999999999999716,0
2003,50,3,0,6.6,0.29999999999999716,0
2004,50,4,0,5.6,0.29999999999999716,0
2005,50,5,0,4.6,0.29999999999999716,0
2006,50,6,0,3.5999999999999996,0.29999999999999716,0
2007,50,7,0,2.5999999999999996,0.29999999999999716,0
2008,50,8,0,1.5999999999999996,0.29999999999999716,0
2009,50,9,0,0.5999999999999996,0.29999999999999716,0
2010,50,10,0,-0.40000000000000036,0.29999999999999716,0
2011,50,11,0,-1.4000000000000004,0.29999999999999716,0
2012,50,12,0,-2.4000000000000004,0.29999999999999716,0
2013,50,13,0,-3.4000000000000004,0.29999999999999716,0
2014,50,14,0,-4.4,0.29999999999999716,0
2015,50,15,0,-5.4,0.29999999999999716,0
2016,50,16,0,-6.4,0.29999999999999716,0
2017,50,17,0,-7.4,0.29999999999999716,0
2018,50,18,0,-8.4,0.29999999999999716,0
2019,50,19,0,-9.4,0.29999999999999716,0
2020,50,20,0,-9.7,-0.3999999999999986,0
2021,50,21,0,-8.7,-0.3999999999999986,0
2022,50,22,0,-7.699999999999999,-0.3999999999999986,0
2023,50,23,0,-6.699999999999999,-0.3999999999999986,0
2024,50,24,0,-5.699999999999999,-0.3999999999999986,0
2025,50,25,0,-4.699999999999999,-0.3999999999999986,0
2026,50,26,0,-3.6999999999999993,-0.3999999999999986,0
2027,50,27,0,-2.6999999999999993,-0.3999999999999986,0
2028,50,28,0,-1.6999999999999993,-0.3999999999999986,0
2029,50,29,0,-0.6999999999999993,-0.3999999999999986,0
2030,50,30,0,0.3000000000000007,-0.3999999999999986,0
2031,50,31,0,1.3000000000000007,-0.3999999999999986,0
2032,50,32,0,2.3000000000000007,-0.3999999999999986,0
2033,50,33,0,3.3000000000000007,-0.3999999999999986,0
2034,50,34,0,4.300000000000001,-0.3999999999999986,0
2035,50,35,0,5.300000000000001,-0.3999999999999986,0
2036,50,36,0,6.300000000000001,-0.3999999999999986,0
2037,50,37,0,7.300000000000001,-0.3999999999999986,0
2038,50,38,0,8.3,-0.3999999999999986,0
2039,50,39,0,9.3,-0.3999999999999986,0
2040,51,0,0,9.6,1.2999999999999972,0
2041,51,1,0,8.6,1.2999999999999972,0
2042,51,2,0,7.6,1.2999999999999972,0
2043,51,3,0,6.6,1.2999999999999972,0
2044,51,4,0,5.6,1.2999999999999972,0
2045,51,5,0,4.6,1.2999999999999972,0
2046,51,6,0,3.5999999999999996,1.2999999999999972,0
2047,51,7,0,2.5999999999999996,1.2999999999999972,0
2048,51,8,0,1.5999999999999996,1.2999999999999972,0
2049,51,9,0,0.5999999999999996,1.2999999999999972,0
2050,51,10,0,-0.40000000000000036,1.2999999999999972,0
2051,51,11,0,-1.4000000000000004,1.2999999999999972,0
2052,51,12,0,-2.4000000000000004,1.2999999999999972,0
2053,51,13,0,-3.4000000000000004,1.2999999999999972,0
2054,51,14,0,-4.4,1.2999999999999972,0
2055,51,15,0,-5.4,1.2999999999999972,0
2056,51,16,0,-6.4,1.2999999999999972,0
2057,51,17,0,-7.4,1.2999999999999972,0
2058,51,18,0,-8.4,1.2999999999999972,0
2059,51,19,0,-9.4,1.2999999999999972,0
2060,51,20,0,-9.7,-1.3999999999999986,0
2061,51,21,0,-8.7,-1.3999999999999986,0
2062,51,22,0,-7.699999999999999,-1.3999999999999986,0
2063,51,23,0,-6.699999999999999,-1.3999999999999986,0
2064,51,24,0,-5.699999999999999,-1.3999999999999986,0
2065,51,25,0,-4.699999999999999,-1.3999999999999986,0
2066,51,26,0,-3.6999999999999993,-1.3999999999999986,0
2067,51,27,0,-2.6999999999999993,-1.3999999999999986,0
2068,51,28,0,-1.6999999999999993,-1.3999999999999986,0
2069,51,29,0,-0.6999999999999993,-1.3999999999999986,0
2070,51,30,0,0.3000000000000007,-1.3999999999999986,0
2071,51,31,0,1.3000000000000007,-1.3999999999999986,0
2072,51,32,0,2.3000000000000007,-1.3999999999999986,0
2073,51,33,0,3.3000000000000007,-1.3999999999999986,0
2074,51,34,0,4.300000000000001,-1.3999999999999986,0
2075,51,35,0,5.300000000000001,-1.3999999999999986,0
2076,51,36,0,6.300000000000001,-1.3999999999999986,0
2077,51,37,0,7.300000000000001,-1.3999999999999986,0
2078,51,38,0,8.3,-1.3999999999999986,0
2079,51,39,0,9.3,-1.3999999999999986,0
2080,52,0,0,9.6,2.299999999999997,0
2081,52,1,0,8.6,2.299999999999997,0
2082,52,2,0,7.6,2.299999999999997,0
2083,52,3,0,6.6,2.299999999999997,0
2084,52,4,0,5.6,2.299999999999997,0
2085,52,5,0,4.6,2.299999999999997,0
2086,52,6,0,3.5999999999999996,2.299999999999997,0
2087,52,7,0,2.5999999999999996,2.299999999999997,0
2088,52,8,0,1.5999999999999996,2.299999999999997,0
2089,52,9,0,0.5999999999999996,2.299999999999997,0
2090,52,10,0,-0.40000000000000036,2.299999999999997,0
2091,52,11,0,-1.4000000000000004,2.299999999999997,0
2092,52,12,0,-2.4000000000000004,2.299999999999997,0
2093,52,13,0,-3.4000000000000004,2.299999999999997,0
2094,52,14,0,-4.4,2.299999999999997,0
2095,52,15,0,-5.4,2.299999999999997,0
2096,52,16,0,-6.4,2.299999999999997,0
2097,52,17,0,-7.4,2.299999999999997,0
2098,52,18,0,-8.4,2.299999999999997,0
2099,52,19,0,-9.4,2.299999999999997,0
2100,52,20,0,-9.7,-2.3999999999999986,0
2101,52,21,0,-8.7,-2.3999999999999986,0
2102,52,22,0,-7.699999999999999,-2.3999999999999986,0
2103,52,23,0,-6.699999999999999,-2.3999999999999986,0
2104,52,24,0,-5.699999999999999,-2.3999999999999986,0
2105,52,25,0,-4.699999999999999,-2.3999999999999986,0
2106,52,26,0,-3.6999999999999993,-2.3999999999999986,0
2107,52,27,0,-2.6999999999999993,-2.3999999999999986,0
2108,52,28,0,-1.6999999999999993,-2.3999999999999986,0
2109,52,29,0,-0.6999999999999993,-2.3999999999999986,0
2110,52,30,0,0.3000000000000007,-2.3999999999999986,0
2111,52,31,0,1.3000000000000007,-2.3999999999999986,0
2112,52,32,0,2.3000000000000007,-2.3999999999999986,0
2113,52,33,0,3.3000000000000007,-2.3999999999999986,0
2114,52,34,0,4.300000000000001,-2.3999999999999986,0
2115,52,35,0,5.300000000000001,-2.3999999999999986,0
2116,52,36,0,6.300000000000001,-2.3999999999999986,0
2117,52,37,0,7.300000000000001,-2.3999999999999986,0
2118,52,38,0,8.3,-2.3999999999999986,0
2119,52,39,0,9.3,-2.3999999999999986,0
2120,53,0,0,9.6,3.299999999999997,0
2121,53,1,0,8.6,3.299999999999997,0
2122,53,2,0,7.6,3.299999999999997,0
2123,53,3,0,6.6,3.299999999999997,0
2124,53,4,0,5.6,3.299999999999997,0
2125,53,5,0,4.6,3.299999999999997,0
2126,53,6,0,3.5999999999999996,3.299999999999997,0
2127,53,7,0,2.5999999999999996,3.299999999999997,0
2128,53,8,0,1.5999999999999996,3.299999999999997,0
2129,53,9,0,0.5999999999999996,3.299999999999997,0
2130,53,10,0,-0.40000000000000036,3.299999999999997,0
2131,53,11,0,-1.4000000000000004,3.299999999999997,0
2132,53,12,0,-2.4000000000000004,3.299999999999997,0
2133,53,13,0,-3.4000000000000004,3.299999999999997,0
2134,53,14,0,-4.4,3.299999999999997,0
2135,53,15,0,-5.4,3.299999999999997,0
2136,53,16,0,-6.4,3.299999999999997,0
2137,53,17,0,-7.4,3.299999999999997,0
2138,53,18,0,-8.4,3.299999999999997,0
2139,53,19,0,-9.4,3.299999999999997,0
2140,53,20,0,-9.7,-3.3999999999999986,0
2141,53,21,0,-8.7,-3.3999999999999986,0
2142,53,22,0,-7.699999999999999,-3.3999999999999986,0
2143,53,23,0,-6.699999999999999,-3.3999999999999986,0
2144,53,24,0,-5.699999999999999,-3.3999999999999986,0
2145,53,25,0,-4.699999999999999,-3.3999999999999986,0
2146,53,26,0,-3.6999999999999993,-3.3999999999999986,0
2147,53,27,0,-2.6999999999999993,-3.3999999999999986,0
2148,53,28,0,-1.6999999999999993,-3.3999999999999986,0
2149,53,29,0,-0.6999999999999993,-3.3999999999999986,0
2150,53,30,0,0.3000000000000007,-3.3999999999999986,0
2151,53,31,0,1.3000000000000007,-3.3999999999999986,0
2152,53,32,0,2.3000000000000007,-3.3999999999999986,0
2153,53,33,0,3.3000000000000007,-3.3999999999999986,0
2154,53,34,0,4.300000000000001,-3.3999999999999986,0
2155,53,35,0,5.300000000000001,-3.3999999999999986,0
2156,53,36,0,6.300000000000001,-3.3999999999999986,0
2157,53,37,0,7.300000000000001,-3.3999999999999986,0
2158,53,38,0,8.3,-3.3999999999999986,0
2159,53,39,0,9.3,-3.3999999999999986,0
2160,54,0,0,9.6,4.299999999999997,0
2161,54,1,0,8.6,4.299999999999997,0
2162,54,2,0,7.6,4.299999999999997,0
2163,54,3,0,6.6,4.299999999999997,0
2164,54,4,0,5.6,4.299999999999997,0
2165,54,5,0,4.6,4.299999999999997,0
2166,54,6,0,3.5999999999999996,4.299999999999997,0
2167,54,7,0,2.5999999999999996,4.299999999999997,0
2168,54,8,0,1.5999999999999996,4.299999999999997,0
2169,54,9,0,0.5999999999999996,4.299999999999997,0
2170,54,10,0,-0.40000000000000036,4.299999999999997,0
2171,54,11,0,-1.4000000000000004,4.299999999999997,0
2172,54,12,0,-2.4000000000000004,4.299999999999997,0
2173,54,13,0,-3.4000000000000004,4.299999999999997,0
2174,54,14,0,-4.4,4.299999999999997,0
2175,54,15,0,-5.4,4.299999999999997,0
2176,54,16,0,-6.4,4.299999999999997,0
2177,54,17,0,-7.4,4.299999999999997,0
2178,54,18,0,-8.4,4.299999999999997,0
2179,54,19,0,-9.4,4.299999999999997,0
2180,54,20,0,-9.7,-4.399999999999999,0
2181,54,21,0,-8.7,-4.399999999999999,0
2182,54,22,0,-7.699999999999999,-4.399999999999999,0
2183,54,23,0,-6.699999999999999,-4.399999999999999,0
2184,54,24,0,-5.699999999999999,-4.399999999999999,0
2185,54,25,0,-4.699999999999999,-4.399999999999999,0
2186,54,26,0,-3.6999999999999993,-4.399999999999999,0
2187,54,27,0,-2.6999999999999993,-4.399999999999999,0
2188,54,28,0,-1.6999999999999993,-4.399999999999999,0
2189,54,29,0,-0.6999999999999993,-4.399999999999999,0
2190,54,30,0,0.3000000000000007,-4.399999999999999,0
2191,54,31,0,1.3000000000000007,-4.399999999999999,0
2192,54,32,0,2.3000000000000007,-4.399999999999999,0
2193,54,33,0,3.3000000000000007,-4.399999999999999,0
2194,54,34,0,4.300000000000001,-4.399999999999999,0
2195,54,35,0,5.300000000000001,-4.399999999999999,0
2196,54,36,0,6.300000000000001,-4.399999999999999,0
2197,54,37,0,7.300000000000001,-4.399999999999999,0
2198,54,38,0,8.3,-4.399999999999999,0
2199,54,39,0,9.3,-4.399999999999999,0
2200,55,0,0,9.6,5.299999999999997,0
2201,55,1,0,8.6,5.299999999999997,0
2202,55,2,0,7.6,5.299999999999997,0
2203,55,3,0,6.6,5.299999999999997,0
2204,55,4,0,5.6,5.299999999999997,0
2205,55,5,0,4.6,5.299999999999997,0
2206,55,6,0,3.5999999999999996,5.299999999999997,0
2207,55,7,0,2.5999999999999996,5.299999999999997,0
2208,55,8,0,1.5999999999999996,5.299999999999997,0
2209,55,9,0,0.5999999999999996,5.299999999999997,0
2210,55,10,0,-0.40000000000000036,5.299999999999997,0
2211,55,11,0,-1.4000000000000004,5.299999999999997,0
2212,55,12,0,-2.4000000000000004,5.299999999999997,0
2213,55,13,0,-3.4000000000000004,5.299999999999997,0
2214,55,14,0,-4.4,5.299999999999997,0
2215,55,15,0,-5.4,5.299999999999997,0
2216,55,16,0,-6.4,5.299999999999997,0
2217,55,17,0,-7.4,5.299999999999997,0
2218,55,18,0,-8.4,5.299999999999997,0
2219,55,19,0,-9.4,5.299999999999997,0
2220,55,20,0,-9.7,-5.399999999999999,0
2221,55,21,0,-8.7,-5.399999999999999,0
2222,55,22,0,-7.699999999999999,-5.399999999999999,0
2223,55,23,0,-6.699999999999999,-5.399999999999999,0
2224,55,24,0,-5.699999999999999,-5.399999999999999,0
2225,55,25,0,-4.699999999999999,-5.399999999999999,0
2226,55,26,0,-3.6999999999999993,-5.399999999999999,0
2227,55,27,0,-2.6999999999999993,-5.399999999999999,0
2228,55,28,0,-1.6999999999999993,-5.399999999999999,0
2229,55,29,0,-0.6999999999999993,-5.399999999999999,0
2230,55,30,0,0.3000000000000007,-5.399999999999999,0
2231,55,31,0,1.3000000000000007,-5.399999999999999,0
2232,55,32,0,2.3000000000000007,-5.399999999999999,0
2233,55,33,0,3.3000000000000007,-5.399999999999999,0
2234,55,34,0,4.300000000000001,-5.399999999999999,0
2235,55,35,0,5.300000000000001,-5.399999999999999,0
2236,55,36,0,6.300000000000001,-5.399999999999999,0
2237,55,37,0,7.300000000000001,-5.399999999999999,0
2238,55,38,0,8.3,-5.399999999999999,0
2239,55,39,0,9.3,-5.399999999999999,0
2240,56,0,0,9.6,6.299999999999997,0
2241,56,1,0,8.6,6.299999999999997,0
2242,56,2,0,7.6,6.299999999999997,0
2243,56,3,0,6.6,6.299999999999997,0
2244,56,4,0,5.6,6.299999999999997,0
2245,56,5,0,4.6,6.299999999999997,0
2246,56,6,0,3.5999999999999996,6.299999999999997,0
2247,56,7,0,2.5999999999999996,6.299999999999997,0
2248,56,8,0,1.5999999999999996,6.299999999999997,0
2249,56,9,0,0.5999999999999996,6.299999999999997,0
2250,56,10,0,-0.40000000000000036,6.299999999999997,0
2251,56,11,0,-1.4000000000000004,6.299999999999997,0
2252,56,12,0,-2.4000000000000004,6.299999999999997,0
2253,56,13,0,-3.4000000000000004,6.299999999999997,0
2254,56,14,0,-4.4,6.299999999999997,0
2255,56,15,0,-5.4,6.299999999999997,0
2256,56,16,0,-6.4,6.299999999999997,0
2257,56,17,0,-7.4,6.299999999999997,0
2258,56,18,0,-8.4,6.299999999999997,0
2259,56,19,0,-9.4,6.299999999999997,0
2260,56,20,0,-9.7,-6.399999999999999,0
2261,56,21,0,-8.7,-6.399999999999999,0
2262,56,22,0,-7.699999999999999,-6.399999999999999,0
2263,56,23,0,-6.699999999999999,-6.399999999999999,0
2264,56,24,0,-5.699999999999999,-6.399999999999999,0
2265,56,25,0,-4.699999999999999,-6.399999999999999,0
2266,56,26,0,-3.6999999999999993,-6.399999999999999,0
2267,56,27,0,-2.6999999999999993,-6.399999999999999,0
2268,56,28,0,-1.6999999999999993,-6.399999999999999,0
2269,56,29,0,-0.6999999999999993,-6.399999999999999,0
2270,56,30,0,0.3000000000000007,-6.399999999999999,0
2271,56,31,0,1.3000000000000007,-6.399999999999999,0
2272,56,32,0,2.3000000000000007,-6.399999999999999,0
2273,56,33,0,3.3000000000000007,-6.399999999999999,0
2274,56,34,0,4.300000000000001,-6.399999999999999,0
2275,56,35,0,5.300000000000001,-6.399999999999999,0
2276,56,36,0,6.300000000000001,-6.399999999999999,0
2277,56,37,0,7.300000000000001,-6.399999999999999,0
2278,56,38,0,8.3,-6.399999999999999,0
2279,56,39,0,9.3,-6.399999999999999,0
2280,57,0,0,9.6,7.299999999999997,0
2281,57,1,0,8.6,7.299999999999997,0
2282,57,2,0,7.6,7.299999999999997,0
2283,57,3,0,6.6,7.299999999999997,0
2284,57,4,0,5.6,7.299999999999997,0
2285,57,5,0,4.6,7.299999999999997,0
2286,57,6,0,3.5999999999999996,7.299999999999997,0
2287,57,7,0,2.5999999999999996,7.299999999999997,0
2288,57,8,0,1.5999999999999996,7.299999999999997,0
2289,57,9,0,0.5999999999999996,7.299999999999997,0
2290,57,10,0,-0.40000000000000036,7.299999999999997,0
2291,57,11,0,-1.4000000000000004,7.299999999999997,0
2292,57,12,0,-2.4000000000000004,7.299999999999997,0
2293,57,13,0,-3.4000000000000004,7.299999999999997,0
2294,57,14,0,-4.4,7.299999999999997,0
2295,57,15,0,-5.4,7.299999999999997,0
2296,57,16,0,-6.4,7.299999999999997,0
2297,57,17,0,-7.4,7.299999999999997,0
2298,57,18,0,-8.4,7.299999999999997,0
2299,57,19,0,-9.4,7.299999999999997,0
2300,57,20,0,-9.7,-7.399999999999999,0
2301,57,21,0,-8.7,-7.399999999999999,0
2302,57,22,0,-7.699999999999999,-7.399999999999999,0
2303,57,23,0,-6.699999999999999,-7.399999999999999,0
2304,57,24,0,-5.699999999999999,-7.399999999999999,0
2305,57,25,0,-4.699999999999999,-7.399999999999999,0
2306,57,26,0,-3.6999999999999993,-7.399999999999999,0
2307,57,27,0,-2.6999999999999993,-7.399999999999999,0
2308,57,28,0,-1.6999999999999993,-7.399999999999999,0
2309,57,29,0,-0.6999999999999993,-7.399999999999999,0
2310,57,30,0,0.3000000000000007,-7.399999999999999,0
2311,57,31,0,1.3000000000000007,-7.399999999999999,0
2312,57,32,0,2.3000000000000007,-7.399999999999999,0
2313,57,33,0,3.3000000000000007,-7.399999999999999,0
2314,57,34,0,4.300000000000001,-7.399999999999999,0
2315,57,35,0,5.300000000000001,-7.399999999999999,0
2316,57,36,0,6.300000000000001,-7.399999999999999,0
2317,57,37,0,7.300000000000001,-7.399999999999999,0
2318,57,38,0,8.3,-7.399999999999999,0
2319,57,39,0,9.3,-7.399999999999999,0
2320,58,0,0,9.6,8.299999999999997,0
2321,58,1,0,8.6,8.299999999999997,0
2322,58,2,0,7.6,8.299999999999997,0
2323,58,3,0,6.6,8.299999999999997,0
2324,58,4,0,5.6,8.299999999999997,0
2325,58,5,0,4.6,8.299999999999997,0
2326,58,6,0,3.5999999999999996,8.299999999999997,0
2327,58,7,0,2.5999999999999996,8.299999999999997,0
2328,58,8,0,1.5999999999999996,8.299999999999997,0
2329,58,9,0,0.5999999999999996,8.299999999999997,0
2330,58,10,0,-0.40000000000000036,8.299999999999997,0
2331,58,11,0,-1.4000000000000004,8.299999999999997,0
2332,58,12,0,-2.4000000000000004,8.299999999999997,0
2333,58,13,0,-3.4000000000000004,8.299999999999997,0
2334,58,14,0,-4.4,8.299999999999997,0
2335,58,15,0,-5.4,8.299999999999997,0
2336,58,16,0,-6.4,8.299999999999997,0
2337,58,17,0,-7.4,8.299999999999997,0
2338,58,18,0,-8.4,8.299999999999997,0
2339,58,19,0,-9.4,8.299999999999997,0
2340,58,20,0,-9.7,-8.399999999999999,0
2341,58,21,0,-8.7,-8.399999999999999,0
2342,58,22,0,-7.699999999999999,-8.399999999999999,0
2343,58,23,0,-6.699999999999999,-8.399999999999999,0
2344,58,24,0,-5.699999999999999,-8.399999999999999,0
2345,58,25,0,-4.699999999999999,-8.399999999999999,0
2346,58,26,0,-3.6999999999999993,-8.399999999999999,0
2347,58,27,0,-2.6999999999999993,-8.399999999999999,0
2348,58,28,0,-1.6999999999999993,-8.399999999999999,0
2349,58,29,0,-0.6999999999999993,-8.399999999999999,0
2350,58,30,0,0.3000000000000007,-8.399999999999999,0
2351,58,31,0,1.3000000000000007,-8.399999999999999,0
2352,58,32,0,2.3000000000000007,-8.399999999999999,0
2353,58,33,0,3.3000000000000007,-8.399999999999999,0
2354,58,34,0,4.300000000000001,-8.399999999999999,0
2355,58,35,0,5.300000000000001,-8.399999999999999,0
2356,58,36,0,6.300000000000001,-8.399999999999999,0
2357,58,37,0,7.300000000000001,-8.399999999999999,0
2358,58,38,0,8.3,-8.399999999999999,0
2359,58,39,0,9.3,-8.399999999999999,0
2360,59,0,0,9.6,9.299999999999997,0
2361,59,1,0,8.6,9.299999999999997,0
2362,59,2,0,7.6,9.299999999999997,0
2363,59,3,0,6.6,9.299999999999997,0
2364,59,4,0,5.6,9.299999999999997,0
2365,59,5,0,4.6,9.299999999999997,0
2366,59,6,0,3.5999999999999996,9.299999999999997,0
2367,59,7,0,2.5999999999999996,9.299999999999997,0
2368,59,8,0,1.5999999999999996,9.299999999999997,0
2369,59,9,0,0.5999999999999996,9.299999999999997,0
2370,59,10,0,-0.40000000000000036,9.299999999999997,0
2371,59,11,0,-1.4000000000000004,9.299999999999997,0
2372,59,12,0,-2.4000000000000004,9.299999999999997,0
2373,59,13,0,-3.4000000000000004,9.299999999999997,0
2374,59,14,0,-4.4,9.299999999999997,0
2375,59,15,0,-5.4,9.299999999999997,0
2376,59,16,0,-6.4,9.299999999999997,0
2377,59,17,0,-7.4,9.299999999999997,0
2378,59,18,0,-8.4,9.299999999999997,0
2379,59,19,0,-9.4,9.299999999999997,0
2380,59,20,0,-9.7,-9.399999999999999,0
2381,59,21,0,-8.7,-9.399999999999999,0
2382,59,22,0,-7.699999999999999,-9.399999999999999,0
2383,59,23,0,-6.699999999999999,-9.399999999999999,0
2384,59,24,0,-5.699999999999999,-9.399999999999999,0
2385,59,25,0,-4.699999999999999,-9.399999999999999,0
2386,59,26,0,-3.6999999999999993,-9.399999999999999,0
2387,59,27,0,-2.6999999999999993,-9.399999999999999,0
2388,59,28,0,-1.6999999999999993,-9.399999999999999,0
2389,59,29,0,-0.6999999999999993,-9.399999999999999,0
2390,59,30,0,0.3000000000000007,-9.399999999999999,0
2391,59,31,0,1.3000000000000007,-9.399999999999999,0
2392,59,32,0,2.3000000000000007,-9.399999999999999,0
2393,59,33,0,3.3000000000000007,-9.399999999999999,0
2394,59,34,0,4.300000000000001,-9.399999999999999,0
2395,59,35,0,5.300000000000001,-9.399999999999999,0
2396,59,36,0,6.300000000000001,-9.399999999999999,0
2397,59,37,0,7.300000000000001,-9.399999999999999,0
2398,59,38,0,8.3,-9.399999999999999,0
2399,59,39,0,9.3,-9.399999999999999,0
