0,0,0,0,-0.052031215,7.362063,0
1,0,1,0,-0.59435225,7.6749315,0
2,0,2,0,-1.5537456,7.3613853,0
3,0,3,0,-2.463083,7.2129664,0
4,0,4,0,-2.9325166,7.4269137,0
5,0,5,0,-2.9739578,7.7574434,0
6,0,6,0,-2.9555054,7.8239937,0
7,0,7,0,-3.103,7.6325874,0
8,0,8,0,-3.3173828,7.598799,0
9,0,9,0,-3.472382,7.689946,0
10,0,10,0,-3.7549276,7.939435,0
11,0,11,0,-4.068246,8.30784,0
12,0,12,0,-4.2211556,8.553684,0
13,0,13,0,-4.1865563,8.700249,0
14,0,14,0,-3.8865278,9.180104,0
15,0,15,0,-3.3426933,10.124682,0
16,0,16,0,-2.7814066,10.966101,0
17,0,17,0,-2.4253993,11.57701,0
18,0,18,0,-2.2588775,12.095542,0
19,0,19,0,-2.1063259,12.579483,0
20,0,20,0,-1.7138234,13.210733,0
21,0,21,0,-1.0185184,13.912993,0
22,0,22,0,-0.27795455,14.503219,0
23,0,23,0,0.5340295,15.025413,0
24,0,24,0,1.5948926,15.588371,0
25,0,25,0,2.8890123,16.127707,0
26,0,26,0,4.4511666,16.36927,0
27,0,27,0,6.3711786,15.9564495,0
28,0,28,0,8.2746315,14.934691,0
29,0,29,0,9.577664,14.184935,0
30,0,30,0,10.187522,14.344331,0
31,0,31,0,10.713155,14.229332,0
32,0,32,0,11.384292,13.399155,0
33,0,33,0,11.916841,12.969487,0
34,0,34,0,12.51717,12.306355,0
35,0,35,0,13.254834,10.655919,0
36,0,36,0,13.814262,9.16825,0
37,0,37,0,13.893556,8.111165,0
38,0,38,0,13.703286,6.994819,0
39,0,39,0,13.667019,5.7992516,0
40,1,0,0,-0.49772176,7.0216665,0
41,1,1,0,-1.1810527,6.910398,0
42,1,2,0,-2.165773,6.542808,0
43,1,3,0,-2.9533575,6.7472568,0
44,1,4,0,-3.2286572,7.29602,0
45,1,5,0,-3.353663,7.636674,0
46,1,6,0,-3.5986476,7.5153646,0
47,1,7,0,-3.8355353,7.196933,0
48,1,8,0,-3.8823578,7.207893,0
49,1,9,0,-3.8842728,7.418064,0
50,1,10,0,-4.0691276,7.7500567,0
51,1,11,0,-4.307668,8.079721,0
52,1,12,0,-4.4049506,8.323708,0
53,1,13,0,-4.215817,8.818405,0
54,1,14,0,-3.755239,9.739342,0
55,1,15,0,-3.3100972,10.765071,0
56,1,16,0,-3.0572505,11.38733,0
57,1,17,0,-3.0851998,11.583,0
58,1,18,0,-3.2764964,11.885161,0
59,1,19,0,-3.1432292,12.652412,0
60,1,20,0,-2.5013106,13.611137,0
61,1,21,0,-1.831417,14.40245,0
62,1,22,0,-1.3596815,15.099812,0
63,1,23,0,-0.5946295,15.88852,0
64,1,24,0,0.6179656,16.707296,0
65,1,25,0,2.059493,17.36671,0
66,1,26,0,3.747132,17.801603,0
67,1,27,0,5.82117,17.763395,0
68,1,28,0,8.324894,17.003824,0
69,1,29,0,10.778906,16.043024,0
70,1,30,0,12.391253,15.505061,0
71,1,31,0,13.386425,14.787772,0
72,1,32,0,14.019136,13.449295,0
73,1,33,0,14.115279,12.48021,0
74,1,34,0,13.90528,11.7379265,0
75,1,35,0,13.97439,10.464343,0
76,1,36,0,14.510868,9.059015,0
77,1,37,0,14.798791,7.5936418,0
78,1,38,0,14.695547,6.3439007,0
79,1,39,0,14.5117035,5.3305497,0
80,2,0,0,-1.4342015,6.3250976,0
81,2,1,0,-2.3587499,5.91789,0
82,2,2,0,-3.224391,5.720966,0
83,2,3,0,-3.557298,6.349857,0
84,2,4,0,-3.6111355,7.031414,0
85,2,5,0,-4.0052676,7.1263576,0
86,2,6,0,-4.479445,7.0145893,0
87,2,7,0,-4.5097613,6.927063,0
88,2,8,0,-4.32363,7.030568,0
89,2,9,0,-4.2885756,7.191025,0
90,2,10,0,-4.3006396,7.4580107,0
91,2,11,0,-4.315451,7.8249965,0
92,2,12,0,-4.230368,8.430871,0
93,2,13,0,-3.9452934,9.373096,0
94,2,14,0,-3.661154,10.319566,0
95,2,15,0,-3.6922219,10.90921,0
96,2,16,0,-3.9593334,11.074252,0
97,2,17,0,-4.207126,11.180852,0
98,2,18,0,-4.2987294,11.925409,0
99,2,19,0,-4.0544896,13.1619425,0
100,2,20,0,-3.6150115,14.166981,0
101,2,21,0,-3.2163718,15.006634,0
102,2,22,0,-2.703267,15.974745,0
103,2,23,0,-1.7340628,16.999487,0
104,2,24,0,-0.3392287,17.929956,0
105,2,25,0,1.317069,18.642933,0
106,2,26,0,3.361683,19.162586,0
107,2,27,0,5.803447,19.413553,0
108,2,28,0,8.519179,19.097477,0
109,2,29,0,11.304343,18.140629,0
110,2,30,0,13.499395,16.905128,0
111,2,31,0,15.348025,15.294686,0
112,2,32,0,16.674635,13.4879055,0
113,2,33,0,16.888195,12.268361,0
114,2,34,0,16.63097,10.781615,0
115,2,35,0,16.05225,9.471769,0
116,2,36,0,15.755922,8.558819,0
117,2,37,0,15.68006,6.8596883,0
118,2,38,0,15.266126,5.5986123,0
119,2,39,0,14.990367,4.6939588,0
120,3,0,0,-2.509038,5.4020967,0
121,3,1,0,-3.3008049,4.931101,0
122,3,2,0,-3.7297173,5.31443,0
123,3,3,0,-3.763048,6.1362863,0
124,3,4,0,-4.0049105,6.4478483,0
125,3,5,0,-4.531447,6.409335,0
126,3,6,0,-4.9026146,6.623288,0
127,3,7,0,-4.807148,6.757265,0
128,3,8,0,-4.8056736,6.6693034,0
129,3,9,0,-4.936181,6.812125,0
130,3,10,0,-4.7127905,7.2426176,0
131,3,11,0,-4.406085,7.9384274,0
132,3,12,0,-4.1550636,8.943007,0
133,3,13,0,-4.0062056,9.840413,0
134,3,14,0,-4.100052,10.33443,0
135,3,15,0,-4.5454364,10.469124,0
136,3,16,0,-5.0180016,10.667272,0
137,3,17,0,-5.169521,11.384954,0
138,3,18,0,-5.199001,12.4742155,0
139,3,19,0,-5.211057,13.498962,0
140,3,20,0,-5.0832458,14.375546,0
141,3,21,0,-4.662369,15.377244,0
142,3,22,0,-3.9573016,16.451689,0
143,3,23,0,-2.8617163,17.484333,0
144,3,24,0,-1.3072113,18.609503,0
145,3,25,0,0.7551694,19.788506,0
146,3,26,0,3.3891127,20.734133,0
147,3,27,0,6.461609,21.152142,0
148,3,28,0,9.813501,20.842497,0
149,3,29,0,13.155908,19.6831,0
150,3,30,0,15.888282,17.897326,0
151,3,31,0,17.854607,15.500835,0
152,3,32,0,19.093084,12.968153,0
153,3,33,0,19.450012,11.224016,0
154,3,34,0,19.520004,9.090259,0
155,3,35,0,18.711535,7.412675,0
156,3,36,0,17.280014,6.5863414,0
157,3,37,0,16.303904,5.1377397,0
158,3,38,0,15.62434,4.572631,0
159,3,39,0,15.355127,3.8929098,0
160,4,0,0,-3.300722,4.457977,0
161,4,1,0,-3.6114278,4.3722816,0
162,4,2,0,-3.6376932,5.0744996,0
163,4,3,0,-3.8584378,5.520081,0
164,4,4,0,-4.360747,5.5877876,0
165,4,5,0,-4.7747836,5.718895,0
166,4,6,0,-5.045215,5.9605,0
167,4,7,0,-5.242101,6.0596485,0
168,4,8,0,-5.5359006,6.1587105,0
169,4,9,0,-5.439234,6.6056,0
170,4,10,0,-4.867795,7.318188,0
171,4,11,0,-4.453054,8.354026,0
172,4,12,0,-4.310894,9.32593,0
173,4,13,0,-4.470002,9.763833,0
174,4,14,0,-4.8875513,9.907087,0
175,4,15,0,-5.431382,10.23387,0
176,4,16,0,-5.899834,10.99942,0
177,4,17,0,-6.263569,11.879131,0
178,4,18,0,-6.6358843,12.505042,0
179,4,19,0,-6.7661443,13.201887,0
180,4,20,0,-6.4327292,14.188976,0
181,4,21,0,-5.9610476,15.248801,0
182,4,22,0,-5.4310703,16.289879,0
183,4,23,0,-4.319406,17.612791,0
184,4,24,0,-2.578117,19.327799,0
185,4,25,0,-0.50078034,21.032335,0
186,4,26,0,2.0129042,22.510042,0
187,4,27,0,5.2594986,23.603268,0
188,4,28,0,9.425025,23.67359,0
189,4,29,0,14.097086,22.200285,0
190,4,30,0,18.165958,19.331026,0
191,4,31,0,20.952808,15.518705,0
192,4,32,0,22.405773,11.715566,0
193,4,33,0,22.446228,8.822197,0
194,4,34,0,21.795471,6.9068875,0
195,4,35,0,21.140589,5.7721767,0
196,4,36,0,19.654617,4.202557,0
197,4,37,0,17.739513,3.1584458,0
198,4,38,0,16.684591,3.7750154,0
199,4,39,0,16.153204,2.9407125,0
200,5,0,0,-4.132279,3.6675236,0
201,5,1,0,-4.120038,4.0210576,0
202,5,2,0,-4.137836,4.377512,0
203,5,3,0,-4.5134277,4.447007,0
204,5,4,0,-4.8894744,4.65381,0
205,5,5,0,-5.2457786,4.8458357,0
206,5,6,0,-5.583635,4.9455347,0
207,5,7,0,-5.858195,5.2794905,0
208,5,8,0,-6.016703,5.9534755,0
209,5,9,0,-5.677949,6.595367,0
210,5,10,0,-5.1301365,7.445215,0
211,5,11,0,-4.765493,8.608014,0
212,5,12,0,-4.686302,9.303841,0
213,5,13,0,-5.0425553,9.347551,0
214,5,14,0,-5.742222,9.504871,0
215,5,15,0,-6.349616,10.239253,0
216,5,16,0,-6.886558,11.056072,0
217,5,17,0,-7.5926213,11.423365,0
218,5,18,0,-8.093166,11.778398,0
219,5,19,0,-8.019543,12.618489,0
220,5,20,0,-7.6714125,13.602399,0
221,5,21,0,-7.4713793,14.459124,0
222,5,22,0,-7.0609436,15.710871,0
223,5,23,0,-6.0991454,17.646774,0
224,5,24,0,-4.9940596,19.763906,0
225,5,25,0,-3.6086771,21.987356,0
226,5,26,0,-1.0490783,24.683676,0
227,5,27,0,3.3275797,27.436422,0
228,5,28,0,9.588491,28.546717,0
229,5,29,0,16.684734,26.492765,0
230,5,30,0,22.232708,21.609575,0
231,5,31,0,25.13614,15.327325,0
232,5,32,0,26.144703,9.645764,0
233,5,33,0,25.576347,5.9036784,0
234,5,34,0,23.889421,4.433916,0
235,5,35,0,23.131372,3.2444298,0
236,5,36,0,22.459034,1.1859069,0
237,5,37,0,20.525745,1.5064971,0
238,5,38,0,18.851677,2.9885547,0
239,5,39,0,17.387938,1.4651787,0
240,6,0,0,-4.878837,3.2910326,0
241,6,1,0,-4.865528,3.534767,0
242,6,2,0,-5.104093,3.4767458,0
243,6,3,0,-5.352721,3.4454846,0
244,6,4,0,-5.4581494,3.5851488,0
245,6,5,0,-5.7306585,3.7751544,0
246,6,6,0,-6.0406394,4.196606,0
247,6,7,0,-6.1997175,4.914666,0
248,6,8,0,-6.2640395,5.6763167,0
249,6,9,0,-6.1902394,6.211639,0
250,6,10,0,-5.9896607,7.133385,0
251,6,11,0,-5.5702233,8.379551,0
252,6,12,0,-5.317133,8.877233,0
253,6,13,0,-5.7621737,8.690772,0
254,6,14,0,-6.616059,9.028186,0
255,6,15,0,-7.2625246,9.793696,0
256,6,16,0,-7.9408426,10.111638,0
257,6,17,0,-8.715428,10.152141,0
258,6,18,0,-9.023581,10.677428,0
259,6,19,0,-9.004425,11.652446,0
260,6,20,0,-9.095613,12.451942,0
261,6,21,0,-9.159463,13.236392,0
262,6,22,0,-8.894511,14.864983,0
263,6,23,0,-8.765966,16.928665,0
264,6,24,0,-9.116054,19.039232,0
265,6,25,0,-8.742656,22.353577,0
266,6,26,0,-6.2664776,27.390053,0
267,6,27,0,-1.3987164,32.68955,0
268,6,28,0,6.5955954,35.375984,0
269,6,29,0,17.866392,32.924824,0
270,6,30,0,28.183193,24.793072,0
271,6,31,0,32.281673,14.484338,0
272,6,32,0,31.291985,6.383911,0
273,6,33,0,28.889036,2.0510097,0
274,6,34,0,26.139332,0.014127009,0
275,6,35,0,24.535912,-1.8755158,0
276,6,36,0,23.868938,-2.420873,0
277,6,37,0,22.333471,-0.4139144,0
278,6,38,0,20.166338,0.80138785,0
279,6,39,0,18.050526,-0.9612689,0
280,7,0,0,-5.297991,2.9208238,0
281,7,1,0,-5.471348,2.8233027,0
282,7,2,0,-5.733307,2.675467,0
283,7,3,0,-5.7862153,2.6933537,0
284,7,4,0,-5.7802505,2.7514734,0
285,7,5,0,-5.8556895,3.0743136,0
286,7,6,0,-6.135216,3.7894044,0
287,7,7,0,-6.455904,4.593622,0
288,7,8,0,-6.54368,5.0142694,0
289,7,9,0,-6.818735,5.2442603,0
290,7,10,0,-7.1305385,5.9796333,0
291,7,11,0,-6.7893705,6.849956,0
292,7,12,0,-6.5229897,7.003326,0
293,7,13,0,-6.9491606,7.0261645,0
294,7,14,0,-7.521638,7.781619,0
295,7,15,0,-8.065892,8.465457,0
296,7,16,0,-8.865959,8.476803,0
297,7,17,0,-9.523805,8.575638,0
298,7,18,0,-9.806754,9.304479,0
299,7,19,0,-10.1933,10.284897,0
300,7,20,0,-10.569324,10.950919,0
301,7,21,0,-10.672884,11.829369,0
302,7,22,0,-11.082017,13.215905,0
303,7,23,0,-12.452907,14.533577,0
304,7,24,0,-14.071376,16.918697,0
305,7,25,0,-14.670591,21.859629,0
306,7,26,0,-14.303768,27.869858,0
307,7,27,0,-12.405002,32.466698,0
308,7,28,0,-4.413409,33.266552,0
309,7,29,0,9.364507,29.948448,0
310,7,30,0,26.484146,23.482656,0
311,7,31,0,38.337425,11.619921,0
312,7,32,0,37.553726,0.7267545,0
313,7,33,0,32.461678,-3.2953465,0
314,7,34,0,28.464354,-5.339222,0
315,7,35,0,25.691452,-6.485805,0
316,7,36,0,24.126822,-5.118928,0
317,7,37,0,22.344255,-2.7982585,0
318,7,38,0,19.932196,-2.239019,0
319,7,39,0,17.859867,-3.6150377,0
320,8,0,0,-5.873593,2.4620152,0
321,8,1,0,-6.0108433,2.2210991,0
322,8,2,0,-6.0001936,2.0723536,0
323,8,3,0,-6.002192,2.1001298,0
324,8,4,0,-5.9622293,2.337217,0
325,8,5,0,-6.0449996,2.7892716,0
326,8,6,0,-6.4836335,3.4148736,0
327,8,7,0,-6.8055935,3.9661527,0
328,8,8,0,-6.787722,4.365089,0
329,8,9,0,-7.0906615,4.7964554,0
330,8,10,0,-7.8745446,5.106252,0
331,8,11,0,-8.328035,4.7850103,0
332,8,12,0,-8.52397,4.2882333,0
333,8,13,0,-8.678439,4.909066,0
334,8,14,0,-8.784096,6.1502976,0
335,8,15,0,-9.152937,6.7207117,0
336,8,16,0,-9.672605,6.684295,0
337,8,17,0,-10.14878,7.065101,0
338,8,18,0,-10.745701,7.854473,0
339,8,19,0,-11.398079,8.752253,0
340,8,20,0,-11.654808,9.44106,0
341,8,21,0,-12.057362,9.838985,0
342,8,22,0,-13.615058,10.063576,0
343,8,23,0,-16.097097,10.844829,0
344,8,24,0,-18.444849,13.875181,0
345,8,25,0,-20.460728,18.796497,0
346,8,26,0,-23.298697,22.340057,0
347,8,27,0,-24.42282,22.951677,0
348,8,28,0,-14.616191,20.026672,0
349,8,29,0,-0.47490802,16.169952,0
350,8,30,0,16.745327,13.723796,0
351,8,31,0,37.080822,2.9391162,0
352,8,32,0,41.129803,-8.573906,0
353,8,33,0,34.311756,-10.535365,0
354,8,34,0,29.504625,-10.821658,0
355,8,35,0,26.03229,-10.253852,0
356,8,36,0,23.861404,-7.6692443,0
357,8,37,0,21.744774,-5.522395,0
358,8,38,0,19.4047,-5.0742025,0
359,8,39,0,17.583597,-5.884794,0
360,9,0,0,-6.365951,1.8970176,0
361,9,1,0,-6.362234,1.7489262,0
362,9,2,0,-6.2090907,1.5517763,0
363,9,3,0,-6.189806,1.6384145,0
364,9,4,0,-6.200306,2.0451348,0
365,9,5,0,-6.5058255,2.391345,0
366,9,6,0,-7.0160327,2.7737653,0
367,9,7,0,-7.299166,3.1882205,0
368,9,8,0,-7.462593,3.8186297,0
369,9,9,0,-7.6773615,4.289802,0
370,9,10,0,-8.270273,4.237607,0
371,9,11,0,-9.172016,3.5732803,0
372,9,12,0,-9.709129,2.9941306,0
373,9,13,0,-9.677841,3.892271,0
374,9,14,0,-9.658626,5.096173,0
375,9,15,0,-9.931889,5.2524614,0
376,9,16,0,-10.238083,5.2767787,0
377,9,17,0,-10.80553,5.8485,0
378,9,18,0,-11.762477,6.3709426,0
379,9,19,0,-12.305609,7.2482805,0
380,9,20,0,-12.388665,7.7015285,0
381,9,21,0,-13.401647,6.721723,0
382,9,22,0,-15.770807,5.901996,0
383,9,23,0,-18.406693,7.0043864,0
384,9,24,0,-20.915672,10.061038,0
385,9,25,0,-24.416595,12.654467,0
386,9,26,0,-29.324955,12.6124935,0
387,9,27,0,-31.92449,9.5788965,0
388,9,28,0,-19.84672,4.2238607,0
389,9,29,0,-4.639821,-0.0661829,0
390,9,30,0,9.225166,-2.7232783,0
391,9,31,0,30.759584,-12.815172,0
392,9,32,0,38.211178,-20.94182,0
393,9,33,0,32.335037,-18.740612,0
394,9,34,0,28.075935,-16.383024,0
395,9,35,0,25.030731,-13.748468,0
396,9,36,0,22.862679,-10.384628,0
397,9,37,0,20.76106,-8.475167,0
398,9,38,0,18.78611,-7.7230563,0
399,9,39,0,17.344507,-7.756635,0
400,10,0,0,-6.5308986,1.195613,0
401,10,1,0,-6.445998,1.1729028,0
402,10,2,0,-6.4453754,1.0262877,0
403,10,3,0,-6.5082593,1.1711954,0
404,10,4,0,-6.653176,1.6615866,0
405,10,5,0,-6.940349,1.8410188,0
406,10,6,0,-7.3446927,1.8922968,0
407,10,7,0,-7.813291,2.5046668,0
408,10,8,0,-8.10955,3.387875,0
409,10,9,0,-8.245544,3.602431,0
410,10,10,0,-8.670069,3.3360355,0
411,10,11,0,-9.337804,2.8897903,0
412,10,12,0,-9.684572,2.669629,0
413,10,13,0,-9.775996,3.5559573,0
414,10,14,0,-9.922924,4.206968,0
415,10,15,0,-10.269672,3.8971393,0
416,10,16,0,-10.788254,4.177299,0
417,10,17,0,-11.551994,4.6106577,0
418,10,18,0,-12.460705,4.8007345,0
419,10,19,0,-12.6973095,5.766707,0
420,10,20,0,-12.942279,5.317662,0
421,10,21,0,-14.388828,3.0130796,0
422,10,22,0,-16.612349,1.9503962,0
423,10,23,0,-18.89962,3.646973,0
424,10,24,0,-21.477793,5.7944746,0
425,10,25,0,-25.29922,5.3481426,0
426,10,26,0,-30.306293,2.8371663,0
427,10,27,0,-34.567738,-2.4099767,0
428,10,28,0,-25.786295,-11.472128,0
429,10,29,0,-9.058918,-17.807922,0
430,10,30,0,6.3804,-21.873106,0
431,10,31,0,23.188177,-29.9206,0
432,10,32,0,29.542297,-31.398449,0
433,10,33,0,26.854761,-25.291788,0
434,10,34,0,24.44425,-20.833626,0
435,10,35,0,22.538187,-16.66174,0
436,10,36,0,20.919268,-13.442086,0
437,10,37,0,19.398256,-11.351721,0
438,10,38,0,18.048565,-9.96869,0
439,10,39,0,17.009779,-9.335995,0
440,11,0,0,-6.6597834,0.72554433,0
441,11,1,0,-6.761151,0.5613778,0
442,11,2,0,-6.948421,0.5077775,0
443,11,3,0,-7.001984,0.79487,0
444,11,4,0,-7.067106,1.2872459,0
445,11,5,0,-7.2534757,1.2343032,0
446,11,6,0,-7.7022696,1.0886064,0
447,11,7,0,-8.212845,1.9660262,0
448,11,8,0,-8.444737,2.9751017,0
449,11,9,0,-8.540505,3.0985546,0
450,11,10,0,-8.937458,2.8048997,0
451,11,11,0,-9.447815,2.3065758,0
452,11,12,0,-9.633885,2.1351852,0
453,11,13,0,-9.902726,2.865037,0
454,11,14,0,-10.2403555,2.9368389,0
455,11,15,0,-10.665056,2.537114,0
456,11,16,0,-11.304792,3.0258913,0
457,11,17,0,-12.089644,3.0267262,0
458,11,18,0,-12.711219,3.2121797,0
459,11,19,0,-12.848956,4.0792108,0
460,11,20,0,-13.425792,2.5440316,0
461,11,21,0,-14.7249775,-0.20049602,0
462,11,22,0,-16.178848,-1.0487745,0
463,11,23,0,-18.15334,0.6538932,0
464,11,24,0,-20.976088,1.4076803,0
465,11,25,0,-23.831686,-1.6516576,0
466,11,26,0,-26.911194,-5.842292,0
467,11,27,0,-30.834606,-11.367209,0
468,11,28,0,-28.509228,-21.275871,0
469,11,29,0,-16.017452,-30.40333,0
470,11,30,0,-0.020760234,-36.48573,0
471,11,31,0,12.622399,-39.433186,0
472,11,32,0,18.206047,-35.2124,0
473,11,33,0,19.215096,-28.549168,0
474,11,34,0,19.26854,-23.377989,0
475,11,35,0,18.957676,-19.056711,0
476,11,36,0,18.528063,-16.017097,0
477,11,37,0,17.951458,-13.455134,0
478,11,38,0,17.071693,-11.729654,0
479,11,39,0,16.193619,-10.832949,0
480,12,0,0,-6.8790846,0.25887805,0
481,12,1,0,-7.1459155,0.010596289,0
482,12,2,0,-7.326584,0.11080304,0
483,12,3,0,-7.354574,0.56580734,0
484,12,4,0,-7.375916,0.8281477,0
485,12,5,0,-7.6849294,0.52091014,0
486,12,6,0,-8.182837,0.5034529,0
487,12,7,0,-8.417364,1.409156,0
488,12,8,0,-8.65163,2.1799955,0
489,12,9,0,-8.946618,2.1389244,0
490,12,10,0,-9.194459,1.822603,0
491,12,11,0,-9.490282,1.4288017,0
492,12,12,0,-9.623092,1.2337081,0
493,12,13,0,-9.940573,1.6732566,0
494,12,14,0,-10.481602,1.5210172,0
495,12,15,0,-11.012624,1.3191025,0
496,12,16,0,-11.549796,1.7373642,0
497,12,17,0,-12.166231,1.3224624,0
498,12,18,0,-12.560556,1.6237139,0
499,12,19,0,-12.857183,2.0858438,0
500,12,20,0,-13.613042,-0.08714498,0
501,12,21,0,-14.576532,-2.6190302,0
502,12,22,0,-15.56236,-3.1747444,0
503,12,23,0,-17.176878,-2.5601559,0
504,12,24,0,-20.029295,-3.3719094,0
505,12,25,0,-21.76052,-7.287697,0
506,12,26,0,-22.365736,-12.151172,0
507,12,27,0,-23.778517,-17.094517,0
508,12,28,0,-23.447815,-24.004978,0
509,12,29,0,-17.714602,-32.097954,0
510,12,30,0,-6.979022,-37.804314,0
511,12,31,0,2.989441,-37.726517,0
512,12,32,0,9.154808,-33.402973,0
513,12,33,0,12.707432,-28.36895,0
514,12,34,0,14.649853,-23.885475,0
515,12,35,0,15.608192,-20.247993,0
516,12,36,0,16.087627,-17.298605,0
517,12,37,0,16.07816,-14.847666,0
518,12,38,0,15.457457,-13.286325,0
519,12,39,0,14.690248,-12.384274,0
520,13,0,0,-6.916218,-0.27201715,0
521,13,1,0,-7.1873345,-0.45819926,0
522,13,2,0,-7.369349,-0.19050172,0
523,13,3,0,-7.5406933,0.30141935,0
524,13,4,0,-7.7066126,0.287868,0
525,13,5,0,-8.078255,-0.092066124,0
526,13,6,0,-8.44471,-0.0783297,0
527,13,7,0,-8.506657,0.5283605,0
528,13,8,0,-8.722516,1.0716785,0
529,13,9,0,-9.094369,1.0825897,0
530,13,10,0,-9.394606,0.6564548,0
531,13,11,0,-9.6614275,0.19047856,0
532,13,12,0,-9.821622,-0.099567816,0
533,13,13,0,-10.204332,0.07374917,0
534,13,14,0,-10.957264,0.11225737,0
535,13,15,0,-11.465056,0.14338627,0
536,13,16,0,-11.606574,0.29498103,0
537,13,17,0,-11.859135,-0.30250108,0
538,13,18,0,-12.138661,-0.067664504,0
539,13,19,0,-12.637499,-0.06406286,0
540,13,20,0,-13.368798,-2.3954928,0
541,13,21,0,-14.134139,-4.6167655,0
542,13,22,0,-15.049938,-5.0161366,0
543,13,23,0,-16.130013,-5.7068586,0
544,13,24,0,-18.217365,-7.7433095,0
545,13,25,0,-19.723225,-11.045314,0
546,13,26,0,-19.386284,-15.402123,0
547,13,27,0,-18.424774,-19.40262,0
548,13,28,0,-16.698164,-23.44454,0
549,13,29,0,-12.981682,-27.681173,0
550,13,30,0,-6.902991,-30.881168,0
551,13,31,0,-0.16187704,-31.43532,0
552,13,32,0,5.38344,-29.419493,0
553,13,33,0,9.112188,-26.327776,0
554,13,34,0,11.399814,-23.156406,0
555,13,35,0,12.720621,-20.289696,0
556,13,36,0,13.451433,-17.839142,0
557,13,37,0,13.641552,-15.921745,0
558,13,38,0,13.373672,-14.745509,0
559,13,39,0,13.0894785,-13.774179,0
560,14,0,0,-6.7418175,-0.95372224,0
561,14,1,0,-7.1041923,-0.9771603,0
562,14,2,0,-7.3734236,-0.58561116,0
563,14,3,0,-7.6063585,-0.27367333,0
564,14,4,0,-7.8222733,-0.2560405,0
565,14,5,0,-8.136978,-0.59907997,0
566,14,6,0,-8.38725,-0.846267,0
567,14,7,0,-8.579082,-0.46641856,0
568,14,8,0,-8.869455,0.051915657,0
569,14,9,0,-9.280666,-0.041944016,0
570,14,10,0,-9.68943,-0.70435655,0
571,14,11,0,-9.909644,-1.2395122,0
572,14,12,0,-10.091106,-1.636236,0
573,14,13,0,-10.748406,-1.6028599,0
574,14,14,0,-11.602862,-1.2251341,0
575,14,15,0,-11.771564,-0.9967481,0
576,14,16,0,-11.445678,-1.2261518,0
577,14,17,0,-11.389712,-2.0182056,0
578,14,18,0,-11.63707,-1.9514867,0
579,14,19,0,-12.196511,-2.178993,0
580,14,20,0,-12.864757,-4.343117,0
581,14,21,0,-13.451663,-6.3838577,0
582,14,22,0,-14.186486,-6.7744985,0
583,14,23,0,-14.762272,-7.9225316,0
584,14,24,0,-15.598174,-10.583633,0
585,14,25,0,-16.738598,-13.470962,0
586,14,26,0,-16.65024,-16.703272,0
587,14,27,0,-14.939034,-19.453892,0
588,14,28,0,-12.501339,-21.873207,0
589,14,29,0,-9.232285,-24.338867,0
590,14,30,0,-4.91815,-26.260574,0
591,14,31,0,-0.34491336,-26.678331,0
592,14,32,0,3.5832014,-25.724428,0
593,14,33,0,6.5688796,-24.055012,0
594,14,34,0,8.744324,-22.015186,0
595,14,35,0,10.174412,-20.033928,0
596,14,36,0,11.02575,-18.2017,0
597,14,37,0,11.450599,-16.737648,0
598,14,38,0,11.663392,-15.702347,0
599,14,39,0,11.932361,-14.49658,0
600,15,0,0,-6.5511436,-1.7067902,0
601,15,1,0,-6.866216,-1.3941702,0
602,15,2,0,-7.184089,-1.0319873,0
603,15,3,0,-7.483167,-0.9693626,0
604,15,4,0,-7.6383324,-0.7819444,0
605,15,5,0,-7.816499,-1.1610944,0
606,15,6,0,-8.154029,-1.5763552,0
607,15,7,0,-8.538722,-1.2555535,0
608,15,8,0,-8.959294,-0.88085496,0
609,15,9,0,-9.577521,-1.2740842,0
610,15,10,0,-10.098042,-2.0578117,0
611,15,11,0,-10.07676,-2.531469,0
612,15,12,0,-10.281379,-2.8833303,0
613,15,13,0,-11.183042,-2.8383455,0
614,15,14,0,-11.915532,-2.32578,0
615,15,15,0,-11.698273,-2.2415712,0
616,15,16,0,-11.1384,-2.8609736,0
617,15,17,0,-11.094391,-3.5882192,0
618,15,18,0,-11.190156,-3.6950529,0
619,15,19,0,-11.582233,-4.1660657,0
620,15,20,0,-12.194659,-6.0219364,0
621,15,21,0,-12.672042,-7.8538556,0
622,15,22,0,-13.06179,-8.299748,0
623,15,23,0,-13.265377,-9.3211565,0
624,15,24,0,-13.290358,-11.994586,0
625,15,25,0,-13.3606825,-14.863336,0
626,15,26,0,-13.09765,-17.205866,0
627,15,27,0,-11.943372,-18.939898,0
628,15,28,0,-9.895792,-20.68935,0
629,15,29,0,-7.1721478,-22.36869,0
630,15,30,0,-3.9294424,-23.53918,0
631,15,31,0,-0.63697946,-23.771832,0
632,15,32,0,2.2733133,-23.226828,0
633,15,33,0,4.8123355,-22.208408,0
634,15,34,0,6.8187943,-21.04197,0
635,15,35,0,8.198433,-19.776777,0
636,15,36,0,9.233464,-18.312857,0
637,15,37,0,9.993149,-17.058798,0
638,15,38,0,10.586462,-15.857269,0
639,15,39,0,10.9896555,-14.611167,0
640,16,0,0,-6.3758755,-2.0950613,0
641,16,1,0,-6.5070815,-1.490704,0
642,16,2,0,-6.9301004,-1.314781,0
643,16,3,0,-7.2982454,-1.3157024,0
644,16,4,0,-7.3150387,-1.2174658,0
645,16,5,0,-7.5118465,-1.8145759,0
646,16,6,0,-8.053029,-2.1446624,0
647,16,7,0,-8.565678,-1.9451272,0
648,16,8,0,-9.096793,-2.00247,0
649,16,9,0,-9.778227,-2.5877948,0
650,16,10,0,-10.056404,-3.229778,0
651,16,11,0,-9.832105,-3.8385227,0
652,16,12,0,-10.355099,-3.90828,0
653,16,13,0,-11.248224,-3.1130626,0
654,16,14,0,-11.392314,-2.897112,0
655,16,15,0,-11.010574,-3.7136776,0
656,16,16,0,-10.876791,-4.3492265,0
657,16,17,0,-10.90707,-4.7007847,0
658,16,18,0,-10.650796,-5.183712,0
659,16,19,0,-10.88192,-5.9743967,0
660,16,20,0,-11.4361925,-7.529342,0
661,16,21,0,-11.911184,-8.965215,0
662,16,22,0,-11.993512,-9.401011,0
663,16,23,0,-11.774656,-10.296551,0
664,16,24,0,-11.48735,-12.634825,0
665,16,25,0,-11.060112,-15.223284,0
666,16,26,0,-10.440166,-17.108774,0
667,16,27,0,-9.479588,-18.4352,0
668,16,28,0,-7.9454775,-19.771078,0
669,16,29,0,-5.784902,-20.963892,0
670,16,30,0,-3.2491298,-21.692347,0
671,16,31,0,-0.709073,-21.869999,0
672,16,32,0,1.5958263,-21.554867,0
673,16,33,0,3.6275725,-20.896204,0
674,16,34,0,5.313321,-20.19311,0
675,16,35,0,6.8311386,-19.19456,0
676,16,36,0,8.160954,-17.876621,0
677,16,37,0,9.109849,-16.688728,0
678,16,38,0,9.660328,-15.582249,0
679,16,39,0,9.8160515,-14.664478,0
680,17,0,0,-6.135304,-2.2471173,0
681,17,1,0,-6.344831,-1.7588928,0
682,17,2,0,-6.820927,-1.6208235,0
683,17,3,0,-7.1587768,-1.427484,0
684,17,4,0,-7.231676,-1.6205602,0
685,17,5,0,-7.5449615,-2.4191873,0
686,17,6,0,-8.157957,-2.6095839,0
687,17,7,0,-8.665724,-2.5856981,0
688,17,8,0,-9.102085,-3.1206234,0
689,17,9,0,-9.526976,-3.8005645,0
690,17,10,0,-9.388562,-4.3283343,0
691,17,11,0,-9.017235,-5.1723113,0
692,17,12,0,-9.609871,-5.105102,0
693,17,13,0,-10.477164,-4.221757,0
694,17,14,0,-10.412256,-4.3488107,0
695,17,15,0,-10.272602,-5.208934,0
696,17,16,0,-10.626945,-5.620586,0
697,17,17,0,-10.558687,-5.7279053,0
698,17,18,0,-10.146681,-6.481085,0
699,17,19,0,-10.224326,-7.543542,0
700,17,20,0,-10.634039,-8.863502,0
701,17,21,0,-11.073458,-9.886836,0
702,17,22,0,-11.129025,-10.0885725,0
703,17,23,0,-10.611773,-10.856603,0
704,17,24,0,-9.93585,-12.924024,0
705,17,25,0,-9.338441,-15.20892,0
706,17,26,0,-8.730944,-16.789444,0
707,17,27,0,-7.871782,-17.78814,0
708,17,28,0,-6.577475,-18.710604,0
709,17,29,0,-4.890073,-19.552748,0
710,17,30,0,-2.9629755,-20.10592,0
711,17,31,0,-0.9649318,-20.305998,0
712,17,32,0,0.95401406,-20.133404,0
713,17,33,0,2.7111692,-19.673962,0
714,17,34,0,4.391281,-19.034153,0
715,17,35,0,5.984722,-18.09714,0
716,17,36,0,7.170906,-17.016714,0
717,17,37,0,7.8978252,-16.12833,0
718,17,38,0,8.2455225,-15.4277115,0
719,17,39,0,8.43395,-14.749116,0
720,18,0,0,-5.944567,-2.593265,0
721,18,1,0,-6.283269,-2.3398798,0
722,18,2,0,-6.7127414,-2.0911446,0
723,18,3,0,-7.000696,-1.6719544,0
724,18,4,0,-7.222204,-1.9846016,0
725,18,5,0,-7.5547924,-2.777044,0
726,18,6,0,-8.048612,-2.8929787,0
727,18,7,0,-8.536157,-3.1141624,0
728,18,8,0,-8.79617,-4.04227,0
729,18,9,0,-8.871348,-4.86756,0
730,18,10,0,-8.528534,-5.413656,0
731,18,11,0,-8.058068,-6.3145084,0
732,18,12,0,-8.849913,-6.2990046,0
733,18,13,0,-10.496274,-5.5345364,0
734,18,14,0,-11.046688,-5.4056816,0
735,18,15,0,-10.615333,-5.9822083,0
736,18,16,0,-10.28457,-6.5630913,0
737,18,17,0,-10.048405,-6.6441708,0
738,18,18,0,-9.743214,-7.4052367,0
739,18,19,0,-9.607545,-8.721118,0
740,18,20,0,-9.739271,-9.914934,0
741,18,21,0,-9.998488,-10.742538,0
742,18,22,0,-10.22446,-10.757992,0
743,18,23,0,-9.892085,-11.205755,0
744,18,24,0,-8.965015,-12.957599,0
745,18,25,0,-8.0522,-15.009711,0
746,18,26,0,-7.3349934,-16.438335,0
747,18,27,0,-6.591897,-17.13999,0
748,18,28,0,-5.5345654,-17.662497,0
749,18,29,0,-4.107161,-18.270634,0
750,18,30,0,-2.47727,-18.731157,0
751,18,31,0,-0.8244669,-18.864511,0
752,18,32,0,0.73042864,-18.713518,0
753,18,33,0,2.1724534,-18.319809,0
754,18,34,0,3.627042,-17.76815,0
755,18,35,0,4.9009743,-17.083176,0
756,18,36,0,5.7415805,-16.383512,0
757,18,37,0,6.2699003,-15.836188,0
758,18,38,0,6.713721,-15.338429,0
759,18,39,0,7.185062,-14.689932,0
760,19,0,0,-5.8936696,-2.958082,0
761,19,1,0,-6.2390456,-2.7179804,0
762,19,2,0,-6.5139904,-2.4548934,0
763,19,3,0,-6.7001743,-2.0971863,0
764,19,4,0,-7.051942,-2.5065145,0
765,19,5,0,-7.396986,-3.0150104,0
766,19,6,0,-7.708302,-2.9961293,0
767,19,7,0,-8.129859,-3.6354897,0
768,19,8,0,-8.364184,-4.820858,0
769,19,9,0,-8.194666,-5.6978507,0
770,19,10,0,-7.7648926,-6.3724174,0
771,19,11,0,-7.70847,-7.2225275,0
772,19,12,0,-8.781712,-7.0385895,0
773,19,13,0,-10.755844,-5.7049527,0
774,19,14,0,-11.934561,-5.034134,0
775,19,15,0,-11.075472,-5.6289663,0
776,19,16,0,-9.801953,-6.7008886,0
777,19,17,0,-9.457013,-7.40672,0
778,19,18,0,-9.389335,-8.148164,0
779,19,19,0,-9.224692,-9.319868,0
780,19,20,0,-8.991205,-10.431946,0
781,19,21,0,-8.884881,-11.288955,0
782,19,22,0,-9.072942,-11.415024,0
783,19,23,0,-9.054991,-11.634801,0
784,19,24,0,-8.402319,-12.934215,0
785,19,25,0,-7.454761,-14.655711,0
786,19,26,0,-6.505894,-15.966787,0
787,19,27,0,-5.6016273,-16.561617,0
788,19,28,0,-4.609974,-16.793816,0
789,19,29,0,-3.3863165,-17.090137,0
790,19,30,0,-1.9764278,-17.43094,0
791,19,31,0,-0.61521745,-17.60386,0
792,19,32,0,0.57576,-17.552744,0
793,19,33,0,1.6352876,-17.245955,0
794,19,34,0,2.6918147,-16.812288,0
795,19,35,0,3.675576,-16.337067,0
796,19,36,0,4.5127277,-15.873796,0
797,19,37,0,5.2153983,-15.501451,0
798,19,38,0,5.7828746,-15.119056,0
799,19,39,0,6.1903205,-14.638833,0
800,20,0,0,-5.627102,-3.1185117,0
801,20,1,0,-6.080303,-2.9257157,0
802,20,2,0,-6.231235,-2.818247,0
803,20,3,0,-6.2112346,-2.6989868,0
804,20,4,0,-6.6534696,-3.2064052,0
805,20,5,0,-7.0573554,-3.2880025,0
806,20,6,0,-7.161135,-3.0790007,0
807,20,7,0,-7.451817,-4.184,0
808,20,8,0,-7.8131847,-5.4764924,0
809,20,9,0,-7.5979366,-6.290758,0
810,20,10,0,-7.042493,-7.3002076,0
811,20,11,0,-7.4465995,-8.265481,0
812,20,12,0,-8.664023,-7.4712853,0
813,20,13,0,-10.127961,-5.6552057,0
814,20,14,0,-11.313185,-5.0502477,0
815,20,15,0,-10.7605915,-5.4611077,0
816,20,16,0,-8.53555,-6.045183,0
817,20,17,0,-8.10129,-7.50998,0
818,20,18,0,-9.049492,-9.002477,0
819,20,19,0,-8.972272,-9.65607,0
820,20,20,0,-8.609851,-10.481392,0
821,20,21,0,-8.1411,-11.361292,0
822,20,22,0,-7.938547,-11.812492,0
823,20,23,0,-7.9002876,-12.084988,0
824,20,24,0,-7.589437,-12.997381,0
825,20,25,0,-6.8707447,-14.401731,0
826,20,26,0,-5.9435854,-15.590627,0
827,20,27,0,-5.0108514,-16.112898,0
828,20,28,0,-4.0751257,-16.177824,0
829,20,29,0,-3.0229337,-16.257763,0
830,20,30,0,-1.8360476,-16.445415,0
831,20,31,0,-0.6554032,-16.655497,0
832,20,32,0,0.43877783,-16.702402,0
833,20,33,0,1.4169252,-16.48231,0
834,20,34,0,2.2773108,-16.115574,0
835,20,35,0,3.0474217,-15.711574,0
836,20,36,0,3.7225964,-15.377644,0
837,20,37,0,4.288213,-15.160152,0
838,20,38,0,4.754108,-14.988112,0
839,20,39,0,5.0760174,-14.750756,0
840,21,0,0,-5.375351,-3.19336,0
841,21,1,0,-5.786679,-3.1409416,0
842,21,2,0,-5.7384562,-3.2492473,0
843,21,3,0,-5.5014105,-3.3076892,0
844,21,4,0,-5.9177947,-3.676515,0
845,21,5,0,-6.479648,-3.5480232,0
846,21,6,0,-6.4573174,-3.4934404,0
847,21,7,0,-6.5724506,-4.870344,0
848,21,8,0,-7.0478883,-6.0328374,0
849,21,9,0,-7.0168524,-6.68183,0
850,21,10,0,-6.4845266,-7.774228,0
851,21,11,0,-6.3031497,-8.909502,0
852,21,12,0,-7.1872916,-7.7754908,0
853,21,13,0,-9.035,-5.6111183,0
854,21,14,0,-10.460078,-5.4428244,0
855,21,15,0,-10.304074,-6.1233163,0
856,21,16,0,-8.293461,-6.2488155,0
857,21,17,0,-6.9868584,-6.6204934,0
858,21,18,0,-7.8382225,-8.430844,0
859,21,19,0,-8.415063,-10.004292,0
860,21,20,0,-8.188743,-10.563902,0
861,21,21,0,-7.799672,-11.194952,0
862,21,22,0,-7.3266664,-11.839571,0
863,21,23,0,-7.023726,-12.340561,0
864,21,24,0,-6.756539,-13.121678,0
865,21,25,0,-6.211892,-14.169798,0
866,21,26,0,-5.3984265,-15.102761,0
867,21,27,0,-4.515807,-15.587659,0
868,21,28,0,-3.652615,-15.593157,0
869,21,29,0,-2.7028453,-15.602176,0
870,21,30,0,-1.6369988,-15.712277,0
871,21,31,0,-0.5383356,-15.851171,0
872,21,32,0,0.531188,-15.923102,0
873,21,33,0,1.3982239,-15.868186,0
874,21,34,0,1.9781027,-15.696014,0
875,21,35,0,2.434123,-15.473583,0
876,21,36,0,2.8241448,-15.32475,0
877,21,37,0,3.1584182,-15.143415,0
878,21,38,0,3.5109246,-14.999915,0
879,21,39,0,3.8641167,-14.900805,0
880,22,0,0,-5.49017,-3.2427156,0
881,22,1,0,-5.547913,-3.284783,0
882,22,2,0,-5.260193,-3.6147456,0
883,22,3,0,-4.898397,-3.6814003,0
884,22,4,0,-5.175193,-3.809468,0
885,22,5,0,-5.729663,-3.8133295,0
886,22,6,0,-5.5940332,-4.198614,0
887,22,7,0,-5.662353,-5.589578,0
888,22,8,0,-6.2304688,-6.433653,0
889,22,9,0,-6.437852,-6.9175963,0
890,22,10,0,-6.2466083,-7.7128444,0
891,22,11,0,-5.7305837,-8.516285,0
892,22,12,0,-6.06595,-8.004776,0
893,22,13,0,-8.141596,-6.4241676,0
894,22,14,0,-9.888159,-6.182428,0
895,22,15,0,-9.841191,-6.7634525,0
896,22,16,0,-8.920974,-7.263762,0
897,22,17,0,-7.306024,-6.9955564,0
898,22,18,0,-6.6372223,-7.9859686,0
899,22,19,0,-7.354918,-10.109623,0
900,22,20,0,-7.494782,-10.841347,0
901,22,21,0,-7.301926,-11.232836,0
902,22,22,0,-7.0072446,-11.771666,0
903,22,23,0,-6.671321,-12.360975,0
904,22,24,0,-6.3472695,-13.106321,0
905,22,25,0,-5.8695626,-13.921422,0
906,22,26,0,-5.2007046,-14.564474,0
907,22,27,0,-4.4063907,-14.937037,0
908,22,28,0,-3.5828817,-14.984103,0
909,22,29,0,-2.7239249,-15.041714,0
910,22,30,0,-1.8071424,-15.194489,0
911,22,31,0,-0.9257643,-15.320353,0
912,22,32,0,-0.052779917,-15.399944,0
913,22,33,0,0.72417194,-15.538566,0
914,22,34,0,1.2730026,-15.642776,0
915,22,35,0,1.6961865,-15.581636,0
916,22,36,0,2.046776,-15.4951315,0
917,22,37,0,2.3513336,-15.318465,0
918,22,38,0,2.7368433,-15.11569,0
919,22,39,0,3.3059652,-14.934315,0
920,23,0,0,-5.650886,-3.4010825,0
921,23,1,0,-5.339989,-3.4574442,0
922,23,2,0,-5.0914016,-3.8866322,0
923,23,3,0,-4.7126436,-3.9552674,0
924,23,4,0,-4.616061,-4.164853,0
925,23,5,0,-4.8928685,-4.3749075,0
926,23,6,0,-4.8329306,-4.854696,0
927,23,7,0,-5.0857506,-6.047903,0
928,23,8,0,-5.6841455,-6.6535177,0
929,23,9,0,-5.915655,-7.0651183,0
930,23,10,0,-6.002567,-7.6785583,0
931,23,11,0,-5.9315176,-8.187775,0
932,23,12,0,-6.3387666,-8.395769,0
933,23,13,0,-7.9525213,-7.339386,0
934,23,14,0,-9.306145,-6.6592045,0
935,23,15,0,-9.308726,-6.9858327,0
936,23,16,0,-8.706759,-7.574114,0
937,23,17,0,-7.774647,-8.221765,0
938,23,18,0,-6.782204,-9.119998,0
939,23,19,0,-6.6947074,-10.308855,0
940,23,20,0,-6.7687397,-11.057217,0
941,23,21,0,-6.476991,-11.512836,0
942,23,22,0,-6.3115835,-11.93298,0
943,23,23,0,-6.1965938,-12.387238,0
944,23,24,0,-6.0309973,-12.93515,0
945,23,25,0,-5.702582,-13.598491,0
946,23,26,0,-5.1778708,-14.127482,0
947,23,27,0,-4.468683,-14.402553,0
948,23,28,0,-3.646097,-14.542039,0
949,23,29,0,-2.8534014,-14.693435,0
950,23,30,0,-2.1390796,-14.885058,0
951,23,31,0,-1.4597538,-15.063348,0
952,23,32,0,-0.73728263,-15.176676,0
953,23,33,0,0.04343109,-15.360765,0
954,23,34,0,0.786495,-15.606902,0
955,23,35,0,1.3602302,-15.698947,0
956,23,36,0,1.744981,-15.692847,0
957,23,37,0,2.1364405,-15.4923315,0
958,23,38,0,2.711282,-15.076381,0
959,23,39,0,3.4644346,-14.636264,0
960,24,0,0,-5.368319,-3.7370398,0
961,24,1,0,-4.9894295,-3.896452,0
962,24,2,0,-4.9333696,-4.317908,0
963,24,3,0,-4.468976,-4.6548433,0
964,24,4,0,-4.0298505,-5.202317,0
965,24,5,0,-4.140192,-5.227493,0
966,24,6,0,-4.328512,-5.4074383,0
967,24,7,0,-4.889274,-6.4114356,0
968,24,8,0,-5.465049,-6.904045,0
969,24,9,0,-5.387462,-7.1915617,0
970,24,10,0,-5.453417,-7.6854777,0
971,24,11,0,-5.6350794,-8.251067,0
972,24,12,0,-6.095298,-8.787053,0
973,24,13,0,-7.4309025,-7.750412,0
974,24,14,0,-8.598323,-6.5749693,0
975,24,15,0,-8.654859,-6.8956842,0
976,24,16,0,-8.017709,-7.6910324,0
977,24,17,0,-7.3489037,-8.464876,0
978,24,18,0,-6.7884927,-9.4768095,0
979,24,19,0,-6.3621182,-10.512902,0
980,24,20,0,-6.0641894,-11.159435,0
981,24,21,0,-5.765245,-11.69752,0
982,24,22,0,-5.540785,-12.0927305,0
983,24,23,0,-5.4063087,-12.470303,0
984,24,24,0,-5.2696805,-12.899647,0
985,24,25,0,-5.042582,-13.342492,0
986,24,26,0,-4.6220627,-13.682014,0
987,24,27,0,-4.0654263,-13.809877,0
988,24,28,0,-3.4001977,-13.877043,0
989,24,29,0,-2.7163532,-14.070962,0
990,24,30,0,-2.075406,-14.321027,0
991,24,31,0,-1.4434526,-14.581816,0
992,24,32,0,-0.83849263,-14.759114,0
993,24,33,0,-0.25436604,-14.958327,0
994,24,34,0,0.38519183,-15.179738,0
995,24,35,0,1.0400519,-15.330187,0
996,24,36,0,1.6785108,-15.348727,0
997,24,37,0,2.3355246,-15.059192,0
998,24,38,0,2.9204261,-14.5543375,0
999,24,39,0,3.3721247,-14.083477,0
1000,25,0,0,-5.0090933,-4.203834,0
1001,25,1,0,-4.7527533,-4.5828867,0
1002,25,2,0,-4.533407,-5.1669073,0
1003,25,3,0,-3.790425,-5.826803,0
1004,25,4,0,-3.3726704,-6.1760774,0
1005,25,5,0,-3.5298288,-5.7637873,0
1006,25,6,0,-3.901462,-5.9465384,0
1007,25,7,0,-4.838829,-6.856213,0
1008,25,8,0,-5.4253635,-7.1892767,0
1009,25,9,0,-5.0217676,-7.2991757,0
1010,25,10,0,-4.8807416,-7.764459,0
1011,25,11,0,-5.0730634,-8.478598,0
1012,25,12,0,-5.445406,-9.08078,0
1013,25,13,0,-6.626988,-8.063044,0
1014,25,14,0,-7.9810166,-6.6935053,0
1015,25,15,0,-8.068033,-6.9059114,0
1016,25,16,0,-7.2328796,-7.8408012,0
1017,25,17,0,-6.555749,-8.6018095,0
1018,25,18,0,-6.1411414,-9.224947,0
1019,25,19,0,-5.76774,-10.143499,0
1020,25,20,0,-5.431195,-10.963243,0
1021,25,21,0,-5.200483,-11.600392,0
1022,25,22,0,-5.005399,-12.07747,0
1023,25,23,0,-4.7362747,-12.522875,0
1024,25,24,0,-4.4387307,-12.999355,0
1025,25,25,0,-4.140026,-13.284202,0
1026,25,26,0,-3.7494648,-13.411512,0
1027,25,27,0,-3.2896278,-13.424997,0
1028,25,28,0,-2.8635156,-13.346385,0
1029,25,29,0,-2.4176722,-13.386949,0
1030,25,30,0,-1.8505869,-13.628754,0
1031,25,31,0,-1.2374086,-13.952941,0
1032,25,32,0,-0.6921484,-14.171153,0
1033,25,33,0,-0.2386221,-14.369399,0
1034,25,34,0,0.25777054,-14.500559,0
1035,25,35,0,0.94196725,-14.565812,0
1036,25,36,0,1.732171,-14.553562,0
1037,25,37,0,2.3570583,-14.347267,0
1038,25,38,0,2.678774,-14.067482,0
1039,25,39,0,2.8127897,-13.722631,0
1040,26,0,0,-4.9758024,-4.7619424,0
1041,26,1,0,-4.564851,-5.225247,0
1042,26,2,0,-3.8558617,-5.873862,0
1043,26,3,0,-3.115453,-6.314167,0
1044,26,4,0,-2.9241943,-6.32506,0
1045,26,5,0,-3.1055272,-6.0470285,0
1046,26,6,0,-3.6245759,-6.482121,0
1047,26,7,0,-4.756215,-7.287969,0
1048,26,8,0,-5.264027,-7.4815373,0
1049,26,9,0,-4.80905,-7.5750723,0
1050,26,10,0,-4.5372887,-8.07078,0
1051,26,11,0,-4.4395165,-8.872882,0
1052,26,12,0,-4.6328483,-9.339086,0
1053,26,13,0,-5.6875873,-8.361515,0
1054,26,14,0,-7.0884256,-7.2687917,0
1055,26,15,0,-7.3639627,-7.2953725,0
1056,26,16,0,-6.6492414,-7.8716288,0
1057,26,17,0,-6.005085,-8.643022,0
1058,26,18,0,-5.7393,-9.228916,0
1059,26,19,0,-5.5300126,-9.847378,0
1060,26,20,0,-5.0889854,-10.345071,0
1061,26,21,0,-4.5931406,-10.724036,0
1062,26,22,0,-4.446656,-11.530691,0
1063,26,23,0,-4.3289475,-12.397925,0
1064,26,24,0,-3.9395285,-12.900249,0
1065,26,25,0,-3.5475137,-13.167807,0
1066,26,26,0,-3.1659083,-13.20785,0
1067,26,27,0,-2.6760688,-13.192293,0
1068,26,28,0,-2.2107594,-13.192324,0
1069,26,29,0,-1.8431879,-13.175092,0
1070,26,30,0,-1.4155711,-13.278028,0
1071,26,31,0,-0.88649535,-13.573465,0
1072,26,32,0,-0.34505782,-13.829971,0
1073,26,33,0,0.17956056,-14.041276,0
1074,26,34,0,0.66676474,-14.153309,0
1075,26,35,0,1.1301979,-14.135393,0
1076,26,36,0,1.608259,-14.090146,0
1077,26,37,0,1.9784439,-14.015294,0
1078,26,38,0,2.2633147,-13.843892,0
1079,26,39,0,2.5722144,-13.46618,0
1080,27,0,0,-4.771383,-5.2617817,0
1081,27,1,0,-3.9177513,-5.6237903,0
1082,27,2,0,-3.0623963,-6.024894,0
1083,27,3,0,-2.8481345,-6.0028987,0
1084,27,4,0,-2.935728,-6.055786,0
1085,27,5,0,-3.1162484,-6.2810106,0
1086,27,6,0,-3.7252738,-6.773659,0
1087,27,7,0,-4.72213,-7.580416,0
1088,27,8,0,-4.948219,-7.9147162,0
1089,27,9,0,-4.4845557,-8.165739,0
1090,27,10,0,-4.208832,-8.657395,0
1091,27,11,0,-3.890979,-9.380967,0
1092,27,12,0,-3.9611554,-9.680032,0
1093,27,13,0,-4.9945426,-8.753734,0
1094,27,14,0,-6.2815175,-7.958989,0
1095,27,15,0,-6.5978646,-8.019517,0
1096,27,16,0,-6.179478,-8.355646,0
1097,27,17,0,-5.722649,-8.828458,0
1098,27,18,0,-5.3582096,-9.21949,0
1099,27,19,0,-5.0617223,-9.470709,0
1100,27,20,0,-4.643964,-9.732541,0
1101,27,21,0,-4.112301,-10.2185955,0
1102,27,22,0,-3.8890157,-11.049305,0
1103,27,23,0,-3.9245799,-11.915768,0
1104,27,24,0,-3.681967,-12.479659,0
1105,27,25,0,-3.1844766,-12.808759,0
1106,27,26,0,-2.7582905,-12.912245,0
1107,27,27,0,-2.329755,-12.905278,0
1108,27,28,0,-1.8938802,-13.029253,0
1109,27,29,0,-1.5375787,-13.173609,0
1110,27,30,0,-1.2556483,-13.271972,0
1111,27,31,0,-0.89560336,-13.417799,0
1112,27,32,0,-0.41104236,-13.636881,0
1113,27,33,0,0.11589752,-13.864202,0
1114,27,34,0,0.5846309,-13.991045,0
1115,27,35,0,0.92073375,-13.971383,0
1116,27,36,0,1.2294035,-13.828428,0
1117,27,37,0,1.6123776,-13.688356,0
1118,27,38,0,2.0785613,-13.449031,0
1119,27,39,0,2.5960588,-13.006561,0
1120,28,0,0,-4.3777323,-5.467629,0
1121,28,1,0,-3.2786026,-5.755871,0
1122,28,2,0,-2.5681574,-5.8920608,0
1123,28,3,0,-2.7168667,-5.652543,0
1124,28,4,0,-3.0410192,-5.7544684,0
1125,28,5,0,-3.2447085,-6.307102,0
1126,28,6,0,-3.8283803,-6.9837174,0
1127,28,7,0,-4.550668,-7.9142323,0
1128,28,8,0,-4.517817,-8.486825,0
1129,28,9,0,-4.1765976,-8.868864,0
1130,28,10,0,-4.0005965,-9.310946,0
1131,28,11,0,-3.6804047,-9.7674675,0
1132,28,12,0,-3.7114003,-9.876694,0
1133,28,13,0,-4.6175203,-9.103135,0
1134,28,14,0,-5.7607245,-8.546997,0
1135,28,15,0,-6.0352817,-8.680658,0
1136,28,16,0,-5.749967,-9.099692,0
1137,28,17,0,-5.4718165,-9.518254,0
1138,28,18,0,-5.1092134,-9.6301565,0
1139,28,19,0,-4.7872496,-9.504532,0
1140,28,20,0,-4.4602976,-9.503379,0
1141,28,21,0,-3.9977248,-9.790412,0
1142,28,22,0,-3.3037245,-9.572639,0
1143,28,23,0,-3.4040258,-9.682816,0
1144,28,24,0,-3.6540458,-11.164915,0
1145,28,25,0,-3.1239603,-12.3468485,0
1146,28,26,0,-2.727472,-12.593433,0
1147,28,27,0,-2.4312272,-12.636527,0
1148,28,28,0,-2.0997758,-12.781663,0
1149,28,29,0,-1.7547493,-13.077389,0
1150,28,30,0,-1.5370032,-13.307774,0
1151,28,31,0,-1.3176962,-13.359762,0
1152,28,32,0,-0.9053462,-13.47196,0
1153,28,33,0,-0.35107824,-13.64923,0
1154,28,34,0,0.23300645,-13.699871,0
1155,28,35,0,0.79068977,-13.6495075,0
1156,28,36,0,1.2666062,-13.467761,0
1157,28,37,0,1.6457882,-13.241389,0
1158,28,38,0,2.0035663,-12.956166,0
1159,28,39,0,2.384052,-12.571729,0
1160,29,0,0,-4.145156,-5.3813233,0
1161,29,1,0,-3.0491595,-5.7187896,0
1162,29,2,0,-2.3231916,-5.720315,0
1163,29,3,0,-2.3450425,-5.547877,0
1164,29,4,0,-2.9140399,-5.637628,0
1165,29,5,0,-3.1508985,-6.4007497,0
1166,29,6,0,-3.3147411,-7.467864,0
1167,29,7,0,-3.7713559,-8.391484,0
1168,29,8,0,-3.859728,-9.038243,0
1169,29,9,0,-3.9095132,-9.4720335,0
1170,29,10,0,-4.0109797,-9.700622,0
1171,29,11,0,-3.6817226,-9.84855,0
1172,29,12,0,-3.5730982,-9.901031,0
1173,29,13,0,-4.256545,-9.410876,0
1174,29,14,0,-5.203083,-9.03505,0
1175,29,15,0,-5.488868,-9.124219,0
1176,29,16,0,-5.2587023,-9.554088,0
1177,29,17,0,-5.0692677,-10.023518,0
1178,29,18,0,-4.9345994,-10.24411,0
1179,29,19,0,-4.7570295,-10.228379,0
1180,29,20,0,-4.4879074,-10.106256,0
1181,29,21,0,-3.9997854,-10.023757,0
1182,29,22,0,-3.1491368,-9.567765,0
1183,29,23,0,-2.8421695,-9.246041,0
1184,29,24,0,-3.0442245,-10.638979,0
1185,29,25,0,-2.8874595,-12.155198,0
1186,29,26,0,-2.6597018,-12.478116,0
1187,29,27,0,-2.5012324,-12.491924,0
1188,29,28,0,-2.2483518,-12.489932,0
1189,29,29,0,-1.8494533,-12.853761,0
1190,29,30,0,-1.4951661,-13.217903,0
1191,29,31,0,-1.1914045,-13.220304,0
1192,29,32,0,-0.784388,-13.186775,0
1193,29,33,0,-0.21846059,-13.230665,0
1194,29,34,0,0.42659602,-13.191529,0
1195,29,35,0,1.0115716,-13.0949745,0
1196,29,36,0,1.4215486,-13.018132,0
1197,29,37,0,1.6191534,-12.914338,0
1198,29,38,0,1.7988809,-12.656563,0
1199,29,39,0,2.0736513,-12.330825,0
1200,30,0,0,-4.2223525,-5.177711,0
1201,30,1,0,-3.0240045,-5.501604,0
1202,30,2,0,-1.97433,-5.651096,0
1203,30,3,0,-1.8497158,-5.930071,0
1204,30,4,0,-2.6847026,-5.992791,0
1205,30,5,0,-2.628228,-6.374872,0
1206,30,6,0,-2.3838847,-7.6877313,0
1207,30,7,0,-3.0096729,-8.836653,0
1208,30,8,0,-3.2773452,-9.489838,0
1209,30,9,0,-3.4995635,-9.867786,0
1210,30,10,0,-3.7873616,-9.895182,0
1211,30,11,0,-3.5602534,-9.836431,0
1212,30,12,0,-3.503707,-9.861286,0
1213,30,13,0,-4.031047,-9.673371,0
1214,30,14,0,-4.816048,-9.508947,0
1215,30,15,0,-5.1033187,-9.674252,0
1216,30,16,0,-4.9246225,-10.039371,0
1217,30,17,0,-4.719586,-10.354511,0
1218,30,18,0,-4.5434914,-10.52364,0
1219,30,19,0,-4.3594065,-10.624834,0
1220,30,20,0,-4.165768,-10.69901,0
1221,30,21,0,-3.8568242,-10.875491,0
1222,30,22,0,-3.3763146,-11.061428,0
1223,30,23,0,-2.7680275,-11.019942,0
1224,30,24,0,-2.5677671,-11.369119,0
1225,30,25,0,-2.621734,-12.073384,0
1226,30,26,0,-2.39577,-12.432843,0
1227,30,27,0,-2.150953,-12.421357,0
1228,30,28,0,-1.9394308,-12.29181,0
1229,30,29,0,-1.5789137,-12.523333,0
1230,30,30,0,-1.1196879,-12.895444,0
1231,30,31,0,-0.74294406,-12.929018,0
1232,30,32,0,-0.4417704,-12.832347,0
1233,30,33,0,-0.10235831,-12.79684,0
1234,30,34,0,0.2968111,-12.731555,0
1235,30,35,0,0.6641206,-12.658671,0
1236,30,36,0,0.932766,-12.703287,0
1237,30,37,0,1.1312388,-12.724068,0
1238,30,38,0,1.3861978,-12.436513,0
1239,30,39,0,1.7009239,-12.092132,0
1240,31,0,0,-4.2296605,-4.7498956,0
1241,31,1,0,-2.6575286,-5.2467065,0
1242,31,2,0,-1.3198874,-6.0358653,0
1243,31,3,0,-1.4356422,-6.8044095,0
1244,31,4,0,-2.0947964,-6.821448,0
1245,31,5,0,-1.254292,-6.930307,0
1246,31,6,0,-1.1336309,-7.938495,0
1247,31,7,0,-2.4898758,-8.94101,0
1248,31,8,0,-2.7966866,-9.577563,0
1249,31,9,0,-2.8956275,-9.962018,0
1250,31,10,0,-3.264706,-10.02408,0
1251,31,11,0,-3.375983,-9.914588,0
1252,31,12,0,-3.7923515,-9.742436,0
1253,31,13,0,-4.386506,-9.735399,0
1254,31,14,0,-4.965789,-9.887916,0
1255,31,15,0,-5.0212936,-10.152203,0
1256,31,16,0,-4.676456,-10.429354,0
1257,31,17,0,-4.418712,-10.605494,0
1258,31,18,0,-4.232443,-10.728161,0
1259,31,19,0,-4.0137396,-10.835797,0
1260,31,20,0,-3.837335,-10.817983,0
1261,31,21,0,-3.664527,-10.866507,0
1262,31,22,0,-3.4065733,-11.012489,0
1263,31,23,0,-3.0898585,-11.2404,0
1264,31,24,0,-2.8953674,-11.535735,0
1265,31,25,0,-2.8760796,-11.895483,0
1266,31,26,0,-2.742415,-12.21941,0
1267,31,27,0,-2.4213364,-12.27495,0
1268,31,28,0,-2.1061685,-12.181381,0
1269,31,29,0,-1.7493503,-12.224616,0
1270,31,30,0,-1.3129777,-12.484885,0
1271,31,31,0,-1.0219214,-12.639914,0
1272,31,32,0,-0.91528356,-12.577294,0
1273,31,33,0,-0.77145994,-12.505251,0
1274,31,34,0,-0.5619023,-12.469646,0
1275,31,35,0,-0.33750683,-12.414347,0
1276,31,36,0,-0.066927865,-12.428468,0
1277,31,37,0,0.30101004,-12.412567,0
1278,31,38,0,0.72590804,-12.111332,0
1279,31,39,0,1.138692,-11.800448,0
1280,32,0,0,-3.5253184,-4.5152364,0
1281,32,1,0,-1.6046939,-5.5812693,0
1282,32,2,0,-0.49735588,-6.951202,0
1283,32,3,0,-0.8800416,-7.6746187,0
1284,32,4,0,-1.039375,-7.78216,0
1285,32,5,0,-0.12095894,-7.7975802,0
1286,32,6,0,-0.5878083,-7.877419,0
1287,32,7,0,-2.1239073,-8.606975,0
1288,32,8,0,-2.279262,-9.558994,0
1289,32,9,0,-2.3104475,-9.783711,0
1290,32,10,0,-2.669523,-9.849304,0
1291,32,11,0,-2.993945,-10.037455,0
1292,32,12,0,-3.7254865,-10.013077,0
1293,32,13,0,-4.6338725,-9.89865,0
1294,32,14,0,-5.311321,-9.943605,0
1295,32,15,0,-5.2166595,-10.2182865,0
1296,32,16,0,-4.58075,-10.552816,0
1297,32,17,0,-4.012828,-10.766068,0
1298,32,18,0,-3.729069,-10.912804,0
1299,32,19,0,-3.539116,-11.02335,0
1300,32,20,0,-3.3610384,-11.039421,0
1301,32,21,0,-3.2375815,-11.002457,0
1302,32,22,0,-3.1500351,-11.045164,0
1303,32,23,0,-3.0535781,-11.211136,0
1304,32,24,0,-2.9476726,-11.538022,0
1305,32,25,0,-2.947313,-11.87346,0
1306,32,26,0,-2.9959457,-12.055443,0
1307,32,27,0,-2.8784916,-12.077228,0
1308,32,28,0,-2.632074,-12.084067,0
1309,32,29,0,-2.384208,-12.091432,0
1310,32,30,0,-2.103901,-12.210663,0
1311,32,31,0,-1.8810965,-12.410742,0
1312,32,32,0,-1.756935,-12.43788,0
1313,32,33,0,-1.612027,-12.328839,0
1314,32,34,0,-1.4063628,-12.307338,0
1315,32,35,0,-1.1651318,-12.250058,0
1316,32,36,0,-0.8364142,-12.115292,0
1317,32,37,0,-0.3453623,-11.985214,0
1318,32,38,0,0.20321359,-11.721861,0
1319,32,39,0,0.7512805,-11.443132,0
1320,33,0,0,-2.5339525,-5.237228,0
1321,33,1,0,-0.4283213,-6.5406165,0
1322,33,2,0,0.28471482,-7.6993184,0
1323,33,3,0,-0.11628855,-8.01231,0
1324,33,4,0,-0.008069915,-7.8685555,0
1325,33,5,0,0.25201762,-7.3033295,0
1326,33,6,0,-0.48294258,-7.175428,0
1327,33,7,0,-1.5257596,-8.265047,0
1328,33,8,0,-1.7203332,-9.339247,0
1329,33,9,0,-1.7091612,-9.481501,0
1330,33,10,0,-1.9071561,-9.553668,0
1331,33,11,0,-2.3582714,-9.931662,0
1332,33,12,0,-3.1997135,-10.028206,0
1333,33,13,0,-4.4039717,-9.6150675,0
1334,33,14,0,-5.283206,-9.421767,0
1335,33,15,0,-5.099571,-9.74582,0
1336,33,16,0,-4.337493,-10.3285675,0
1337,33,17,0,-3.6786246,-10.829225,0
1338,33,18,0,-3.1901362,-11.002934,0
1339,33,19,0,-2.831526,-11.030147,0
1340,33,20,0,-2.6368623,-11.140044,0
1341,33,21,0,-2.563544,-11.253641,0
1342,33,22,0,-2.6364095,-11.393897,0
1343,33,23,0,-2.784295,-11.534473,0
1344,33,24,0,-2.8486607,-11.721588,0
1345,33,25,0,-2.7846382,-12.001519,0
1346,33,26,0,-2.774977,-12.1657295,0
1347,33,27,0,-2.8261483,-12.1136465,0
1348,33,28,0,-2.798187,-12.06537,0
1349,33,29,0,-2.7091842,-12.048863,0
1350,33,30,0,-2.538714,-12.063821,0
1351,33,31,0,-2.2517195,-12.162464,0
1352,33,32,0,-1.967264,-12.242385,0
1353,33,33,0,-1.7479018,-12.169103,0
1354,33,34,0,-1.4235437,-12.086737,0
1355,33,35,0,-0.9719521,-12.025085,0
1356,33,36,0,-0.5019856,-11.796305,0
1357,33,37,0,0.002118634,-11.571428,0
1358,33,38,0,0.48195538,-11.347822,0
1359,33,39,0,0.90179205,-11.121551,0
1360,34,0,0,-1.6908256,-6.061281,0
1361,34,1,0,0.55674154,-7.3324137,0
1362,34,2,0,0.84429884,-8.022303,0
1363,34,3,0,0.38434222,-8.212413,0
1364,34,4,0,0.48869514,-7.987994,0
1365,34,5,0,0.73341995,-7.3691225,0
1366,34,6,0,0.19642334,-7.4208555,0
1367,34,7,0,-0.78363276,-8.141152,0
1368,34,8,0,-1.0834111,-8.780213,0
1369,34,9,0,-1.0828356,-9.112251,0
1370,34,10,0,-1.2685674,-9.251595,0
1371,34,11,0,-1.6978592,-9.434942,0
1372,34,12,0,-2.6552253,-9.331059,0
1373,34,13,0,-3.9813771,-8.943103,0
1374,34,14,0,-4.780112,-8.988623,0
1375,34,15,0,-4.4176836,-9.373283,0
1376,34,16,0,-3.7869425,-9.809456,0
1377,34,17,0,-3.3109772,-10.35219,0
1378,34,18,0,-2.7540245,-10.901776,0
1379,34,19,0,-2.2526357,-11.360097,0
1380,34,20,0,-2.0138438,-11.550908,0
1381,34,21,0,-1.9790877,-11.630691,0
1382,34,22,0,-2.0692582,-11.821745,0
1383,34,23,0,-2.2702498,-11.930658,0
1384,34,24,0,-2.458374,-12.03975,0
1385,34,25,0,-2.5162513,-12.245681,0
1386,34,26,0,-2.4997928,-12.37751,0
1387,34,27,0,-2.5191457,-12.299811,0
1388,34,28,0,-2.5177796,-12.076772,0
1389,34,29,0,-2.3241818,-11.927796,0
1390,34,30,0,-2.0156922,-11.872453,0
1391,34,31,0,-1.6705505,-11.913402,0
1392,34,32,0,-1.37404,-12.051284,0
1393,34,33,0,-1.137423,-11.980463,0
1394,34,34,0,-0.74534935,-11.755532,0
1395,34,35,0,-0.16786668,-11.666692,0
1396,34,36,0,0.33070853,-11.468239,0
1397,34,37,0,0.67959213,-11.212293,0
1398,34,38,0,0.9424291,-11.062338,0
1399,34,39,0,1.1391475,-10.980702,0
1400,35,0,0,-0.44532457,-7.2093916,0
1401,35,1,0,1.5407232,-8.131099,0
1402,35,2,0,1.2332436,-8.342478,0
1403,35,3,0,0.6028491,-8.71389,0
1404,35,4,0,0.42611274,-8.940055,0
1405,35,5,0,0.80628145,-8.459003,0
1406,35,6,0,0.52509683,-7.9940367,0
1407,35,7,0,-0.26999503,-8.128167,0
1408,35,8,0,-0.4478735,-8.418653,0
1409,35,9,0,-0.629899,-8.665185,0
1410,35,10,0,-0.880715,-8.717834,0
1411,35,11,0,-1.2616377,-8.558066,0
1412,35,12,0,-2.2940428,-8.333042,0
1413,35,13,0,-3.4930391,-8.344538,0
1414,35,14,0,-3.9314053,-8.812069,0
1415,35,15,0,-3.5150197,-9.295352,0
1416,35,16,0,-3.1575751,-9.48942,0
1417,35,17,0,-2.9773993,-9.687428,0
1418,35,18,0,-2.6844974,-10.063318,0
1419,35,19,0,-2.1256614,-10.490464,0
1420,35,20,0,-1.6375893,-10.708607,0
1421,35,21,0,-1.4503919,-10.988892,0
1422,35,22,0,-1.3855691,-11.533676,0
1423,35,23,0,-1.4019932,-11.975092,0
1424,35,24,0,-1.4558485,-12.327132,0
1425,35,25,0,-1.5662372,-12.7330675,0
1426,35,26,0,-1.842928,-12.966453,0
1427,35,27,0,-2.2771602,-12.669736,0
1428,35,28,0,-2.2714422,-12.034144,0
1429,35,29,0,-1.7455739,-11.654812,0
1430,35,30,0,-1.2665377,-11.613239,0
1431,35,31,0,-0.8975823,-11.681588,0
1432,35,32,0,-0.61847955,-11.8518095,0
1433,35,33,0,-0.42287803,-11.800769,0
1434,35,34,0,-0.23892832,-11.449637,0
1435,35,35,0,0.08822859,-11.248745,0
1436,35,36,0,0.44925302,-11.164707,0
1437,35,37,0,0.6489758,-11.069376,0
1438,35,38,0,0.792351,-10.964685,0
1439,35,39,0,1.0822619,-10.8371,0
1440,36,0,0,0.44527495,-8.765359,0
1441,36,1,0,1.6655328,-8.925422,0
1442,36,2,0,1.4309939,-8.82381,0
1443,36,3,0,0.95097744,-9.110258,0
1444,36,4,0,0.49562055,-9.415269,0
1445,36,5,0,0.43142048,-8.80698,0
1446,36,6,0,0.4392882,-8.00003,0
1447,36,7,0,0.40659818,-8.019245,0
1448,36,8,0,0.34947473,-8.155018,0
1449,36,9,0,-0.058743104,-8.035703,0
1450,36,10,0,-0.39559582,-7.8195324,0
1451,36,11,0,-1.0136359,-7.4902854,0
1452,36,12,0,-2.1943405,-7.3084106,0
1453,36,13,0,-2.9825535,-7.7225075,0
1454,36,14,0,-2.8386502,-8.624583,0
1455,36,15,0,-2.4260335,-9.346664,0
1456,36,16,0,-2.293258,-9.684723,0
1457,36,17,0,-2.4385488,-9.852167,0
1458,36,18,0,-2.5911322,-9.747815,0
1459,36,19,0,-2.3481312,-9.545126,0
1460,36,20,0,-2.0199945,-9.5983095,0
1461,36,21,0,-1.7887597,-9.723972,0
1462,36,22,0,-1.5495366,-9.871463,0
1463,36,23,0,-1.278794,-9.980674,0
1464,36,24,0,-0.9371445,-9.7324915,0
1465,36,25,0,-0.58934194,-9.3844795,0
1466,36,26,0,-0.54274684,-9.301836,0
1467,36,27,0,-1.4571519,-9.749197,0
1468,36,28,0,-2.0366726,-10.435389,0
1469,36,29,0,-1.5175124,-11.019888,0
1470,36,30,0,-1.0837955,-11.33518,0
1471,36,31,0,-0.8089302,-11.416672,0
1472,36,32,0,-0.50453365,-11.531044,0
1473,36,33,0,-0.25221536,-11.522861,0
1474,36,34,0,-0.16030042,-11.246191,0
1475,36,35,0,-0.13251942,-10.975261,0
1476,36,36,0,0.016581891,-10.940737,0
1477,36,37,0,0.2578974,-11.020813,0
1478,36,38,0,0.575801,-10.870322,0
1479,36,39,0,1.0734552,-10.512132,0
1480,37,0,0,0.21688275,-8.703395,0
1481,37,1,0,0.86372226,-8.71948,0
1482,37,2,0,1.2502439,-8.896555,0
1483,37,3,0,1.2930309,-9.128981,0
1484,37,4,0,0.8438895,-9.312482,0
1485,37,5,0,0.26272413,-8.877746,0
1486,37,6,0,0.2685179,-8.168374,0
1487,37,7,0,0.8161964,-7.7860603,0
1488,37,8,0,1.1425806,-7.6615515,0
1489,37,9,0,0.6324646,-7.3622513,0
1490,37,10,0,-0.104775384,-6.9586415,0
1491,37,11,0,-0.96043557,-6.7532864,0
1492,37,12,0,-1.8824451,-6.7637925,0
1493,37,13,0,-2.02452,-7.4521084,0
1494,37,14,0,-1.6567932,-8.53232,0
1495,37,15,0,-1.4235804,-9.328865,0
1496,37,16,0,-1.4063883,-9.758729,0
1497,37,17,0,-1.5390002,-10.098817,0
1498,37,18,0,-1.7320172,-10.335266,0
1499,37,19,0,-1.9417316,-10.305133,0
1500,37,20,0,-2.1047478,-10.246192,0
1501,37,21,0,-2.1114783,-10.025084,0
1502,37,22,0,-1.9880401,-9.746878,0
1503,37,23,0,-1.8260151,-9.655054,0
1504,37,24,0,-1.6390656,-9.340491,0
1505,37,25,0,-1.4456971,-8.7366705,0
1506,37,26,0,-1.2126704,-8.415174,0
1507,37,27,0,-0.87062174,-8.915024,0
1508,37,28,0,-0.7417919,-9.416933,0
1509,37,29,0,-0.88479704,-9.644944,0
1510,37,30,0,-0.9896107,-10.461369,0
1511,37,31,0,-0.9936098,-11.066267,0
1512,37,32,0,-0.84183717,-11.136683,0
1513,37,33,0,-0.5919116,-11.17308,0
1514,37,34,0,-0.3644699,-11.030193,0
1515,37,35,0,-0.20710346,-10.79988,0
1516,37,36,0,0.023568548,-10.669888,0
1517,37,37,0,0.45288745,-10.65758,0
1518,37,38,0,0.9913048,-10.466266,0
1519,37,39,0,1.4952158,-10.0719185,0
1520,38,0,0,-0.24261075,-8.150337,0
1521,38,1,0,0.49614158,-8.358529,0
1522,38,2,0,1.1569352,-8.855615,0
1523,38,3,0,1.3626014,-9.1526785,0
1524,38,4,0,0.91717446,-9.139272,0
1525,38,5,0,0.31531766,-8.865715,0
1526,38,6,0,0.3482485,-8.485002,0
1527,38,7,0,0.9199086,-7.912356,0
1528,38,8,0,1.391172,-7.349733,0
1529,38,9,0,1.1249251,-6.9972396,0
1530,38,10,0,0.23745911,-6.65855,0
1531,38,11,0,-0.7994888,-6.4702225,0
1532,38,12,0,-1.2957692,-6.6292987,0
1533,38,13,0,-1.1061668,-7.4671383,0
1534,38,14,0,-1.0561647,-8.444439,0
1535,38,15,0,-1.1079894,-9.001292,0
1536,38,16,0,-1.1687506,-9.311623,0
1537,38,17,0,-1.2712221,-9.565263,0
1538,38,18,0,-1.2610002,-9.976564,0
1539,38,19,0,-1.2248296,-10.36431,0
1540,38,20,0,-1.2249045,-10.68913,0
1541,38,21,0,-1.3033264,-10.871906,0
1542,38,22,0,-1.453148,-11.039065,0
1543,38,23,0,-1.5655805,-11.313374,0
1544,38,24,0,-1.6194991,-11.636417,0
1545,38,25,0,-1.6996692,-11.791446,0
1546,38,26,0,-1.5885836,-11.746646,0
1547,38,27,0,-0.51082814,-11.441965,0
1548,38,28,0,0.21244834,-10.610189,0
1549,38,29,0,-0.28824332,-9.645345,0
1550,38,30,0,-0.6570711,-9.919139,0
1551,38,31,0,-0.6861901,-10.562835,0
1552,38,32,0,-0.57830274,-10.636294,0
1553,38,33,0,-0.36575782,-10.685596,0
1554,38,34,0,-0.04667224,-10.530889,0
1555,38,35,0,0.32134157,-10.306428,0
1556,38,36,0,0.7468452,-10.121772,0
1557,38,37,0,1.2687945,-10.007515,0
1558,38,38,0,1.7389616,-9.839169,0
1559,38,39,0,1.9967613,-9.581845,0
1560,39,0,0,-0.50382483,-8.543827,0
1561,39,1,0,0.56597406,-8.747245,0
1562,39,2,0,1.3257077,-9.029604,0
1563,39,3,0,1.2610503,-8.977071,0
1564,39,4,0,0.73086715,-8.740661,0
1565,39,5,0,0.32430327,-8.558871,0
1566,39,6,0,0.46571994,-8.40268,0
1567,39,7,0,0.90240705,-7.9583097,0
1568,39,8,0,1.2356671,-7.3424177,0
1569,39,9,0,1.1663629,-7.0510955,0
1570,39,10,0,0.51242447,-6.855056,0
1571,39,11,0,-0.42618757,-6.768949,0
1572,39,12,0,-0.7304253,-7.0144,0
1573,39,13,0,-0.765601,-7.5494933,0
1574,39,14,0,-1.145028,-8.156918,0
1575,39,15,0,-1.4586732,-8.49784,0
1576,39,16,0,-1.6316191,-8.670981,0
1577,39,17,0,-1.6635151,-8.821165,0
1578,39,18,0,-1.5634755,-9.0629015,0
1579,39,19,0,-1.3196518,-9.482105,0
1580,39,20,0,-0.99978346,-9.89262,0
1581,39,21,0,-0.72652173,-10.20399,0
1582,39,22,0,-0.60921234,-10.433751,0
1583,39,23,0,-0.61255777,-10.629227,0
1584,39,24,0,-0.6058936,-10.948657,0
1585,39,25,0,-0.5054657,-11.225788,0
1586,39,26,0,-0.3278352,-11.283878,0
1587,39,27,0,-0.11814634,-11.189061,0
1588,39,28,0,-0.19230415,-11.059704,0
1589,39,29,0,-0.4646232,-10.558066,0
1590,39,30,0,-0.4284787,-10.062529,0
1591,39,31,0,-0.094179824,-9.983727,0
1592,39,32,0,0.3146108,-9.995837,0
1593,39,33,0,0.6372792,-9.975171,0
1594,39,34,0,0.92754585,-9.833617,0
1595,39,35,0,1.1508977,-9.704183,0
1596,39,36,0,1.3240318,-9.615947,0
1597,39,37,0,1.5354961,-9.531029,0
1598,39,38,0,1.7230024,-9.417319,0
1599,39,39,0,1.8131925,-9.252532,0
