0,0,0,0,2.6021110792991125,2.1332173380807014,0
1,0,1,0,2.447652546922145,1.9197180655681283,0
2,0,2,0,2.293032509350347,1.7099074660425355,0
3,0,3,0,2.138256785963849,1.503692941191,0
4,0,4,0,1.9833312693090717,1.3009797248642518,0
5,0,5,0,1.8282619433304705,1.1016709645810927,0
6,0,6,0,1.673054901716615,0.9056678045676547,0
7,0,7,0,1.5177163663201236,0.7128694702404074,0
8,0,8,0,1.3622527056101335,0.5231733540396845,0
9,0,9,0,1.206670453115866,0.3364751025201466,0
10,0,10,0,1.0509763258194353,0.1526687046026993,0
11,0,11,0,0.895177242455761,-0.02835341910804601,0
12,0,12,0,0.7392803416774576,-0.20670032603819485,0
13,0,13,0,0.5832930000423774,-0.38248246048838064,0
14,0,14,0,0.42722284978164443,-0.5558115617059084,0
15,0,15,0,0.2710777963061984,-0.7268005712840183,0
16,0,16,0,0.11486603541004783,-0.8955635399880041,0
17,0,17,0,-0.04140392987120144,-1.0622155341078607,0
18,0,18,0,-0.19772327278750834,-1.2268725414375552,0
19,0,19,0,-0.35408282682766046,-1.3896513769809764,0
20,0,20,0,-0.5104730701383522,-1.5506695884843016,0
21,0,21,0,-0.6668841104483765,-1.7100453618948934,0
22,0,22,0,-0.8233056705358686,-1.8678974268459216,0
23,0,23,0,-0.9797270742761011,-2.0243449622655874,0
24,0,24,0,-1.1361372333061928,-2.1795075022096304,0
25,0,25,0,-1.2925246343417347,-2.333504842014602,0
26,0,26,0,-1.4488773271796875,-2.4864569448687743,0
27,0,27,0,-1.6051829134200308,-2.6384838488966222,0
28,0,28,0,-1.7614285359379607,-2.789705574851765,0
29,0,29,0,-1.9176008691363533,-2.940242034511894,0
30,0,30,0,-2.073686110007349,-3.09021293986814,0
31,0,31,0,-2.2296699700298115,-3.23973771319966,0
32,0,32,0,-2.385537667928199,-3.388935398122958,0
33,0,33,0,-2.541273923316483,-3.5379245717035275,0
34,0,34,0,-2.696862951249075,-3.686823257715871,0
35,0,35,0,-2.8522884576988448,-3.835748841135881,0
36,0,36,0,-3.0075336359805593,-3.9848179839477713,0
37,0,37,0,-3.1625811641360864,-4.13414654234562,0
38,0,38,0,-3.3174132032958465,-4.28384948540727,0
39,0,39,0,-3.472011397028871,-4.434040815316323,0
40,1,0,0,2.531470060215061,2.092868674545521,0
41,1,1,0,2.378155432661115,1.8806488094815483,0
42,1,2,0,2.2246802517695974,1.6721225627927052,0
43,1,3,0,2.07105009390564,1.4671972037493777,0
44,1,4,0,1.9172706088542057,1.2657778351475073,0
45,1,5,0,1.7633475379947303,1.0677674743746706,0
46,1,6,0,1.609286732591124,0.8730671359995028,0
47,1,7,0,1.4550941721570696,0.6815759157945642,0
48,1,8,0,1.300775982855701,0.49319107610101476,0
49,1,9,0,1.1463384558928653,0.3078081324427727,0
50,1,10,0,0.9917880658621828,0.12532094129626298,0
51,1,11,0,0.8371314890005493,-0.054378211078668956,0
52,1,12,0,0.6823756213120782,-0.23139851884262072,0
53,1,13,0,0.5275275965187194,-0.40585056591121904,0
54,1,14,0,0.372594803795716,-0.5778462345177036,0
55,1,15,0,0.21758490525031074,-0.747498613100954,0
56,1,16,0,0.06250585310214408,-0.9149219036168891,0
57,1,17,0,-0.09263409347554315,-1.0802313283714329,0
58,1,18,0,-0.2478263518947105,-1.2435430364736035,0
59,1,19,0,-0.4030620001114088,-1.404974010007125,0
60,1,20,0,-0.5583317610441499,-1.5646419700188028,0
61,1,21,0,-0.7136259874907659,-1.722665282422247,0
62,1,22,0,-0.8689346475815669,-1.8791628639145461,0
63,1,23,0,-1.0242473108059307,-2.0342540880033932,0
64,1,24,0,-1.179553134648536,-2.1880586912418014,0
65,1,25,0,-1.3348408518701815,-2.3406966797664857,0
66,1,26,0,-1.490098758467162,-2.4922882362354297,0
67,1,27,0,-1.6453147023417547,-2.64295362725919,0
68,1,28,0,-1.8004760727154088,-2.792813111419562,0
69,1,29,0,-1.9555697903142282,-2.9419868479679043,0
70,1,30,0,-2.1105822983556575,-3.0905948062943716,0
71,1,31,0,-2.2654995543630556,-3.2387566762577027,0
72,1,32,0,-2.420307022833602,-3.386591779464025,0
73,1,33,0,-2.5749896687832896,-3.5342189815813154,0
74,1,34,0,-2.729531952190938,-3.6817566057745665,0
75,1,35,0,-2.8839178233614255,-3.829322347344855,0
76,1,36,0,-3.0381307192265967,-3.9770331896537185,0
77,1,37,0,-3.1921535606001195,-4.125005321412105,0
78,1,38,0,-3.345968750401205,-4.2733540554112395,0
79,1,39,0,-3.4995581728594485,-4.4221937487703356,0
80,2,0,0,2.460463217004805,2.0530424374654874,0
81,2,1,0,2.3083015095398296,1.8420925925780758,0
82,2,2,0,2.1559802346195953,1.6348412360044773,0
83,2,3,0,2.0035047272350526,1.4311955091578332,0
84,2,4,0,1.85088039605397,1.2310603883316686,0
85,2,5,0,1.698112741534878,1.0343387653289162,0
86,2,6,0,1.5452073741573442,0.8409315296027926,0
87,2,7,0,1.3921700327288802,0.6507376518209097,0
88,2,8,0,1.2390066027281648,0.4636542687624074,0
89,2,9,0,1.0857231346440408,0.27957676945716586,0
90,2,10,0,0.9323258622691505,0.09839888247478756,0
91,2,11,0,0.7788212209070057,-0.07998723572978939,0
92,2,12,0,0.6252158654511917,-0.2556909115082388,0
93,2,13,0,0.47151668829514565,-0.42882286384301477,0
94,2,14,0,0.31773083703109956,-0.5994951133992846,0
95,2,15,0,0.1638657318970401,-0.7678208909005857,0
96,2,16,0,0.009929082930430917,-0.9339145449246117,0
97,2,17,0,-0.1440710932118012,-1.0978914492156628,0
98,2,18,0,-0.29812645680762384,-1.2598679096108496,0
99,2,19,0,-0.45222832903810056,-1.419961070676832,0
100,2,20,0,-0.6063676764088679,-1.578288822153816,0
101,2,21,0,-0.7605350956633458,-1.7349697053039128,0
102,2,22,0,-0.9147207992254427,-1.8901228192598145,0
103,2,23,0,-1.068914601208488,-2.0438677274700257,0
104,2,24,0,-1.223105904026534,-2.1963243643361,0
105,2,25,0,-1.37728368564268,-2.3476129421367857,0
106,2,26,0,-1.5314364874883335,-2.4978538583330008,0
107,2,27,0,-1.6855524030856264,-2.647167603347027,0
108,2,28,0,-1.839619067404758,-2.7956746689081653,0
109,2,29,0,-1.993623646985482,-2.9434954570559726,0
110,2,30,0,-2.1475528308517666,-3.0907501898910588,0
111,2,31,0,-2.3013928222461177,-3.2375588201621253,0
112,2,32,0,-2.4551293312091853,-3.384040942776516,0
113,2,33,0,-2.608747568028247,-3.5303157073199056,0
114,2,34,0,-2.7622322375766375,-3.676501731669461,0
115,2,35,0,-2.9155675345643415,-3.8227170167825193,0
116,2,36,0,-3.0687371397182486,-3.9690788627416245,0
117,2,37,0,-3.2217242169086555,-4.115703786134484,0
118,2,38,0,-3.374511411236778,-4.262707438845374,0
119,2,39,0,-3.527080848095918,-4.410204528332613,0
120,3,0,0,2.389095035661735,2.0137418922488624,0
121,3,1,0,2.23809516538068,1.8040526109351398,0
122,3,2,0,2.086936747364051,1.598066612172968,0
123,3,3,0,1.935624876900469,1.3956909140523477,0
124,3,4,0,1.7841647232156916,1.196830370890719,0
125,3,5,0,1.6325615475222222,1.001387753426244,0
126,3,6,0,1.480820721186321,0.8092638305115663,0
127,3,7,0,1.3289477439728492,0.6203574522205195,0
128,3,8,0,1.1769482623283156,0.43456563427920825,0
129,3,9,0,1.024828087661893,0.25178364373176276,0
130,3,10,0,0.8725932145837278,0.07190508574992992,0
131,3,11,0,0.720249839059932,-0.1051780085050896,0
132,3,12,0,0.5678043764430611,-0.2795750930614184,0
133,3,13,0,0.4152634793372458,-0.4513970174488393,0
134,3,14,0,0.26263405525678307,-0.6207559362388372,0
135,3,15,0,0.10992328403750172,-0.7877652179067898,0
136,3,16,0,-0.042861365040093045,-0.9525393531110016,0
137,3,17,0,-0.19571211645587164,-1.1151938624837892,0
138,3,18,0,-0.34862087202369435,-1.275845204029934,0
139,3,19,0,-0.5015791948728053,-1.434610680227955,0
140,3,20,0,-0.6545782938760513,-1.5916083449292153,0
141,3,21,0,-0.8076090085632163,-1.7469569101505655,0
142,3,22,0,-0.9606617945567535,-1.9007756528549722,0
143,3,23,0,-1.1137267095666783,-2.053184321814825,0
144,3,24,0,-1.2667933999804426,-2.2043030446520726,0
145,3,25,0,-1.4198510880820712,-2.354252235148498,0
146,3,26,0,-1.5728885599345872,-2.503152500918905,0
147,3,27,0,-1.7258941539576798,-2.6511245515391133,0
148,3,28,0,-1.8788557502321612,-2.7982891072197567,0
149,3,29,0,-2.0317607605604935,-2.94476680811586,0
150,3,30,0,-2.184596119312239,-3.0906781243609003,0
151,3,31,0,-2.3373482750809416,-3.236143266912968,0
152,3,32,0,-2.4900031831779676,-3.3812820992992334,0
153,3,33,0,-2.642546298986973,-3.5262140503433406,0
154,3,34,0,-2.7949625722010296,-3.67105802795913,0
155,3,35,0,-2.9472364419627604,-3.8159323340919378,0
156,3,36,0,-3.0993518329260206,-3.9609545808874826,0
157,3,37,0,-3.2512921522557856,-4.106241608166158,0
158,3,38,0,-3.403040287581184,-4.25190940227873,0
159,3,39,0,-3.554578605914555,-4.398073016417448,0
160,4,0,0,2.3173700295236808,1.9749702662621424,0
161,4,1,0,2.1675408148040742,1.7665320233779933,0
162,4,2,0,2.0175541057180726,1.5618017813403056,0
163,4,3,0,1.8674147595546242,1.3606864394241218,0
164,4,4,0,1.717127707803179,1.1630907344704882,0
165,4,5,0,1.5666979741356108,0.9689173206454292,0
166,4,6,0,1.4161306925062893,0.7780668506879613,0
167,4,7,0,1.26543112533135,0.5904380585610344,0
168,4,8,0,1.1146046817078543,0.4059278434180202,0
169,4,9,0,0.963656935633137,0.2244313547965693,0
170,4,10,0,0.8125936441841102,0.04584207895039964,0
171,4,11,0,0.6614207656162828,-0.12994807377121786,0
172,4,12,0,0.5101444773418752,-0.3030486805874615,0
173,4,13,0,0.3587711937463746,-0.47357071708510945,0
174,4,14,0,0.20730758380304815,-0.6416264672453835,0
175,4,15,0,0.05576058844479982,-0.8073294327912991,0
176,4,16,0,-0.09586256234691092,-0.9707942419489014,0
177,4,17,0,-0.24755433277606737,-1.1321365577158693,0
178,4,18,0,-0.39930686482867567,-1.291472985731366,0
179,4,19,0,-0.5511119622711321,-1.4489209818410589,0
180,4,20,0,-0.7029610750888157,-1.6045987594507607,0
181,4,21,0,-0.8548452844031711,-1.7586251967629327,0
182,4,22,0,-1.0067552879041137,-1.9111197439890089,0
183,4,23,0,-1.1586813858344245,-2.0622023306307735,0
184,4,24,0,-1.310613467561474,-2.21199327292354,0
185,4,25,0,-1.4625409987707338,-2.3606131815329854,0
186,4,26,0,-1.6144530093145801,-2.508182869597104,0
187,4,27,0,-1.7663380817483403,-2.6548232612038696,0
188,4,28,0,-1.9181843405850354,-2.8006553003942902,0
189,4,29,0,-2.069979442297856,-2.9457998607796028,0
190,4,30,0,-2.221710566099302,-3.0903776558602214,0
191,4,31,0,-2.3733644055233434,-3.2345091501328316,0
192,4,32,0,-2.5249271608361044,-3.378314471070845,0
193,4,33,0,-2.6763845322987847,-3.5219133220618617,0
194,4,34,0,-2.8277217143048547,-3.665424896384602,0
195,4,35,0,-2.9789233904118557,-3.808967792305601,0
196,4,36,0,-3.129973729286596,-3.952659929375105,0
197,4,37,0,-3.280856381580262,-4.096618465999063,0
198,4,38,0,-3.4315544777487554,-4.240959718362765,0
199,4,39,0,-3.5820506268311085,-4.385799080779404,0
200,5,0,0,2.245292738920054,1.936730748610117,0
201,5,1,0,2.096642898883196,1.7295339512643713,0
202,5,2,0,1.9478366513106695,1.5260497968847975,0
203,5,3,0,1.798878617224833,1.3261850704132034,0
204,5,4,0,1.6497734921148792,1.1298443956867195,0
205,5,5,0,1.500526063847526,0.9369303147639869,0
206,5,6,0,1.351141230696795,0.7473433687290082,0
207,5,7,0,1.2016240194540442,0.5609821798878357,0
208,5,8,0,1.0519796035797142,0.3777435352721834,0
209,5,9,0,0.9022133213573166,0.19752247136296847,0
210,5,10,0,0.7523306940100731,0.020212359945953176,0
211,5,11,0,0.602337443740265,-0.15429500498945511,0
212,5,12,0,0.45223951165116555,-0.3261093193979652,0
213,5,13,0,0.30204307551139786,-0.4953416804627326,0
214,5,14,0,0.151754567321485,-0.6621044971075978,0
215,5,15,0,0.0013806906425272672,-0.826511399828251,0
216,5,16,0,-0.14907156235297928,-0.9886771499343835,0
217,5,17,0,-0.29959489414768364,-1.148717548294665,0
218,5,18,0,-0.4501816855028024,-1.306749343677019,0
219,5,19,0,-0.6008239794769888,-1.4628901407764952,0
220,5,20,0,-0.751513465879099,-1.6172583080227365,0
221,5,21,0,-0.9022414661925621,-1.7699728852598695,0
222,5,22,0,-1.0529989190080165,-1.9211534913901422,0
223,5,23,0,-1.2037763660006764,-2.070920232073263,0
224,5,24,0,-1.3545639384874313,-2.2193936075726706,0
225,5,25,0,-1.5053513445979778,-2.3666944208392153,0
226,5,26,0,-1.6561278570932803,-2.5129436859224032,0
227,5,27,0,-1.806882301863249,-2.6582625367984827,0
228,5,28,0,-1.9576030471347285,-2.8027721367037257,0
229,5,29,0,-2.1082779934190086,-2.94659358806051,0
230,5,30,0,-2.2588945642274316,-3.089847843082617,0
231,5,31,0,-2.409439697581635,-3.2326556151450103,0
232,5,32,0,-2.559899838343659,-3.3751372910023494,0
233,5,33,0,-2.7102609313898003,-3.5174128439387147,0
234,5,34,0,-2.860508415650235,-3.6596017479302545,0
235,5,35,0,-3.0106272190347774,-3.801822892900215,0
236,5,36,0,-3.160601754263448,-3.944194501144738,0
237,5,37,0,-3.310415915618957,-4.086834045005977,0
238,5,38,0,-3.4600530766359103,-4.22985816586715,0
239,5,39,0,-3.6094960887402583,-4.373382594542441,0
240,6,0,0,2.1728677308174955,1.899026489918884,0
241,6,1,0,2.025405884797292,1.693061478271963,0
242,6,2,0,1.8777887513457001,1.490813675312912,0
243,6,3,0,1.730020716981794,1.2921897561048987,0
244,6,4,0,1.5821062429604689,1.097094235925845,0
245,6,5,0,1.4340498831086905,0.9054295491633761,0
246,6,6,0,1.2858563017813245,0.7170961296760919,0
247,6,7,0,1.137530291898644,0.5319924925377841,0
248,6,8,0,0.9890767930269871,0.3500153170797511,0
249,6,9,0,0.8405009094638873,0.1710595311459027,0
250,6,10,0,0.6918079282883689,-0.004981603526118264,0
251,6,11,0,0.5430033373369664,-0.17821640488509075,0
252,6,12,0,0.39409284306583425,-0.3487546831959919,0
253,6,13,0,0.2450823882591329,-0.5167076528080201,0
254,6,14,0,0.09597816954395141,-0.6821878431505461,0
255,6,15,0,-0.05321334532791649,-0.8453090090466908,0
256,6,16,0,-0.20248540047096633,-1.0061860404350134,0
257,6,17,0,-0.35183093516880753,-1.1649348715896328,0
258,6,18,0,-0.5012425675280376,-1.3216723899298133,0
259,6,19,0,-0.6507125785213392,-1.4765163445096792,0
260,6,20,0,-0.8002328964579998,-1.6295852542788112,0
261,6,21,0,-0.9497950819191404,-1.780998316204785,0
262,6,22,0,-1.0993903131941476,-1.93087531334775,0
263,6,23,0,-1.2490093722544435,-2.079336522977481,0
264,6,24,0,-1.3986426312993767,-2.226502624822673,0
265,6,25,0,-1.5482800399082823,-2.3724946095416874,0
266,6,26,0,-1.6979111128319357,-2.5174336875035594,0
267,6,27,0,-1.8475249184549094,-2.661441197967038,0
268,6,28,0,-1.9971100679599605,-2.804638518745104,0
269,6,29,0,-2.146654705223505,-2.947146976441057,0
270,6,30,0,-2.2961464974706036,-3.089087757341548,0
271,6,31,0,-2.445572626715937,-3.230581819050763,0
272,6,32,0,-2.59491978201602,-3.371749802948831,0
273,6,33,0,-2.7441741525565346,-3.5127119475561197,0
274,6,34,0,-2.8933214215966774,-3.653588002884022,0
275,6,35,0,-3.0423467612910504,-3.794497145850961,0
276,6,36,0,-3.1912348284078944,-3.935557896841227,0
277,6,37,0,-3.339969760960615,-4.076888037482358,0
278,6,38,0,-3.48853517576783,-4.218604529715159,0
279,6,39,0,-3.636914166955418,-4.360823436228704,0
280,7,0,0,2.1000995984639275,1.8618606021218944,0
281,7,1,0,1.9538342654833325,1.6571176501889564,0
282,7,2,0,1.8074147982613147,1.4560963960541873,0
283,7,3,0,1.660845350606848,1.258703409329035,0
284,7,4,0,1.5141301513361682,1.0648431011485833,0
285,7,5,0,1.3672735220312848,0.8744178026368119,0
286,7,6,0,1.220279894918595,0.6873278448270693,0
287,7,7,0,1.0731538308302804,0.5034716399555088,0
288,7,8,0,0.9259000372104945,0.3227457640440237,0
289,7,9,0,0.7785233861280628,0.14504504068861038,0
290,7,10,0,0.6310289322568597,-0.029737374032139007,0
291,7,11,0,0.4834219307849032,-0.20170990561435914,0
292,7,12,0,0.33570785521302365,-0.37098247423892217,0
293,7,13,0,0.1878924150036012,-0.5376664070214305,0
294,7,14,0,0.03998157304022951,-0.7018743494902618,0
295,7,15,0,-0.10801843714115283,-0.8637201763809772,0
296,7,16,0,-0.2561010943886285,-1.0233189018360795,0
297,7,17,0,-0.4042595732771469,-1.180786589098954,0
298,7,18,0,-0.5524867277964568,-1.3362402597914793,0
299,7,19,0,-0.7007750754220955,-1.4897978028646506,0
300,7,20,0,-0.8491167816071524,-1.6415778833112717,0
301,7,21,0,-0.9975036447319584,-1.7916998507304855,0
302,7,22,0,-1.1459270815478442,-1.9402836478327592,0
303,7,23,0,-1.2943781131507037,-2.08744971897424,0
304,7,24,0,-1.442847351519047,-2.233318918809016,0
305,7,25,0,-1.5913249866503882,-2.3780124211470364,0
306,7,26,0,-1.7398007743287849,-2.5216516281050714,0
307,7,27,0,-1.8882640245551503,-2.6643580796374615,0
308,7,28,0,-2.036703590671068,-2.8062533635325293,0
309,7,29,0,-2.1851078592051456,-2.947459025959789,0
310,7,30,0,-2.3334647404702706,-3.0880964826520754,0
311,7,31,0,-2.4817616599380727,-3.2282869308056275,0
312,7,32,0,-2.629985550415915,-3.3681512617803286,0
313,7,33,0,-2.778122845050113,-3.507809974680641,0
314,7,34,0,-2.9261594711774683,-3.6473830908969314,0
315,7,35,0,-3.0740808450455352,-3.7869900696851677,0
316,7,36,0,-3.221871867420541,-3.9267497248615966,0
317,7,37,0,-3.3695169201000295,-4.06678014268772,0
318,7,38,0,-3.5169998633455104,-4.207198601018664,0
319,7,39,0,-3.664304034248712,-4.34812148978701,0
320,8,0,0,2.0269929610310893,1.8252361582488683,0
321,8,1,0,1.8819325592862397,1.6217054747073643,0
322,8,2,0,1.7367192093879642,1.4219009012589245,0
323,8,3,0,1.591356834257814,1.225728906462028,0
324,8,4,0,1.445849432098397,1.0330938016962903,0
325,8,5,0,1.300201094070747,0.8438978191999116,0
326,8,6,0,1.1544160220924446,0.658041191551063,0
327,8,7,0,1.008498546719592,0.4754222325124471,0
328,8,8,0,0.8624531450750883,0.2959374191566635,0
329,8,9,0,0.7162844587853555,0.11948147518981092,0
330,8,10,0,0.5699973118873518,-0.05405254461079044,0
331,8,11,0,0.4235967286671898,-0.22477316892912502,0
332,8,12,0,0.2770879513917241,-0.39279042349898924,0
333,8,13,0,0.13047645789410886,-0.5582157438340218,0
334,8,14,0,-0.016232021025464685,-0.721161887186134,0
335,8,15,0,-0.16303148442282728,-0.8817428438191016,0
336,8,16,0,-0.30991564429526397,-1.0400737476848065,0
337,8,17,0,-0.4568779089679995,-1.1962707865895674,0
338,8,18,0,-0.603911366819704,-1.3504511119384874,0
339,8,19,0,-0.751008770384988,-1.5027327481457424,0
340,8,20,0,-0.8981625208710153,-1.653234501798447,0
341,8,21,0,-1.0453646531251422,-1.802075870662317,0
342,8,22,0,-1.1926068210893706,-1.949376952616396,0
343,8,23,0,-1.3398802837772161,-2.0952583546043204,0
344,8,24,0,-1.487175891807294,-2.23984110168932,0
345,8,25,0,-1.6344840745272418,-2.3832465462992283,0
346,8,26,0,-1.7817948277606506,-2.52559627774776,0
347,8,27,0,-1.9290977022083955,-2.6670120321172974,0
348,8,28,0,-2.076381792534947,-2.807615602588035,0
349,8,29,0,-2.2236357271686398,-2.947528750297205,0
350,8,30,0,-2.3708476588439225,-3.0868731158115597,0
351,8,31,0,-2.5180052559121724,-3.2257701312949156,0
352,8,32,0,-2.6650956944460304,-3.36434093345191,0
353,8,33,0,-2.8121056511610454,-3.502706277327674,0
354,8,34,0,-2.959021297176789,-3.640986451042015,0
355,8,35,0,-3.1058282926377636,-3.7793011915353287,0
356,8,36,0,-3.25251178221316,-3.9177696014021337,0
357,8,37,0,-3.399056391492562,-4.056510066886591,0
358,8,38,0,-3.5454462242930367,-4.195640177112802,0
359,8,39,0,-3.691664860891322,-4.335276644620992,0
360,9,0,0,1.9535524632556431,1.789156192217802,0
361,9,1,0,1.8097053096076747,1.5868279212193857,0
362,9,2,0,1.6657064266049213,1.388230095598948,0
363,9,3,0,1.521559508133482,1.1932690872318252,0
364,9,4,0,1.3772683236362775,1.001849112100104,0
365,9,5,0,1.23283673570617,0.8138723079039588,0
366,9,6,0,1.0882687178003239,0.6292388131059072,0
367,9,7,0,0.9435683720394084,0.447846847328316,0
368,9,8,0,0.7987399470545528,0.2695927930232875,0
369,9,9,0,0.6537878558448054,0.09437127833339248,0
370,9,10,0,0.5087166936072174,-0.07792473893931474,0
371,9,11,0,0.3635312555015442,-0.24740388633911578,0
372,9,12,0,0.21823655431118744,-0.41417629082156915,0
373,9,13,0,0.07283783796209399,-0.5783534919617409,0
374,9,14,0,-0.07265939313908192,-0.7400483543911832,0
375,9,15,0,-0.21824936898569613,-0.8993749795489252,0
376,9,16,0,-0.36392603310932653,-1.056448616832565,0
377,9,17,0,-0.5096830260132629,-1.211385574235384,0
378,9,18,0,-0.6555136689393579,-1.3643031285560991,0
379,9,19,0,-0.8014109480054463,-1.515319435267524,0
380,9,20,0,-0.9473674987502944,-1.6645534381304758,0
381,9,21,0,-1.093375591122719,-1.8121247786396582,0
382,9,22,0,-1.239427114950176,-1.9581537053874118,0
383,9,23,0,-1.3855135659222821,-2.1027609834313568,0
384,9,24,0,-1.5316260321233013,-2.2460678037517257,0
385,9,25,0,-1.6777551811468128,-2.388195692883502,0
386,9,26,0,-1.8238912478253124,-2.5292664228080213,0
387,9,27,0,-1.9700240226056236,-2.669401921188277,0
388,9,28,0,-2.1161428406007916,-2.808724182031327,0
389,9,29,0,-2.262236571347126,-2.9473551768605337,0
390,9,30,0,-2.408293609294454,-3.085416766479453,0
391,9,31,0,-2.554301865055881,-3.223030613408297,0
392,9,32,0,-2.700248757442196,-3.3603180950729663,0
393,9,33,0,-2.846121206304469,-3.4974002178252976,0
394,9,34,0,-2.9919056262071306,-3.6343975318724553,0
395,9,35,0,-3.1375879209517876,-3.771430047191585,0
396,9,36,0,-3.283153478971011,-3.908617150504909,0
397,9,37,0,-3.42858716960904,-4.0460775233889885,0
398,9,38,0,-3.5738733403052585,-4.183929061590178,0
399,9,39,0,-3.7189958146940634,-4.322288795616898,0
400,10,0,0,1.8797827750786913,1.7536236986299445,0
401,10,1,0,1.737157084553282,1.5524879206167044,0
402,10,2,0,1.5943809159953692,1.3550868460710805,0
403,10,3,0,1.4514577361364827,1.1613267545256907,0
404,10,4,0,1.3083910875425002,0.9711117708929123,0
405,10,5,0,1.1651846061193574,0.7843439426520662,0
406,10,6,0,1.0218420387405276,0.6009233184583471,0
407,10,7,0,0.8783672609601212,0.4207480280954219,0
408,10,8,0,0.7347642947752814,0.24371436369175334,0
409,10,9,0,0.5910373264009612,0.06971686212063738,0
410,10,10,0,0.4471907240197193,-0.1013516114974353,0
411,10,11,0,0.30322905546900564,-0.26959977927183965,0
412,10,12,0,0.15915710582814252,-0.4351378650811075,0
413,10,13,0,0.01497989486683597,-0.5980775082574181,0
414,10,14,0,-0.12929730568251493,-0.7585316765001218,0
415,10,15,0,-0.2736689550668976,-0.9166145781023135,0
416,10,16,0,-0.41812922670702835,-1.0724415735749961,0
417,10,17,0,-0.562671991681534,-1.226129086753397,0
418,10,18,0,-0.7072908025385382,-1.377794515470525,0
419,10,19,0,-0.8519788774715288,-1.5275561418828996,0
420,10,20,0,-0.9967290848961985,-1.675533042533288,0
421,10,21,0,-1.1415339284643293,-1.8218449982357834,0
422,10,22,0,-1.2863855325500824,-1.9666124038677382,0
423,10,23,0,-1.4312756282433818,-2.109956178153136,0
424,10,24,0,-1.5761955398846998,-2.251997673521897,0
425,10,25,0,-1.7211361721737148,-2.3928585861288583,0
426,10,26,0,-1.8660879978847,-2.5326608661158327,0
427,10,27,0,-2.0110410462191997,-2.6715266281996386,0
428,10,28,0,-2.155984891826485,-2.8095780626683946,0
429,10,29,0,-2.300908644520316,-2.946937346867487,0
430,10,30,0,-2.4458009397200424,-3.0837265572560155,0
431,10,31,0,-2.5906499296421313,-3.2200675821134714,0
432,10,32,0,-2.7354432752671665,-3.356082034975609,0
433,10,33,0,-2.880168139106038,-3.4918911688772982,0
434,10,34,0,-3.024811178787359,-3.6276157914791876,0
435,10,35,0,-3.1693585414865026,-3.7633761811535624,0
436,10,36,0,-3.3137958592155115,-3.8992920041038217,0
437,10,37,0,-3.4581082449909974,-4.03548223259039,0
438,10,38,0,-3.6022802898957735,-4.172065064334715,0
439,10,39,0,-3.74629606104814,-4.309157843171129,0
440,11,0,0,1.805688591283972,1.7186416325677187,0
441,11,1,0,1.664292476578582,1.5186883650927379,0
442,11,2,0,1.5227471675001334,1.3224739818036797,0
443,11,3,0,1.3810559055350262,1.129904674200812,0
444,11,4,0,1.2392220082830276,0.9408844804241044,0
445,11,5,0,1.0972488868725643,0.7553153620179124,0
446,11,6,0,0.9551400634980501,0.5730972821068449,0
447,11,7,0,0.8128991890438263,0.3941282849053914,0
448,11,8,0,0.6705300607586686,0.21830457648286636,0
449,11,9,0,0.5280366399446202,0.04552060670490924,0
450,11,10,0,0.3854230696231264,-0.12433084772868698,0
451,11,11,0,0.242693692141607,-0.29135859923004065,0
452,11,12,0,0.09985306668286673,-0.45567296433476384,0
453,11,13,0,-0.04309401335993805,-0.6173856778605408,0
454,11,14,0,-0.18614250318051567,-0.7766098062952581,0
455,11,15,0,-0.3292870895662251,-0.9334596604971462,0
456,11,16,0,-0.4725221741521116,-1.0880507077902049,0
457,11,17,0,-0.6158418569592152,-1.2404994835379444,0
458,11,18,0,-0.7592399202543179,-1.3909235022791873,0
459,11,19,0,-0.9027098127678276,-1.5394411685093776,0
460,11,20,0,-1.046244634305745,-1.6861716871908587,0
461,11,21,0,-1.1898371207919516,-1.8312349740760192,0
462,11,22,0,-1.333479629775343,-1.97475156592648,0
463,11,23,0,-1.4771641264366424,-2.1168425307114553,0
464,11,24,0,-1.6208821701285052,-2.2576293778685503,0
465,11,25,0,-1.7646249014816098,-2.3972339687092616,0
466,11,26,0,-1.9083830301088465,-2.5357784270514485,0
467,11,27,0,-2.0521468229384014,-2.6733850501603107,0
468,11,28,0,-2.1959060932057826,-2.810176220078989,0
469,11,29,0,-2.339650190133319,-2.9462743154289885,0
470,11,30,0,-2.4833679893248126,-3.081801623760192,0
471,11,31,0,-2.6270478839016165,-3.216880254528913,0
472,11,32,0,-2.7706777764050017,-3.3516320527823096,0
473,11,33,0,-2.914245071488302,-3.486178513625505,0
474,11,34,0,-3.057736669421214,-3.6206406975476995,0
475,11,35,0,-3.201138960426327,-3.755139146681629,0
476,11,36,0,-3.344437819867389,-3.889793802070035,0
477,11,37,0,-3.4876186043063484,-4.024723922011297,0
478,11,38,0,-3.6306661484451737,-4.160048001555065,0
479,11,39,0,-3.773564762966296,-4.295883693217339,0
480,12,0,0,1.73127463113454,1.6842129093957834,0
481,12,1,0,1.5911161021334432,1.4854321079478974,0
482,12,2,0,1.4508096945699733,1.2903942938659991,0
483,12,3,0,1.3103584266231012,1.0990055748979117,0
484,12,4,0,1.1697653928653993,0.9111699066771581,0
485,12,5,0,1.029033781584884,0.7267891690674108,0
486,12,6,0,0.8881668922291912,0.5457632439072007,0
487,12,7,0,0.7471681529371598,0.3679900940787552,0
488,12,8,0,0.6060411381222902,0.19336584382385696,0
489,12,9,0,0.46478958607238136,0.021784860228917704,0
490,12,10,0,0.32341741652873474,-0.146860164199353,0
491,12,11,0,0.18192874820866164,-0.31267812794684724,0
492,12,12,0,0.04032791623406308,-0.47577943597368866,0
493,12,13,0,-0.10138051057064669,-0.6362759143447456,0
494,12,14,0,-0.2431917125486152,-0.794280724090183,0
495,12,15,0,-0.38510060228551035,-0.9499082743772131,0
496,12,16,0,-0.5271018079266101,-1.103274135074772,0
497,12,17,0,-0.6691896567726654,-1.254494948792912,0
498,12,18,0,-0.8113581591913255,-1.4036883424790878,0
499,12,19,0,-0.953600992880294,-1.550972838653552,0
500,12,20,0,-1.095911487517965,-1.6964677663657257,0
501,12,21,0,-1.2382826098373996,-1.8402931719542546,0
502,12,22,0,-1.380706949157637,-1.9825697296923552,0
503,12,23,0,-1.5231767034072223,-2.1234186524004017,0
504,12,24,0,-1.665683665672957,-2.2629616021075383,0
505,12,25,0,-1.8082192113064897,-2.401320600843416,0
506,12,26,0,-1.9507742856205823,-2.538617941640828,0
507,12,27,0,-2.093339392205617,-2.6749760998298453,0
508,12,28,0,-2.235904581896189,-2.8105176447029874,0
509,12,29,0,-2.3784594424161956,-2.9453651516308335,0
510,12,30,0,-2.520993088730007,-3.0796411147063663,0
511,12,31,0,-2.663494154125828,-3.2134678599957742,0
512,12,32,0,-2.8059507820559424,-3.3469674594726535,0
513,12,33,0,-2.9483506187575723,-3.4802616457112943,0
514,12,34,0,-3.0906808066762688,-3.6134717274141948,0
515,12,35,0,-3.232927978712468,-3.746718505847488,0
516,12,36,0,-3.375078253310168,-3.880122192256957,0
517,12,37,0,-3.5171172304053084,-4.01380232633631,0
518,12,38,0,-3.6590299882496296,-4.147877695817677,0
519,12,39,0,-3.8008010811241397,-4.282466257253286,0
520,13,0,0,1.6565456380080985,1.650340404565001,0
521,13,1,0,1.5176326013051549,1.4527219633977806,0
522,13,2,0,1.3785730338165636,1.2588505350806134,0
523,13,3,0,1.2393697323794473,1.0686321478575709,0
524,13,4,0,1.100025570505669,0.8819706790900795,0
525,13,5,0,0.9605435156073683,0.6987679311830821,0
526,13,6,0,0.820926646344882,0.5189237089007998,0
527,13,7,0,0.6811781700629012,0.3423358979970715,0
528,13,8,0,0.5413014402798171,0.1689005450842938,0
529,13,9,0,0.40129997419491614,-0.001488061335508893,0
530,13,10,0,0.2611774701775471,-0.16893730875490598,0
531,13,11,0,0.12093782520211081,-0.3335561775384446,0
532,13,12,0,-0.019414847807294622,-0.4954551568720221,0
533,13,13,0,-0.15987620275945902,-0.6547461598630698,0
534,13,14,0,-0.3004416433422292,-0.8115424378713145,0
535,13,15,0,-0.4411063061690824,-0.9659584941500022,0
536,13,16,0,-0.5818650441626109,-1.1181099968778192,0
537,13,17,0,-0.7227124102113323,-1.2681136916619842,0
538,13,18,0,-0.8636426411361154,-1.4160873135932472,0
539,13,19,0,-1.0046496420020412,-1.5621494989336866,0
540,13,20,0,-1.1457269708110767,-1.7064196965177267,0
541,13,21,0,-1.2868678236108835,-1.849018078947763,0
542,13,22,0,-1.4280650200538718,-1.9900654536645528,0
543,13,23,0,-1.5693109894405088,-2.1296831739731217,0
544,13,24,0,-1.7105977572800335,-2.267993050104506,0
545,13,25,0,-1.851916932400665,-2.4051172603931774,0
546,13,26,0,-1.9932596946411103,-2.5411782626497543,0
547,13,27,0,-2.134616783153468,-2.6762987058080965,0
548,13,28,0,-2.2759784853474847,-2.8106013419255653,0
549,13,29,0,-2.4173346265040845,-2.944208938614179,0
550,13,30,0,-2.558674560085927,-3.0772441919802236,0
551,13,31,0,-2.69998715877068,-3.2098296401488047,0
552,13,32,0,-2.8412608062319777,-3.3420875774492926,0
553,13,33,0,-2.9824833896913714,-3.4741399693363997,0
554,13,34,0,-3.1236422932634236,-3.6061083681210993,0
555,13,35,0,-3.264724392114489,-3.7381138295842016,0
556,13,36,0,-3.40571604745409,-3.8702768305445527,0
557,13,37,0,-3.546603102376733,-4.002717187452698,0
558,13,38,0,-3.6873708785697485,-4.135553976079387,0
559,13,39,0,-3.828004173901745,-4.268905452367317,0
560,14,0,0,1.5815063790309298,1.6170269534195676,0
561,14,1,0,1.4438466374601928,1.4205607063843977,0
562,14,2,0,1.306041744662136,1.2278454198386168,0
563,14,3,0,1.1680942781251384,1.038787046739588,0
564,14,4,0,1.030006892294163,0.8532893903786465,0
565,14,5,0,0.8917823356969329,0.6712541798911739,0
566,14,6,0,0.7534234681927808,0.49258114714563106,0
567,14,7,0,0.6149332783103423,0.31716810493771985,0
568,14,8,0,0.476314900639757,0.14491102641468964,0
569,14,9,0,0.33757163324422534,-0.02429587434511075,0
570,14,10,0,0.19870695505595884,-0.19056006067400708,0
571,14,11,0,0.05972454322065674,-0.35399059065439215,0
572,14,12,0,-0.07937170964530242,-0.5146980335335073,0
573,14,13,0,-0.21857767832101938,-0.6727943852909042,0
574,14,14,0,-0.3578889880067178,-0.8283929834371642,0
575,14,15,0,-0.49730099754521595,-0.9816084211223237,0
576,14,16,0,-0.6368087828750991,-1.1325564606329703,0
577,14,17,0,-0.7764071207518765,-1.2813539463569537,0
578,14,18,0,-0.9160904727726792,-1.4281187172952827,0
579,14,19,0,-1.0558529697401562,-1.572969519200535,0
580,14,20,0,-1.1956883964004767,-1.7160259164209735,0
581,14,21,0,-1.3355901765903235,-1.8574082035302895,0
582,14,22,0,-1.4755513588268792,-1.9972373168218867,0
583,14,23,0,-1.6155646023741783,-2.1356347457470584,0
584,14,24,0,-1.7556221638189227,-2.2727224443760488,0
585,14,25,0,-1.8957158841876045,-2.4086227429606555,0
586,14,26,0,-2.035837176636152,-2.5434582596766093,0
587,14,27,0,-2.1759770147424202,-2.6773518126237406,0
588,14,28,0,-2.3161259214309986,-2.810426332161268,0
589,14,29,0,-2.456273958558113,-2.9428047736551406,0
590,14,30,0,-2.596410717184355,-3.0746100307135666,0
591,14,31,0,-2.736525308560719,-3.2059648489863846,0
592,14,32,0,-2.876606355852776,-3.33699174060302,0
593,14,33,0,-3.0166419866263667,-3.4678128993229134,0
594,14,34,0,-3.156619826116853,-3.5985501164718143,0
595,14,35,0,-3.29652699130239,-3.729324697735614,0
596,14,36,0,-3.4363500858003984,-3.86025738088326,0
597,14,37,0,-3.5760751956047603,-3.991468254488538,0
598,14,38,0,-3.715687885679816,-4.123076677719684,0
599,14,39,0,-3.855173197425445,-4.255201201264487,0
600,15,0,0,1.5061616447105257,1.5842753510070806,0
601,15,1,0,1.3697628968845914,1.3889510723903693,0
602,15,2,0,1.2332204089877687,1.1973816239179498,0
603,15,3,0,1.0965365411799735,1.0094728874451826,0
604,15,4,0,0.9597137308598757,0.8251285963625247,0
605,15,5,0,0.8227545096888937,0.6442504106916587,0
606,15,6,0,0.6856615207380936,0.4667379935500909,0
607,15,7,0,0.5484375357245219,0.2924890889114356,0
608,15,8,0,0.4110854723030585,0.12139960058772019,0
609,15,9,0,0.273608411379538,-0.04663632764032312,0
610,15,10,0,0.13600961441025708,-0.2117262308199617,0
611,15,11,0,-0.0017074593472477995,-0.3739792406254634,0
612,15,12,0,-0.13953913566754442,-0.5335060022357406,0
613,15,13,0,-0.27748150831027635,-0.6904185903666735,0
614,15,14,0,-0.4155304221285905,-0.8448304245354467,0
615,15,15,0,-0.553681456368597,-0.9968561836338306,0
616,15,16,0,-0.6919299081957256,-1.1466117198882246,0
617,15,17,0,-0.8302707764832696,-1.2942139722839452,0
618,15,18,0,-0.9686987458987992,-1.4397808795319986,0
619,15,19,0,-1.1072081713233022,-1.5834312926562761,0
620,15,20,0,-1.2457930626377518,-1.7252848872790862,0
621,15,21,0,-1.3844470699116456,-1.8654620756835543,0
622,15,22,0,-1.5231634690269797,-2.004083918730483,0
623,15,23,0,-1.6619351477709998,-2.1412720377076697,0
624,15,24,0,-1.8007545924302149,-2.2771485261894453,0
625,15,25,0,-1.939613874917485,-2.4118358619837843,0
626,15,26,0,-2.0785046404629925,-2.545456819243949,0
627,15,27,0,-2.217418095899277,-2.6781343808215197,0
628,15,28,0,-2.356344998569523,-2.809991650936895,0
629,15,29,0,-2.4952756458867995,-2.9411517682431474,0
630,15,30,0,-2.6341998655717167,-3.0717378193581597,0
631,15,31,0,-2.773107006593952,-3.2018727529396664,0
632,15,32,0,-2.911985930842329,-3.331679294377015,0
633,15,33,0,-3.050825005546823,-3.461279861172524,0
634,15,34,0,-3.1896120964743915,-3.590796479084796,0
635,15,35,0,-3.3283345619191276,-3.7203506991050856,0
636,15,36,0,-3.4669792475060617,-3.8500635153372293,0
637,15,37,0,-3.6055324818259167,-3.9800552838503402,0
638,15,38,0,-3.7439800729172,-4.110445642572464,0
639,15,39,0,-3.882307305610025,-4.241353432292394,0
640,16,0,0,1.4305162485667537,1.552088351891746,0
641,16,1,0,1.2953860884230728,1.3578957572561947,0
642,16,2,0,1.1601136307804756,1.1674617843045412,0
643,16,3,0,1.024701020517514,0.9806922479421106,0
644,16,4,0,0.8891504800336612,0.7974908157942607,0
645,16,5,0,0.7534643261684022,0.6177590828909966,0
646,16,6,0,0.6176449872433423,0.44139664770937787,0
647,16,7,0,0.48169502019416616,0.26830118950247017,0
648,16,8,0,0.3456171277594765,0.09836854684203608,0
649,16,9,0,0.20941417569225865,-0.06850720269782604,0
650,16,10,0,0.07308920995997967,-0.2324336617897347,0
651,16,11,0,-0.06335452610143381,-0.393520031609117,0
652,16,12,0,-0.19991357471450097,-0.5518770291720863,0
653,16,13,0,-0.33658424670327936,-0.70761680383023,0
654,16,14,0,-0.47336260468759805,-0.860852852997945,0
655,16,15,0,-0.6102444464638566,-1.0116999371883382,0
656,16,16,0,-0.7472252886075902,-1.160273994433791,0
657,16,17,0,-0.8843003503328418,-1.3066920541677243,0
658,16,18,0,-1.0214645376433702,-1.451072150644102,0
659,16,19,0,-1.1587124278102892,-1.5935332359715635,0
660,16,20,0,-1.2960382542104787,-1.7341950928385763,0
661,16,21,0,-1.4334358915598082,-1.8731782470069147,0
662,16,22,0,-1.5708988415743412,-2.010603879649668,0
663,16,23,0,-1.7084202190925653,-2.1465937396105303,0
664,16,24,0,-1.8459927386908608,-2.281270055660907,0
665,16,25,0,-1.9836087018235173,-2.4147554488306557,0
666,16,26,0,-2.1212599845181543,-2.5471728448886335,0
667,16,27,0,-2.2589380256562652,-2.6786453870482383,0
668,16,28,0,-2.3966338158679377,-2.809296348973241,0
669,16,29,0,-2.534337887068257,-2.939249048158342,0
670,16,30,0,-2.672040302662771,-3.0686267597585375,0
671,16,31,0,-2.80973064844719,-3.1975526309407027,0
672,16,32,0,-2.9473980242260516,-3.326149595830283,0
673,16,33,0,-3.085031036173548,-3.4545402911249887,0
674,16,34,0,-3.2226177899584307,-3.582846972446952,0
675,16,35,0,-3.36014588465349,-3.711191431503643,0
676,16,36,0,-3.497602407448794,-3.839694914127079,0
677,16,37,0,-3.6349739291863368,-3.968478039260204,0
678,16,38,0,-3.7722465007321975,-4.0976607189574805,0
679,16,39,0,-3.9094056502009393,-4.227362079466613,0
680,17,0,0,1.3545750267619532,1.52046866997062,0
681,17,1,0,1.2207209431168522,1.327397417000484,0
682,17,2,0,1.0867260357789308,1.1380884990165745,0
683,17,3,0,0.9525922364189019,0.952447668092704,0
684,17,4,0,0.8183215545102326,0.7703785301911026,0
685,17,5,0,0.6839160941406699,0.5917826194376873,0
686,17,6,0,0.5493780709467214,0.41655947374484775,0
687,17,7,0,0.41470982913859306,0.24460671171150247,0
688,17,8,0,0.279913858582897,0.07582011072871268,0
689,17,9,0,0.14499281190971083,-0.08990631378057316,0
690,17,10,0,0.009949521610195971,-0.2526802280604562,0
691,17,11,0,-0.12521298290912028,-0.4126108987324779,0
692,17,12,0,-0.2604914583500884,-0.5698091105912583,0
693,17,13,0,-0.3958824306590161,-0.724387083558936,0
694,17,14,0,-0.5313821783099527,-0.8764583888731784,0
695,17,15,0,-0.6669867157699323,-1.026137864583047,0
696,17,16,0,-0.8026917771809526,-1.1735415304278398,0
697,17,17,0,-0.9384928002932692,-1.3187865021739258,0
698,17,18,0,-1.0743849106846097,-1.4619909054849465,0
699,17,19,0,-1.2103629062995764,-1.603273789400795,0
700,17,20,0,-1.3464212423429427,-1.7427550395005627,0
701,17,21,0,-1.4825540165608013,-1.8805552908254284,0
702,17,22,0,-1.6187549549421505,-2.016795840636323,0
703,17,23,0,-1.7550173978737071,-2.151598561081967,0
704,17,24,0,-1.8913342867799223,-2.285085811852322,0
705,17,25,0,-2.02769815127901,-2.417380352892345,0
706,17,26,0,-2.164101096885826,-2.5486052572507094,0
707,17,27,0,-2.3005347932908737,-2.6788838241375785,0
708,17,28,0,-2.4369904632443946,-2.808339492265682,0
709,17,29,0,-2.5734588720728477,-2.937095753547803,0
710,17,30,0,-2.709930317854893,-3.065276067223834,0
711,17,31,0,-2.846394622282015,-3.1930037744897177,0
712,17,32,0,-2.9828411222284386,-3.320402013700122,0
713,17,33,0,-3.119258662053337,-3.4475936362158084,0
714,17,34,0,-3.2556355866572946,-3.5747011229663457,0
715,17,35,0,-3.3919597353134447,-3.7018465017974767,0
716,17,36,0,-3.5282184362925477,-3.8291512656720723,0
717,17,37,0,-3.664398502299533,-3.9567362917925046,0
718,17,38,0,-3.8004862267379953,-4.084721761711286,0
719,17,39,0,-3.936467380816974,-4.213227082495797,0
720,18,0,0,1.2783428377295096,1.4894189782929428,0
721,18,1,0,1.1457722138402042,1.297458667643259,0
722,18,2,0,1.0130622711180726,1.109264326931595,0
723,18,3,0,0.8802147301255375,0.9247416494848858,0
724,18,4,0,0.7472313895089544,0.7437941836697218,0
725,18,5,0,0.614114142699964,0.5663234067606803,0
726,18,6,0,0.48086499473959243,0.3922288001459678,0
727,18,7,0,0.3474860791934585,0.22140792580114246,0
728,18,8,0,0.21397967512551413,0.053756503960369885,0
729,18,9,0,0.08034822409781853,-0.11083150808518279,0
730,18,10,0,-0.053405652837162615,-0.2724638361333429,0
731,18,11,0,-0.18727913818510272,-0.4312498082329404,0
732,18,12,0,-0.32126920113316115,-0.5873002729344283,0
733,18,13,0,-0.45537258078226456,-0.7407275167014657,0
734,18,14,0,-0.5895857695224268,-0.8916451805567811,0
735,18,15,0,-0.7239049965855545,-1.04016817603557,0
736,18,16,0,-0.858326211809884,-1.186412600520118,0
737,18,17,0,-0.9928450696503908,-1.3304956520293272,0
738,18,18,0,-1.1274569134691552,-1.4725355435373675,0
739,18,19,0,-1.2621567601395338,-1.61265141689544,0
740,18,20,0,-1.3969392849976168,-1.750963256430576,0
741,18,21,0,-1.5317988071743494,-1.887591802296141,0
742,18,22,0,-1.6667292753406011,-2.022658463647639,0
743,18,23,0,-1.801724253897728,-2.1562852317180448,0
744,18,24,0,-1.9367769096450764,-2.288594592866563,0
745,18,25,0,-2.071879998955153,-2.4197094416743985,0
746,18,26,0,-2.207025855486941,-2.5497529941609693,0
747,18,27,0,-2.3422063784662774,-2.6788487011936004,0
748,18,28,0,-2.477413021562271,-2.8071201621635664,0
749,18,29,0,-2.6126367823866317,-2.934691039000702,0
750,18,30,0,-2.7478681926429918,-3.0616849705985936,0
751,18,31,0,-2.8830973089512337,-3.1882254877214606,0
752,18,32,0,-3.018313704371188,-3.314435928463875,0
753,18,33,0,-3.1535064606488628,-3.440439354333144,0
754,18,34,0,-3.2886641612069147,-3.566358467024097,0
755,18,35,0,-3.423774884899864,-3.692315525954867,0
756,18,36,0,-3.558826200553248,-3.818432266631715,0
757,18,37,0,-3.693805162304387,-3.9448298199100646,0
758,18,38,0,-3.828698305761087,-4.071628632217838,0
759,18,39,0,-3.963491644993037,-4.198948386806483,0
760,19,0,0,1.2018245618013146,1.458941908882535,0
761,19,1,0,1.0705446749357983,1.2680820850322652,0
762,19,2,0,0.9391270049723848,1.0809917876167128,0
763,19,3,0,0.8075730634904325,0.8975766552660757,0
764,19,4,0,0.6758844404334079,0.7177401827838455,0
765,19,5,0,0.5440628206974563,0.5413837946106126,0
766,19,6,0,0.4121100008425885,0.36840691961512667,0
767,19,7,0,0.2800279058953261,0.19870706714433362,0
768,19,8,0,0.1478186062108938,0.03217990426291328,0
769,19,9,0,0.015484334362749751,-0.1312806658868221,0
770,19,10,0,-0.11697249797321911,-0.29178242467523147,0
771,19,11,0,-0.24954928317291636,-0.4494347575962242,0
772,19,12,0,-0.3822432008900421,-0.6043485729700606,0
773,19,13,0,-0.5150512013874231,-0.7566362198092597,0
774,19,14,0,-0.6479699890074913,-0.9064114049196819,0
775,19,15,0,-0.7809960058155415,-1.0537891093088,0
776,19,16,0,-0.9141254154498377,-1.198885503973524,0
777,19,17,0,-1.0473540872120948,-1.3418178651400379,0
778,19,18,0,-1.1806775804320653,-1.4827044890285292,0
779,19,19,0,-1.314091129139663,-1.6216646062155375,0
780,19,20,0,-1.4475896270775857,-1.7588182956666463,0
781,19,21,0,-1.5811676130874988,-1.894286398512714,0
782,19,22,0,-1.7148192569016851,-2.0281904316421406,0
783,19,23,0,-1.8485383453723867,-2.160652501182084,0
784,19,24,0,-1.982318269169818,-2.29179521594129,0
785,19,25,0,-2.1161520099795297,-2.421741600886841,0
786,19,26,0,-2.250032128229023,-2.550615010727156,0
787,19,27,0,-2.3839507513725575,-2.6785390436730134,0
788,19,28,0,-2.517899562762669,-2.805637455448435,0
789,19,29,0,-2.6518697911352573,-2.9320340736224253,0
790,19,30,0,-2.785852200734977,-3.0578527123325467,0
791,19,31,0,-2.9198370821059365,-3.1832170874704966,0
792,19,32,0,-3.053814243571926,-3.3082507323997055,0
793,19,33,0,-3.1877730034291325,-3.4330769142739306,0
794,19,34,0,-3.3217021828731585,-3.5578185510257216,0
795,19,35,0,-3.4555900996806885,-3.682598129092385,0
796,19,36,0,-3.58942456266509,-3.8075376219468438,0
797,19,37,0,-3.723192866923467,-3.9327584094998262,0
798,19,38,0,-3.856881789891877,-4.058381198438609,0
799,19,39,0,-3.9904775882232077,-4.184525943567461,0
800,20,0,0,1.1250251008339627,1.4290400525633498,0
801,20,1,0,0.9950431218487612,1.2392702046723947,0
802,20,2,0,0.8649249261980414,1.0532733611617489,0
803,20,3,0,0.7346718186285425,0.8709551099800389,0
804,20,4,0,0.604285182529909,0.6922188963647228,0
805,20,5,0,0.47376649640804736,0.5169660959038498,0
806,20,6,0,0.3431173504807712,0.34509608891519394,0
807,20,7,0,0.21233946336527493,0.17650633607525107,0
808,20,8,0,0.08143469882603942,0.01109245522991254,0
809,20,9,0,-0.04959491744853566,-0.1512517006814059,0
810,20,10,0,-0.1807471810728998,-0.3106339646574679,0
811,20,11,0,-0.31201969222703646,-0.4671637756920965,0
812,20,12,0,-0.4434098389880059,-0.6209520979262997,0
813,20,13,0,-0.5749147807633139,-0.7721113389656873,0
814,20,14,0,-0.7065314318592985,-0.9207552674340269,0
815,20,15,0,-0.8382564452180816,-1.0669989298335754,0
816,20,16,0,-0.970086196356129,-1.2109585667835647,0
817,20,17,0,-1.1020167675378802,-1.3527515287077474,0
818,20,18,0,-1.2340439322176313,-1.4924961910428634,0
819,20,19,0,-1.3661631397825764,-1.6303118690393212,0
820,20,20,0,-1.498369500629694,-1.766318732225568,0
821,20,21,0,-1.6306577716089696,-1.900637718608242,0
822,20,22,0,-1.763022341864721,-2.0333904486790817,0
823,20,23,0,-1.89545721910666,-2.1646991393005375,0
824,20,24,0,-2.0279560163414674,-2.294686517541272,0
825,20,25,0,-2.160511939095299,-2.4234757345328912,0
826,20,26,0,-2.2931177731566312,-2.5511902794188384,0
827,20,27,0,-2.4257658728684364,-2.677953893466215,0
828,20,28,0,-2.5584481499975964,-2.803890484411108,0
829,20,29,0,-2.691156063208597,-2.9291240411074795,0
830,20,30,0,-2.823880608167777,-3.0537785485493774,0
831,20,31,0,-2.956612308303062,-3.1779779033357,0
832,20,32,0,-3.089341206243343,-3.30184582964655,0
833,20,33,0,-3.2220568559603087,-3.425505795799195,0
834,20,34,0,-3.3547483156344255,-3.5490809314516167,0
835,20,35,0,-3.4874041412654915,-3.672693945520475,0
836,20,36,0,-3.6200123810469584,-3.796467044880097,0
837,20,37,0,-3.752560570521693,-3.920521853908077,0
838,20,38,0,-3.8850357285355623,-4.044979334942346,0
839,20,39,0,-4.017424354004011,-4.169959709713849,0
840,21,0,0,1.047949377833745,1.3997159587880572,0
841,21,1,0,0.9192723707596882,1.2110255215580958,0
842,21,2,0,0.7904607439739273,1.0261114880154338,0
843,21,3,0,0.6615155975658127,0.8448793994067564,0
844,21,4,0,0.5324381105448094,0.6672326553645608,0
845,21,5,0,0.4032295571959751,0.4930725865694281,0
846,21,6,0,0.27389132355768475,0.3222985287198714,0
847,21,7,0,0.1444249239913446,0.15480789774312573,0
848,21,8,0,0.014832017812384274,-0.00950373382030681,0
849,21,9,0,-0.11488557404870586,-0.1707425593252792,0
850,21,10,0,-0.24472585238677738,-0.32901645949232533,0
851,21,11,0,-0.3746866230960136,-0.4844349229074991,0
852,21,12,0,-0.504765480609776,-0.6371089656209405,0
853,21,13,0,-0.6349597914388215,-0.7871510499128976,0
854,21,14,0,-0.7652666778406738,-0.9346750022968496,0
855,21,15,0,-0.8956830016529087,-1.0797959308292202,0
856,21,16,0,-1.0262053483232805,-1.2226301417956504,0
857,21,17,0,-1.1568300111694372,-1.363295055843816,0
858,21,18,0,-1.287552975901072,-1.5019091236330173,0
859,21,19,0,-1.4183699054368566,-1.6385917410708961,0
860,21,20,0,-1.5492761250485443,-1.7734631642073433,0
861,21,21,0,-1.6802666078643027,-1.9066444238564197,0
862,21,22,0,-1.811335960762644,-2.0382572400162635,0
863,21,23,0,-1.9424784106881785,-2.168423936157305,0
864,21,24,0,-2.0736877914198044,-2.2972673534491577,0
865,21,25,0,-2.204957530821098,-2.4249107649960995,0
866,21,26,0,-2.336280638602545,-2.5514777901509578,0
867,21,27,0,-2.4676496946237245,-2.6770923089770378,0
868,21,28,0,-2.5990568377636745,-2.8018783769275344,0
869,21,29,0,-2.7304937553858313,-2.92596013981142,0
870,21,30,0,-2.861951673423927,-3.049461749114474,0
871,21,31,0,-2.9934213471134843,-3.1725072777437067,0
872,21,32,0,-3.1248930523929324,-3.295220636263218,0
873,21,33,0,-3.256356577997124,-3.41772548968859,0
874,21,34,0,-3.387801218264768,-3.54014517490693,0
875,21,35,0,-3.519215766680348,-3.6626026187884895,0
876,21,36,0,-3.650588510169448,-3.7852202570558204,0
877,21,37,0,-3.781907224165321,-3.9081199539751506,0
878,21,38,0,-3.9131591684633205,-4.031422922934333,0
879,21,39,0,-4.0443310838779425,-4.1552496479708,0
880,22,0,0,0.9706023365804054,1.3709721354698035,0
881,22,1,0,0.8432372582163512,1.1833504900089074,0
882,22,2,0,0.715739187441381,0.9995085688246002,0
883,22,3,0,0.5881090218872352,0.819351870405232,0
884,22,4,0,0.46034773838076404,0.642783752702856,0
885,22,5,0,0.3324564091793794,0.4697055053988081,0
886,22,6,0,0.2044362183282803,0.30001642346686114,0
887,22,7,0,0.07628847810998472,0.13361388196865107,0
888,22,8,0,-0.051985354444267426,-0.029606587984922234,0
889,22,9,0,-0.18038366101150152,-0.1897512221722587,0
890,22,10,0,-0.30890464543388146,-0.3469279451668791,0
891,22,11,0,-0.4375463172066037,-0.5012462912773056,0
892,22,12,0,-0.5663064750288627,-0.6528173245890524,0
893,22,13,0,-0.6951826904496599,-0.8017535581762707,0
894,22,14,0,-0.8241722916409754,-0.948168872551488,0
895,22,15,0,-0.9532723473303014,-1.0921784334218274,0
896,22,16,0,-1.08247965092519,-1.233898608820376,0
897,22,17,0,-1.2117907048619796,-1.3734468856814572,0
898,22,18,0,-1.3412017052110474,-1.5109417859288585,0
899,22,19,0,-1.470708526570659,-1.6465027821461484,0
900,22,20,0,-1.6003067072812405,-1.780250212897815,0
901,22,21,0,-1.729991434991728,-1.912305197770952,0
902,22,22,0,-1.8597575326090408,-2.042789552206098,0
903,22,23,0,-1.989599444661474,-2.171825702186489,0
904,22,24,0,-2.119511224106409,-2.2995365988548353,0
905,22,25,0,-2.2494865196116005,-2.4260456331262126,0
906,22,26,0,-2.37951856333949,-2.551476550366022,0
907,22,27,0,-2.5096001592623947,-2.6759533652012344,0
908,22,28,0,-2.639723672036575,-2.7996002765334644,0
909,22,29,0,-2.7698810164612198,-2.922541582821559,0
910,22,30,0,-2.9000636475487305,-3.0449015977016236,0
911,22,31,0,-3.0302625512306403,-3.1668045660114523,0
912,22,32,0,-3.1604682357230978,-3.288374580286589,0
913,22,33,0,-3.2906707235745714,-3.4097354977941414,0
914,22,34,0,-3.4208595444174006,-3.531010858170633,0
915,22,35,0,-3.551023728443263,-3.6523238017289246,0
916,22,36,0,-3.681151800621976,-3.77379698849944,0
917,22,37,0,-3.811231775681225,-3.8955525180696084,0
918,22,38,0,-3.941251153863747,-4.017711850285291,0
919,22,39,0,-4.071196917477192,-4.140395726876856,0
920,23,0,0,0.8929889412498304,1.3428110488170804,0
921,23,1,0,0.7669426407643103,1.1562475235080232,0
922,23,2,0,0.640765005343,0.973466964276414,0
923,23,3,0,0.5144567323836845,0.7943748307592116,0
924,23,4,0,0.38801859875188466,0.6188744431156117,0
925,23,5,0,0.26145147689383574,0.4468670538985159,0
926,23,6,0,0.1347563510709178,0.2782519212137952,0
927,23,7,0,0.007934333686463933,0.11292638310324449,0
928,23,8,0,-0.11901331832471584,-0.04921406691421311,0
929,23,9,0,-0.24608518707415428,-0.2082757032080343,0
930,23,10,0,-0.37327967729544725,-0.36436649037429275,0
931,23,11,0,-0.5005949999488505,-0.5175960046125462,0
932,23,12,0,-0.6280291558859252,-0.6680753542081868,0
933,23,13,0,-0.7555799196058085,-0.8159170991866138,0
934,23,14,0,-0.8832448231347816,-0.9612351702066919,0
935,23,15,0,-1.0110211400610105,-1.1041447867604246,0
936,23,16,0,-1.138905869756252,-1.2447623747465968,0
937,23,17,0,-1.266895721816412,-1.3832054834857734,0
938,23,18,0,-1.3949871007528838,-1.51959270224448,0
939,23,19,0,-1.5231760909661163,-1.654043576336625,0
940,23,20,0,-1.6514584420329335,-1.786678522869527,0
941,23,21,0,-1.7798295543388238,-1.9176187462031793,0
942,23,22,0,-1.9082844650858968,-2.0469861531900464,0
943,23,23,0,-2.0368178347068007,-2.1749032682635736,0
944,23,24,0,-2.165423933714777,-2.3014931484432064,0
945,23,25,0,-2.2940966300187577,-2.426879298323503,0
946,23,26,0,-2.4228293767326257,-2.5511855851149354,0
947,23,27,0,-2.551615200506225,-2.674536153803734,0
948,23,28,0,-2.680446690405914,-2.7970553424979534,0
949,23,29,0,-2.8093159873703617,-2.9188675980266496,0
950,23,30,0,-2.938214774267926,-3.0400973918587018,0
951,23,31,0,-3.0671342665796577,-3.160869136407743,0
952,23,32,0,-3.196065203731807,-3.281307101788931,0
953,23,33,0,-3.324997841100268,-3.4015353330931624,0
954,23,34,0,-3.4539219427086363,-3.521677568243922,0
955,23,35,0,-3.582826774639797,-3.641857156501131,0
956,23,36,0,-3.711701099180507,-3.762196977676228,0
957,23,37,0,-3.8405331697164478,-3.882819362121982,0
958,23,38,0,-3.969310726394575,-4.003846011559814,0
959,23,39,0,-4.098020992567638,-4.125397920806936,0
960,24,0,0,0.8151141760355143,1.3152351231717196,0
961,24,1,0,0.6903933945764661,1.12971899454403,0
962,24,2,0,0.565542965660187,0.947988994943636,0
963,24,3,0,0.44056338869778133,0.7699505490259954,0
964,24,4,0,0.31545524283786275,0.5955069430075266,0
965,24,5,0,0.19021920295482894,0.4245593961456364,0
966,24,6,0,0.0648560557582073,0.25700713349701604,0
967,24,7,0,-0.060633284005653786,0.09274745989099899,0
968,24,8,0,-0.1862477572883915,-0.06832416494644589,0
969,24,9,0,-0.31198614444073175,-0.22631405018200138,0
970,24,10,0,-0.4378470489096093,-0.38133019664261186,0
971,24,11,0,-0.5638288809620114,-0.5334822186261742,0
972,24,12,0,-0.6899298414659798,-0.6828812648210968,0
973,24,13,0,-0.8161479057599481,-0.8296399383999655,0
974,24,14,0,-0.9424808076415212,-0.9738722163535044,0
975,24,15,0,-1.0689260235070166,-1.1156933681308436,0
976,24,16,0,-1.1954807566731736,-1.2552198736524134,0
977,24,17,0,-1.3221419219123662,-1.392569340761789,0
978,24,18,0,-1.4489061302327881,-1.527860422183251,0
979,24,19,0,-1.5757696739345726,-1.6612127320515928,0
980,24,20,0,-1.7027285119730606,-1.7927467620806832,0
981,24,21,0,-1.8297782556598752,-1.922583797438004,0
982,24,22,0,-1.9569141547321174,-2.0508458323914103,0
983,24,23,0,-2.084131083819793,-2.1776554857949435,0
984,24,24,0,-2.211423529340985,-2.3031359164805036,0
985,24,25,0,-2.338785576853648,-2.427410738621712,0
986,24,26,0,-2.4662108988925704,-2.5506039371365077,0
987,24,27,0,-2.593692743319104,-2.672839783194535,0
988,24,28,0,-2.721223922210836,-2.7942427498956843,0
989,24,29,0,-2.848796801317058,-2.914937428185361,0
990,24,30,0,-2.9764032901058894,-3.035048443072289,0
991,24,31,0,-3.1040348324270086,-3.1547003702138507,0
992,24,32,0,-3.2316823978137728,-3.274017652934347,0
993,24,33,0,-3.35933647344708,-3.3931245197403808,0
994,24,34,0,-3.486987056802213,-3.512144902397868,0
995,24,35,0,-3.614623648999211,-3.6312023546342904,0
996,24,36,0,-3.742235248875385,-3.7504199715294892,0
997,24,37,0,-3.869810347798166,-3.8699203096579162,0
998,24,38,0,-3.9973369252346327,-3.9898253080443746,0
999,24,39,0,-4.124802445092973,-4.110256209994949,0
1000,25,0,0,0.7369830447689447,1.2882467408500085,0
1001,25,1,0,0.6135944150814449,1.1037672344556302,0
1002,25,2,0,0.4900778552497457,0.923076941132932,0
1003,25,3,0,0.3664336689686488,0.7460812543881749,0
1004,25,4,0,0.24266223993702615,0.5726834303070863,0
1005,25,5,0,0.11876404771923399,0.4027846586462155,0
1006,25,6,0,-0.005260316272980481,0.23628413519318003,0
1007,25,7,0,-0.12941013270605864,0.07307913533338133,0
1008,25,8,0,-0.2536845381862837,-0.08693491124008844,0
1009,25,9,0,-0.3780825090864655,-0.2438643447364376,0
1010,25,10,0,-0.5026028453670042,-0.39781719846094604,0
1011,25,11,0,-0.6272441544214483,-0.548903121056296,0
1012,25,12,0,-0.7520048349764656,-0.6972332978561371,0
1013,25,13,0,-0.8768830610767924,-0.8429203714150327,0
1014,25,14,0,-1.001876766185909,-0.9860783612798621,0
1015,25,15,0,-1.126983627433059,-1.126822583067497,0
1016,25,16,0,-1.2522010500376572,-1.2652695669139902,0
1017,25,17,0,-1.377526151941911,-1.4015369753604172,0
1018,25,18,0,-1.5029557486825664,-1.5357435207408818,0
1019,25,19,0,-1.6284863385324575,-1.668008882138175,0
1020,25,20,0,-1.7541140879424066,-1.7984536219723288,0
1021,25,21,0,-1.8798348173139645,-1.9271991022880859,0
1022,25,22,0,-2.0056439871326557,-2.054367400806447,0
1023,25,23,0,-2.1315366844916883,-2.180081226805905,0
1024,25,24,0,-2.2575076100351046,-2.3044638368990213,0
1025,25,25,0,-2.383551065349004,-2.427638950769574,0
1026,25,26,0,-2.509660940829138,-2.5497306669355804,0
1027,25,27,0,-2.6358307040519033,-2.6708633786034173,0
1028,25,28,0,-2.7620533886761076,-2.7911616896779994,0
1029,25,29,0,-2.8883215839007192,-2.9107503309937806,0
1030,25,30,0,-3.0146274245043543,-3.0297540768312805,0
1031,25,31,0,-3.140962581490564,-3.14829766178317,0
1032,25,32,0,-3.2673182533620015,-3.2665056980343445,0
1033,25,33,0,-3.3936851580462197,-3.3845025931192723,0
1034,25,34,0,-3.520053525494055,-3.5024124682203355,0
1035,25,35,0,-3.646413090970891,-3.6203590770697995,0
1036,25,36,0,-3.772753089059681,-3.7384657255181857,0
1037,25,37,0,-3.8990622483938266,-3.85685519183092,0
1038,25,38,0,-4.025328787136075,-3.9756496477749375,0
1039,25,39,0,-4.151540409219143,-4.094970580556105,0
1040,26,0,0,0.6586005705389034,1.2618482419870567,0
1041,26,1,0,0.5365506165909396,1.0783945332795457,0
1042,26,2,0,0.4143744794793338,0.8987330427362539,0
1043,26,3,0,0.2920722694756432,0.7227691365084004,0
1044,26,4,0,0.16964417711845223,0.5504060443246385,0
1045,26,5,0,0.04709048894578065,0.38154493019652164,0
1046,26,6,0,-0.07558839665256337,0.21608496438363342,0
1047,26,7,0,-0.1983919534901912,0.053923396556745405,0
1048,26,8,0,-0.3213195115748262,-0.10504436990329948,0
1049,26,9,0,-0.4443702410629437,-0.2609247025330483,0
1050,26,10,0,-0.567543136207261,-0.41382566340310956,0
1051,26,11,0,-0.6908369993263679,-0.5638569317869584,0
1052,26,12,0,-0.8142504248261843,-0.7111297259451483,0
1053,26,13,0,-0.937781783303131,-0.8557567240883259,0
1054,26,14,0,-1.0614292057591732,-0.9978519845828725,0
1055,26,15,0,-1.185190567959025,-1.1375308654628289,0
1056,26,16,0,-1.309063474959899,-1.2749099433123188,0
1057,26,17,0,-1.433045245844135,-1.4101069315823582,0
1058,26,18,0,-1.5571328986853379,-1.5432405984065036,0
1059,26,19,0,-1.6813231357780003,-1.6744306839795944,0
1060,26,20,0,-1.8056123291608006,-1.8037978175637042,0
1061,26,21,0,-1.929996506463758,-1.9314634341861878,0
1062,26,22,0,-2.0544713371083687,-2.057549691093728,0
1063,26,23,0,-2.179032118890267,-2.182179384027024,0
1064,26,24,0,-2.3036737649731793,-2.305475863380443,0
1065,26,25,0,-2.4283907913223755,-2.4275629503108296,0
1066,26,26,0,-2.55317730460553,-2.548564852859793,0
1067,26,27,0,-2.678026990587915,-2.6686060821533046,0
1068,26,28,0,-2.802933103048811,-2.7878113687428367,0
1069,26,29,0,-2.9278884532442513,-2.9063055791515873,0
1070,26,30,0,-3.0528853999417143,-3.024213632689428,0
1071,26,31,0,-3.1779158400502907,-3.1416604185999173,0
1072,26,32,0,-3.3029711998698064,-3.258770713602491,0
1073,26,33,0,-3.4280424269808814,-3.375669099892565,0
1074,26,34,0,-3.5531199827974276,-3.4924798836621522,0
1075,26,35,0,-3.678193835801184,-3.6093270142029716,0
1076,26,36,0,-3.803253455477764,-3.7263340036539665,0
1077,26,37,0,-3.9282878069716367,-3.8436238474545084,0
1078,26,38,0,-4.05328534647689,-3.9613189455640283,0
1079,26,39,0,-4.178234017378965,-4.079541024508765,0
1080,27,0,0,0.5799717953097167,1.2360419243841656,0
1081,27,1,0,0.4592669319260357,1.0536031396015213,0
1082,27,2,0,0.33843766186198576,0.8749594990852512,0
1083,27,3,0,0.21748390428112913,0.7000163453871358,0
1084,27,4,0,0.09640565887303681,0.5286768856133881,0
1085,27,5,0,-0.0247969785453835,0.36084226174720496,0
1086,27,6,0,-0.14612380030923874,0.19641162222169783,0
1087,27,7,0,-0.267574471092619,0.03528219468258719,0
1088,27,8,0,-0.3891485120306284,-0.12265064012072631,0
1089,27,9,0,-0.5108452848042034,-0.27749327337683033,0
1090,27,10,0,-0.63266397571637,-0.4293537922486782,0
1091,27,11,0,-0.754603579788384,-0.5783419029663946,0
1092,27,12,0,-0.8766628849050931,-0.7245688530389439,0
1093,27,13,0,-0.9988404560387665,-0.868147352646863,0
1094,27,14,0,-1.1211346195811172,-1.0091914952788124,0
1095,27,15,0,-1.2435434478131064,-1.1478166776746213,0
1096,27,16,0,-1.3660647435427524,-1.2841395191377196,0
1097,27,17,0,-1.4886960249404055,-1.4182777802799202,0
1098,27,18,0,-1.6114345106018169,-1.550350281261745,0
1099,27,19,0,-1.7342771048685586,-1.6804768195914503,0
1100,27,20,0,-1.857220383435498,-1.8087780875457375,0
1101,27,21,0,-1.9802605792749708,-1.9353755892758648,0
1102,27,22,0,-2.1033935689065424,-2.0603915576619376,0
1103,27,23,0,-2.2266148590414154,-2.183948870978934,0
1104,27,24,0,-2.349919573629915,-2.3061709694374795,0
1105,27,25,0,-2.4733024413397997,-2.4271817716628843,0
1106,27,26,0,-2.5967577834932523,-2.5471055911749843,0
1107,27,27,0,-2.72027950248888,-2.666067052932364,0
1108,27,28,0,-2.8438610707354743,-2.78419101000342,0
1109,27,29,0,-2.967495520122549,-2.9016024604272546,0
1110,27,30,0,-3.0911754320526588,-3.0184264643268337,0
1111,27,31,0,-3.2148929280592986,-3.134788061336792,0
1112,27,32,0,-3.338639661033353,-3.2508121884082,0
1113,27,33,0,-3.4624068070801717,-3.3666235980519286,0
1114,27,34,0,-3.5861850580284265,-3.4823467770825904,0
1115,27,35,0,-3.7099646146105996,-3.598105865924027,0
1116,27,36,0,-3.833735180334179,-3.7140245785376167,0
1117,27,37,0,-3.9574859560613542,-3.8302261230338686,0
1118,27,38,0,-4.081205635313599,-3.9468331230275386,0
1119,27,39,0,-4.204882400316898,-4.063967539796028,0
1120,28,0,0,0.5011017795383863,1.2108300433595418,0
1121,28,1,0,0.3817483120424568,1.0293952604104297,0
1122,28,2,0,0.26227224368953717,0.8517584688087967,0
1123,28,3,0,0.14267330487220178,0.6778249912234251,0
1124,28,4,0,0.022951306763628783,0.5074980158333737,0
1125,28,5,0,-0.09689384321413552,0.3406786662703815,0
1126,28,6,0,-0.2168621258033608,0.17726607280272452,0
1127,28,7,0,-0.3369533942313918,0.01715744470056059,0
1128,28,8,0,-0.4571673584661887,-0.13975185627758055,0
1129,28,9,0,-0.5775035694336773,-0.2935682413373879,0
1130,28,10,0,-0.697961403224866,-0.4443998191014656,0
1131,28,11,0,-0.8185400453209591,-0.5923563191227683,0
1132,28,12,0,-0.9392384748648808,-0.7375490145203862,0
1133,28,13,0,-1.060055449008299,-0.8800906437985626,0
1134,28,14,0,-1.1809894873629267,-1.0200953319108816,0
1135,28,15,0,-1.3020388565856729,-1.1576785106310794,0
1136,28,16,0,-1.4232015551267778,-1.2929568382923091,0
1137,28,17,0,-1.5444752981704306,-1.4260481189568075,0
1138,28,18,0,-1.6658575027973854,-1.5570712210778246,0
1139,28,19,0,-1.7873452733987756,-1.6861459957161216,0
1140,28,20,0,-1.908935387370361,-1.81339319437268,0
1141,28,21,0,-2.0306242811164763,-1.938934386500326,0
1142,28,22,0,-2.152408036392024,-2.0628918767559177,0
1143,28,23,0,-2.2742823670113563,-2.1853886220554473,0
1144,28,24,0,-2.3962426059519126,-2.306548148494191,0
1145,28,25,0,-2.5182836928802304,-2.42649446819393,0
1146,28,26,0,-2.6404001621275723,-2.5453519961392344,0
1147,28,27,0,-2.7625861311415716,-2.6632454670648102,0
1148,28,28,0,-2.8848352894399554,-2.7802998524556934,0
1149,28,29,0,-3.007140888091439,-2.8966402777220916,0
1150,28,30,0,-3.1294957297484784,-3.0123919396104086,0
1151,28,31,0,-3.251892159255352,-3.127680023911771,0
1152,28,32,0,-3.3743220548545847,-3.242629623529594,0
1153,28,33,0,-3.496776820013487,-3.357365656966835,0
1154,28,34,0,-3.6192473758919617,-3.4720127872940467,0
1155,28,35,0,-3.7417241544713042,-3.5866953416585328,0
1156,28,36,0,-3.864197092363007,-3.7015372313949197,0
1157,28,37,0,-3.9866556253153536,-3.8166618727971,0
1158,28,38,0,-4.109088683434282,-3.9321921086109084,0
1159,28,39,0,-4.231484687134146,-4.048250130306882,0
1160,29,0,0,0.4219956017907818,1.1862148116020252,0
1161,29,1,0,0.30399972565488265,1.0057730609555393,0
1162,29,2,0,0.18588308366515557,0.8291320696935357,0
1163,29,3,0,0.0676452198015098,0.6561971442787383,0
1164,29,4,0,-0.050714240925746834,0.486871457618404,0
1165,29,5,0,-0.16919557714270966,0.32105611862961725,0
1166,29,6,0,-0.2877989556607193,0.15865024303707473,0
1167,29,7,0,-0.40652441593312966,-0.0004489746556714162,0
1168,29,8,0,-0.5253718544463769,-0.15634618808101677,0
1169,29,9,0,-0.6443410090720058,-0.3091478248675158,0
1170,29,10,0,-0.7634314434069157,-0.4589620115054178,0
1171,29,11,0,-0.882642531129621,-0.6058984972774137,0
1172,29,12,0,-1.001973440400367,-0.750068577314954,0
1173,29,13,0,-1.1214231183335353,-0.891585014840233,0
1174,29,14,0,-1.2409902755708344,-1.0305619626545675,0
1175,29,15,0,-1.3606733709839893,-1.1671148839336059,0
1176,29,16,0,-1.4804705965358964,-1.301360472390218,0
1177,29,17,0,-1.6003798623289653,-1.4334165718657534,0
1178,29,18,0,-1.7203987818698636,-1.563402095410619,0
1179,29,19,0,-1.8405246575792853,-1.691436943915229,0
1180,29,20,0,-1.9607544665756023,-1.817641924351935,0
1181,29,21,0,-2.0810848467611276,-1.942138667689551,0
1182,29,22,0,-2.2015120832390633,-2.065049546540979,0
1183,29,23,0,-2.32203209508944,-2.1864975926051593,0
1184,29,24,0,-2.442640422531559,-2.306606413964515,0
1185,29,25,0,-2.563332214500387,-2.425500112298674,0
1186,29,26,0,-2.6841022166635065,-2.543303200075511,0
1187,29,27,0,-2.8049447599049326,-2.6601405177804227,0
1188,29,28,0,-2.9258537493016106,-2.7761371512446016,0
1189,29,29,0,-3.046822653617184,-2.8914183491331,0
1190,29,30,0,-3.167844495337791,-3.0061094406532383,0
1191,29,31,0,-3.2889118412729808,-3.120335753543811,0
1192,29,32,0,-3.4100167937445893,-3.2342225324055116,0
1193,29,33,0,-3.531150982385341,-3.347894857432626,0
1194,29,34,0,-3.65230555656802,-3.4614775636060178,0
1195,29,35,0,-3.773471178485049,-3.5750951604070407,0
1196,29,36,0,-3.894638016897307,-3.688871752111905,0
1197,29,37,0,-4.015795741569932,-3.802930958725737,0
1198,29,38,0,-4.1369335184117535,-3.9173958376149773,0
1199,29,39,0,-4.258040005333815,-4.032388805896995,0
1200,30,0,0,0.342658358356815,1.1621983990281335,0
1201,30,1,0,0.22602615886020483,0.9827386646068743,0
1202,30,2,0,0.10927505753485973,0.8070823785475689,0
1203,30,3,0,-0.0075955856728527615,0.6351348347437715,0
1204,30,4,0,-0.12458632954164947,0.46679919444596313,0
1205,30,5,0,-0.24169763637890138,0.30197655545278856,0
1206,30,6,0,-0.3589298567072188,0.14056602252585834,0
1207,30,7,0,-0.476283213859152,-0.017535221029841803,0
1208,30,8,0,-0.5937577885058148,-0.1724318406787451,0
1209,30,9,0,-0.7113535031456764,-0.3242302769190914,0
1210,30,10,0,-0.8290701065801123,-0.47303867055790505,0
1211,30,11,0,-0.9469071584029812,-0.6189667870555006,0
1212,30,12,0,-1.0648640135315999,-0.7621259399988888,0
1213,30,13,0,-1.1829398068068122,-0.9026289137631962,0
1214,30,14,0,-1.301133437690352,-1.0405898854207831,0
1215,30,15,0,-1.4194435550875488,-1.1761243459574777,0
1216,30,16,0,-1.53786854232381,-1.3093490208557244,0
1217,30,17,0,-1.6564065023032308,-1.440381790104166,0
1218,30,18,0,-1.7750552428779038,-1.5693416076937663,0
1219,30,19,0,-1.8938122624561622,-1.6963484206601667,0
1220,30,20,0,-2.012674735878186,-1.8215230877320012,0
1221,30,21,0,-2.1316395005871556,-1.9449872976456197,0
1222,30,22,0,-2.250703043123728,-2.066863487185612,0
1223,30,23,0,-2.3698614859715907,-2.1872747590113395,0
1224,30,24,0,-2.489110574781471,-2.306344799329509,0
1225,30,25,0,-2.6084456660003226,-2.4241977954725837,0
1226,30,26,0,-2.7278617149323843,-2.5409583534429556,0
1227,30,27,0,-2.8473532642577255,-2.6567514154827414,0
1228,30,28,0,-2.9669144330341455,-2.771702177729108,0
1229,30,29,0,-3.0865389062064006,-2.8859360080146956,0
1230,30,30,0,-3.206219924647677,-2.999578363872932,0
1231,30,31,0,-3.325950275755839,-3.1127547108076583,0
1232,30,32,0,-3.4457222846273816,-3.2255904408865796,0
1233,30,33,0,-3.5655278058305284,-3.3382107917177626,0
1234,30,34,0,-3.68535821579832,-3.4507407658683245,0
1235,30,35,0,-3.805204405861372,-3.5633050507841633,0
1236,30,36,0,-3.9250567759390584,-3.6760279392695527,0
1237,30,37,0,-4.044905228906968,-3.789033250584964,0
1238,30,38,0,-4.1647391656571,-3.9024442522214122,0
1239,30,39,0,-4.284547480866394,-4.016383582409153,0
1240,31,0,0,0.263095162864601,1.1387829326422658,0
1241,31,1,0,0.14783261475990928,0.9602941527187606,0
1242,31,2,0,0.032453057718160094,0.7856114310672225,0
1243,31,3,0,-0.08304432994843307,0.614640052608345,0
1244,31,4,0,-0.1986602884137708,0.4472831705101237,0
1245,31,5,0,-0.3143954612801557,0.2834418750079374,0
1246,31,6,0,-0.4302503804043847,0.12301526343963855,0
1247,31,7,0,-0.5462254506323004,-0.034099488561650966,0
1248,31,8,0,-0.662320934467014,-0.18800705477492693,0
1249,31,9,0,-0.7785369366963912,-0.33881388505639887,0
1250,31,10,0,-0.8948733890060724,-0.48662813102043706,0
1251,31,11,0,-1.0113300346044987,-0.6315595707942607,0
1252,31,12,0,-1.127906412886814,-0.7737195329048848,0
1253,31,13,0,-1.2446018441649505,-0.9132208193564714,0
1254,31,14,0,-1.3614154144913995,-1.0501776279566108,0
1255,31,15,0,-1.4783459606041767,-1.1847054739501568,0
1256,31,16,0,-1.5953920550211245,-1.3169211110191676,0
1257,31,17,0,-1.7125519913110665,-1.446942451707608,0
1258,31,18,0,-1.8298237695701343,-1.5748884873297035,0
1259,31,19,0,-1.9472050821310214,-1.7008792074206855,0
1260,31,20,0,-2.0646932995329297,-1.8250355187885763,0
1261,31,21,0,-2.1822854567802255,-1.9474791642262683,0
1262,31,22,0,-2.299978239916888,-2.068332640942433,0
1263,31,23,0,-2.417767972944343,-2.1877191187702327,0
1264,31,24,0,-2.5356506051095096,-2.3057623582128555,0
1265,31,25,0,-2.6536216985894203,-2.4225866283846575,0
1266,31,26,0,-2.771676416598949,-2.5383166249067566,0
1267,31,27,0,-2.889809511946726,-2.653077387815997,0
1268,31,28,0,-3.008015316064889,-2.7669942195460364,0
1269,31,29,0,-3.1262877285365573,-2.8801926030393608,0
1270,31,30,0,-3.2446202071453545,-2.9927981200488603,0
1271,31,31,0,-3.3630057584696584,-3.104936369687604,0
1272,31,32,0,-3.4814369290441127,-3.216732887285356,0
1273,31,33,0,-3.5999057971097317,-3.328313063610187,0
1274,31,34,0,-3.718403964973383,-3.4398020645135707,0
1275,31,35,0,-3.836922551996147,-3.5513247510569506,0
1276,31,36,0,-3.955452188229336,-3.6630056001778364,0
1277,31,37,0,-4.073983008715785,-3.7749686259531887,0
1278,31,38,0,-4.192504648473307,-3.8873373015175456,0
1279,31,39,0,-4.311006238175388,-4.0002344816933375,0
1280,32,0,0,0.1833111458937386,1.1159704964000234,0
1281,32,1,0,0.06942411308151288,0.9384415644965437,0
1282,32,2,0,-0.04457800706225279,0.7647212217068929,0
1283,32,3,0,-0.15869621544025894,0.5947147475343406,0
1284,32,4,0,-0.2729314312084246,0.42832529059741725,0
1285,32,5,0,-0.3872844768585231,0.2654539370820066,0
1286,32,6,0,-0.5017560631857012,0.10599978039992172,0
1287,32,7,0,-0.616346774164655,-0.05014000800256393,0
1288,32,8,0,-0.7310570517593419,-0.20307010674334716,0
1289,32,9,0,-0.845887180691287,-0.35289697156672983,0
1290,32,10,0,-0.9608372731918864,-0.49972876142676825,0
1291,32,11,0,-1.0759072537650118,-0.6436752636485956,0
1292,32,12,0,-1.1910968439860226,-0.7848478182253383,0
1293,32,13,0,-1.3064055473639797,-0.9233592413076621,0
1294,32,14,0,-1.4218326342939895,-1.059323747943824,0
1295,32,15,0,-1.5373771271268157,-1.1928568741274126,0
1296,32,16,0,-1.6530377853831244,-1.324075398210741,0
1297,32,17,0,-1.7688130911396402,-1.4530972617412308,0
1298,32,18,0,-1.8847012346148677,-1.5800414897787385,0
1299,32,19,0,-2.0007000999816915,-1.7050281107516012,0
1300,32,20,0,-2.1168072514341523,-1.8281780759087962,0
1301,32,21,0,-2.2330199195360407,-1.9496131784266681,0
1302,32,22,0,-2.3493349878778615,-2.06945597222745,0
1303,32,23,0,-2.4657489800694177,-2.1878296905678014,0
1304,32,24,0,-2.582258047094378,-2.3048581644549797,0
1305,32,25,0,-2.6988579550530205,-2.4206657409487677,0
1306,32,26,0,-2.8155440733190344,-2.5353772014067038,0
1307,32,27,0,-2.9323113631353888,-2.6491176797306784,0
1308,32,28,0,-3.049154366674617,-2.7620125806726197,0
1309,32,29,0,-3.166067196586882,-2.8741874982570637,0
1310,32,30,0,-3.283043526060299,-2.9857681343783873,0
1311,32,31,0,-3.4000765794155954,-3.096880217630345,0
1312,32,32,0,-3.51715912325771,-3.207649422425637,0
1313,32,33,0,-3.634283458205485,-3.3182012884629115,0
1314,32,34,0,-3.7514414112199015,-3.4286611405988605,0
1315,32,35,0,-3.8686243285505215,-3.539154009182522,0
1316,32,36,0,-3.985823069318711,-3.6498045509092494,0
1317,32,37,0,-4.103027999755286,-3.7607369702511186,0
1318,32,38,0,-4.220228988109243,-3.8720749415209594,0
1319,32,39,0,-4.337415400243103,-3.98394153162638,0
1320,33,0,0,0.10331145458756062,1.0937631310749176,0
1321,33,1,0,-0.009194310200933586,0.9171828968663974,0
1322,33,2,0,-0.1218132121516533,0.7444137035520532,0
1323,33,3,0,-0.234546428943701,0.5753608287316689,0
1324,33,4,0,-0.34739505628284834,0.40992741996571247,0
1325,33,5,0,-0.46036009312641646,0.2480145628625234,0
1326,33,6,0,-0.5734424267937397,0.08952135036359986,0
1327,33,7,0,-0.6866428179859101,-0.06565504682877939,0
1328,33,8,0,-0.7999618857387797,-0.21761930873783242,0
1329,33,9,0,-0.9134000923338871,-0.3664778935682625,0
1330,33,10,0,-1.0269577281921494,-0.5123389641883297,0
1331,33,11,0,-1.1406348967759663,-0.6553123136941843,0
1332,33,12,0,-1.2544314995253738,-0.7955092901130439,0
1333,33,13,0,-1.368347220854511,-0.9330427203013903,0
1334,33,14,0,-1.4823815132347227,-1.068026833095002,0
1335,33,15,0,-1.596533582390946,-1.200577181767214,0
1336,33,16,0,-1.7108023726381707,-1.3308105658520752,0
1337,33,17,0,-1.8251865523848911,-1.4588449523890596,0
1338,33,18,0,-1.9396844998304925,-1.5847993966460614,0
1339,33,19,0,-2.054294288883568,-1.708793962377434,0
1340,33,20,0,-2.169013675327957,-1.8309496416735935,0
1341,33,21,0,-2.2838400832636223,-1.9513882744593765,0
1342,33,22,0,-2.398770591848609,-2.0702324676976107,0
1343,33,23,0,-2.51380192236885,-2.1876055143547117,0
1344,33,24,0,-2.628930425661774,-2.3036313121854692,0
1345,33,25,0,-2.7441520699195623,-2.4184342823934797,0
1346,33,26,0,-2.859462428897648,-2.5321392882242484,0
1347,33,27,0,-2.974856670553105,-2.6448715535478535,0
1348,33,28,0,-3.090329546137785,-2.7567565814878785,0
1349,33,29,0,-3.205875379769769,-2.8679200731535586,0
1350,33,30,0,-3.3214880585067785,-2.9784878465319387,0
1351,33,31,0,-3.437161022943942,-3.0885857555967204,0
1352,33,32,0,-3.5528872583578996,-3.1983396096907772,0
1353,33,33,0,-3.6686592864185226,-3.3078750932387706,0
1354,33,34,0,-3.784469157488464,-3.4173176858467516,0
1355,33,35,0,-3.90030844353006,-3.526792582845153,0
1356,33,36,0,-4.016168231638151,-3.636424616331641,0
1357,33,37,0,-4.1320391182164125,-3.7463381767703527,0
1358,33,38,0,-4.247911203813795,-3.856657135203433,0
1359,33,39,0,-4.36377408863672,-3.9675047661312903,0
1360,34,0,0,0.02310125226466155,1.072162834128121,0
1361,34,1,0,-0.0880176032472027,0.8965201043483646,0
1362,34,2,0,-0.19924761733538265,0.7246907881952931,0
1363,34,3,0,-0.31059014199803203,0.5565801648373137,0
1364,34,4,0,-0.4220464470403483,0.39209138422613554,0
1365,34,5,0,-0.533617705443141,0.23112553482223977,0
1366,34,6,0,-0.645304978618111,0.07358171251016872,0
1367,34,7,0,-0.7571092015727151,-0.08064290935135646,0
1368,34,8,0,-0.8690311680083673,-0.2316530087998866,0
1369,34,9,0,-0.9810715153757661,-0.3795550431153429,0
1370,34,10,0,-1.0932307099118574,-0.524457175697178,0
1371,34,11,0,-1.2055090316833663,-0.6664692020280527,0
1372,34,12,0,-1.3179065596621409,-0.8057024747795397,0
1373,34,13,0,-1.4304231568578143,-0.9422698281152826,0
1374,34,14,0,-1.5430584555338351,-1.0762855012473724,0
1375,34,15,0,-1.6558118425326793,-1.2078650613013242,0
1376,34,16,0,-1.768682444736813,-1.337125325545658,0
1377,34,17,0,-1.8816691146915567,-1.464184283041263,0
1378,34,18,0,-1.9947704164164493,-1.5891610157667533,0
1379,34,19,0,-2.1079846114315526,-1.712175619275237,0
1380,34,20,0,-2.221309645025113,-1.833349122938207,0
1381,34,21,0,-2.3347431327890886,-1.9528034098326184,0
1382,34,22,0,-2.4482823474484814,-2.070661136326615,0
1383,34,23,0,-2.5619242060107665,-2.1870456514198158,0
1384,34,24,0,-2.675665257261026,-2.3020809158940785,0
1385,34,25,0,-2.789501669628191,-2.4158914213304583,0
1386,34,26,0,-2.9034292194477054,-2.5286021090482844,0
1387,34,27,0,-3.0174432796448114,-2.640338289022133,0
1388,34,28,0,-3.1315388088633,-2.7512255588327363,0
1389,34,29,0,-3.2457103410625647,-2.86138972270757,0
1390,34,30,0,-3.3599519756068266,-2.970956710707111,0
1391,34,31,0,-3.474257367868345,-3.080052498112577,0
1392,34,32,0,-3.588619720366605,-3.1888030250711394,0
1393,34,33,0,-3.7030317744645065,-3.297334116554295,0
1394,34,34,0,-3.817485802641698,-3.4057714026854984,0
1395,34,35,0,-3.9319736013643296,-3.5142402394925245,0
1396,34,36,0,-4.046486484569934,-3.622865630140524,0
1397,34,37,0,-4.161015277784773,-3.7317721467013447,0
1398,34,38,0,-4.275550312890285,-3.8410838525146156,0
1399,34,39,0,-4.390081423554439,-3.950924225196164,0
1400,35,0,0,-0.05731428197072539,1.0511715595815463,0
1401,35,1,0,-0.1670406987321056,0.8764550989325823,0
1402,35,2,0,-0.276876267211631,0.7055543456156129,0
1403,35,3,0,-0.38682251125090367,0.5383745837974602,0
1404,35,4,0,-0.4968808722861821,0.3748189692279292,0
1405,35,5,0,-0.6070526948622775,0.21478859660669783,0
1406,35,6,0,-0.7173392120341123,0.05818256813194175,0
1407,35,7,0,-0.8277415306785607,-0.09510193682358092,0
1408,35,8,0,-0.9382606167394191,-0.2451695909636301,0
1409,35,9,0,-1.0488972804289456,-0.39212684730100955,0
1410,35,10,0,-1.159652161409895,-0.5360818664261934,0
1411,35,11,0,-1.2705257139824264,-0.67714444286656,0
1412,35,12,0,-1.3815181923004447,-0.8154259305908829,0
1413,35,13,0,-1.492629635642564,-0.951039167713699,0
1414,35,14,0,-1.6038598537629205,-1.0840984004542589,0
1415,35,15,0,-1.7152084123474738,-1.214719206404687,0
1416,35,16,0,-1.8266746186014478,-1.3430184171620767,0
1417,35,17,0,-1.9382575069937895,-1.4691140403792355,0
1418,35,18,0,-2.049955825184768,-1.5931251812887843,0
1419,35,19,0,-2.161768020162499,-1.7151719637554115,0
1420,35,20,0,-2.273692224614459,-1.83537545091083,0
1421,35,21,0,-2.385726243560004,-1.9538575654265924,0
1422,35,22,0,-2.4978675412694735,-2.0707410094790974,0
1423,35,23,0,-2.6101132284955315,-2.1861491844618914,0
1424,35,24,0,-2.7224600500422933,-2.3002061105000373,0
1425,35,25,0,-2.834904372696984,-2.413036345821359,0
1426,35,26,0,-2.947442173549086,-2.5247649060394406,0
1427,35,27,0,-3.060069028721231,-2.635517183403334,0
1428,35,28,0,-3.17278010253572,-2.745418866068907,0
1429,35,29,0,-3.285570137139938,-2.8545958574467387,0
1430,35,30,0,-3.398433442613676,-2.963174195681617,0
1431,35,31,0,-3.5113638875803446,-3.0712799733185965,0
1432,35,32,0,-3.6243548903437346,-3.1790392572106168,0
1433,35,33,0,-3.737399410571073,-3.286578008722808,0
1434,35,34,0,-3.8504899415426244,-3.3940220042884306,0
1435,35,35,0,-3.963618502986727,-3.5014967563714396,0
1436,35,36,0,-4.076776634519099,-3.6091274348907123,0
1437,35,37,0,-4.18995538970359,-3.717038789160966,0
1438,35,38,0,-4.303145330751032,-3.8253550704050756,0
1439,35,39,0,-4.416336523871949,-3.9341999548927378,0
1440,36,0,0,-0.13792995361890978,1.0307912178941838,0
1441,36,1,0,-0.24625851422749573,0.8569897499586493,0
1442,36,2,0,-0.35469419156514237,0.6870062040607013,0
1443,36,3,0,-0.4632386788235212,0.5207458727526761,0
1444,36,4,0,-0.5718935865842676,0.3581119209464081,0
1445,36,5,0,-0.6806604284796789,0.1990054529247951,0
1446,36,6,0,-0.7895406067421455,0.04332558052711015,0
1447,36,7,0,-0.8985353976644882,-0.10903050754544141,0
1448,36,8,0,-1.0076459369933948,-0.2581674753579086,0
1449,36,9,0,-1.1168732052788968,-0.40419176835685267,0
1450,36,10,0,-1.226218013203209,-0.5472115410267331,0
1451,36,11,0,-1.3356809869127826,-0.6873365836408616,0
1452,36,12,0,-1.4452625533775674,-0.8246782481609582,0
1453,36,13,0,-1.5549629258021267,-0.9593493733388634,0
1454,36,14,0,-1.664782089113303,-1.0914642090743205,0
1455,36,15,0,-1.774719785549463,-1.2211383400824998,0
1456,36,16,0,-1.8847755003765747,-1.348488608925074,0
1457,36,17,0,-1.9949484477563597,-1.4736330384585978,0
1458,36,18,0,-2.105237556792254,-1.5966907537539148,0
1459,36,19,0,-2.2156414577783305,-1.717781903540526,0
1460,36,20,0,-2.3261584686769003,-1.8370275812293313,0
1461,36,21,0,-2.4367865818503245,-1.954549745568124,0
1462,36,22,0,-2.5475234510720868,-2.0704711409829755,0
1463,36,23,0,-2.658366378842552,-2.1849152176598348,0
1464,36,24,0,-2.7693123040342704,-2.298006051419958,0
1465,36,25,0,-2.880357789891486,-2.4098682634432307,0
1466,36,26,0,-2.991499012408331,-2.5206269398930123,0
1467,36,27,0,-3.102731749109406,-2.630407551496815,0
1468,36,28,0,-3.214051368256914,-2.739335873136526,0
1469,36,29,0,-3.3254528185065415,-2.847537903502489,0
1470,36,30,0,-3.4369306190355617,-2.9551397848652,0
1471,36,31,0,-3.5484788501643916,-3.0622677230190627,0
1472,36,32,0,-3.6600911444934,-3.1690479074522258,0
1473,36,33,0,-3.771760678575313,-3.2756064317966267,0
1474,36,34,0,-3.883480165143464,-3.382069214612703,0
1475,36,35,0,-3.995241845914614,-3.488561920562759,0
1476,36,36,0,-4.107037484985002,-3.595209882027437,0
1477,36,37,0,-4.218858362836891,-3.7021380212194805,0
1478,36,38,0,-4.330695270972215,-3.809470772849019,0
1479,36,39,0,-4.442538507188906,-3.9173320073945828,0
1480,37,0,0,-0.2187405531759643,1.0110236758415814,0
1481,37,1,0,-0.32566595258519027,0.8381258839982176,0
1482,37,2,0,-0.4326964057417095,0.6690481499324848,0
1483,37,3,0,-0.5398337726766679,0.5036957779261888,0
1484,37,4,0,-0.6470798306146189,0.3419719453738701,0
1485,37,5,0,-0.7544362597823654,0.1837777694422491,0
1486,37,6,0,-0.8619046291078589,0.029012374895687452,0
1487,37,7,0,-0.9694863818304702,-0.12242703696530317,0
1488,37,8,0,-1.07718282104453,-0.270645118305683,0
1489,37,9,0,-1.184995095198383,-0.4157483037501788,0
1490,37,10,0,-1.2929241835717167,-0.5578447384236178,0
1491,37,11,0,-1.4009708817544715,-0.6970442050898156,0
1492,37,12,0,-1.509135787150898,-0.8334580504423443,0
1493,37,13,0,-1.617419284532602,-0.9671991105997351,0
1494,37,14,0,-1.7258215316649679,-1.0983816358582674,0
1495,37,15,0,-1.8343424450313273,-1.2271212147550614,0
1496,37,16,0,-1.9429816856796538,-1.3535346974944162,0
1497,37,17,0,-2.0517386452164676,-1.4777401187901127,0
1498,37,18,0,-2.1606124319731714,-1.599856620176661,0
1499,37,19,0,-2.269601857369625,-1.7200043718422664,0
1500,37,20,0,-2.378705422499927,-1.8383044940361613,0
1501,37,21,0,-2.4879213049657447,-1.954878978103465,0
1502,37,22,0,-2.597247345981661,-2.0698506072001654,0
1503,37,23,0,-2.7066810377775132,-2.183342876741113,0
1504,37,24,0,-2.8162195113223314,-2.2954799146340354,0
1505,37,25,0,-2.925859524393978,-2.406386401352474,0
1506,37,26,0,-3.0355974500186576,-2.516187489900522,0
1507,37,27,0,-3.145429265303846,-2.6250087257224934,0
1508,37,28,0,-3.25535054068812,-2.7329759666105926,0
1509,37,29,0,-3.365356429630173,-2.8402153026636845,0
1510,37,30,0,-3.47544165875996,-2.946852976350392,0
1511,37,31,0,-3.5856005185131594,-3.0530153027297438,0
1512,37,32,0,-3.695826854270395,-3.158828589882787,0
1513,37,33,0,-3.806114058021485,-3.2644190596084495,0
1514,37,34,0,-3.916455060574697,-3.369912768437161,0
1515,37,35,0,-4.026842324329777,-3.4754355290156944,0
1516,37,36,0,-4.137267836633216,-3.581112831916753,0
1517,37,37,0,-4.247723103732889,-3.687069767926924,0
1518,37,38,0,-4.358199145348886,-3.7934309508665116,0
1519,37,39,0,-4.468686489875765,-3.900320440994853,0
1520,38,0,0,-0.2997408565257217,0.9918707563987018,0
1521,38,1,0,-0.4052579023205782,0.8198652847407627,0
1522,38,2,0,-0.5108779110233488,0.6516819276757201,0
1523,38,3,0,-0.6166029069774214,0.4872260045152643,0
1524,38,4,0,-0.7224348315314933,0.32640070841358637,0
1525,38,5,0,-0.8283755289980154,0.16910717267811137,0
1526,38,6,0,-0.9344267325029443,0.01524453823840472,0
1527,38,7,0,-1.0405900497474394,-0.13528997777873875,0
1528,38,8,0,-1.146866948703014,-0.28260101242063596,0
1529,38,9,0,-1.2532587432617461,-0.4267949862784451,0
1530,38,10,0,-1.359766578863688,-0.567980031907485,0
1531,38,11,0,-1.4663914181244235,-0.7062659213502904,0
1532,38,12,0,-1.5731340264855065,-0.8417639928146363,0
1533,38,13,0,-1.679994957911332,-0.9745870765583947,0
1534,38,14,0,-1.7869745406561033,-1.1048494200334107,0
1535,38,15,0,-1.8940728631248342,-1.232666612340365,0
1536,38,16,0,-2.001289759852564,-1.3581555080465462,0
1537,38,17,0,-2.1086247976260437,-1.481434150418428,0
1538,38,18,0,-2.216077261772479,-1.602621694121107,0
1539,38,19,0,-2.323646142639765,-1.7218383274363889,0
1540,38,20,0,-2.43133012229265,-1.8392051940513094,0
1541,38,21,0,-2.5391275614497184,-1.954844314469292,0
1542,38,22,0,-2.6470364866851828,-2.0688785070955387,0
1543,38,23,0,-2.7550545779201254,-2.1814313090486923,0
1544,38,24,0,-2.8631791562272344,-2.2926268967507517,0
1545,38,25,0,-2.971407171972933,-2.402590006347275,0
1546,38,26,0,-3.0797351933206,-2.511445854009782,0
1547,38,27,0,-3.1881593951180434,-2.61932005617256,0
1548,38,28,0,-3.296675548192538,-2.7263385497560746,0
1549,38,29,0,-3.4052790090753144,-2.832627512429158,0
1550,38,30,0,-3.513964710178187,-2.9383132829623317,0
1551,38,31,0,-3.622727150443298,-3.0435222817246546,0
1552,38,32,0,-3.731560386487166,-3.148380931376675,0
1553,38,33,0,-3.8404580242592092,-3.253015577811868,0
1554,38,34,0,-3.9494132112344507,-3.3575524113994955,0
1555,38,35,0,-4.058418629159166,-3.4621173885813596,0
1556,38,36,0,-4.167466487367683,-3.566836153875406,0
1557,38,37,0,-4.276548516687652,-3.671833962339071,0
1558,38,38,0,-4.3856559639502,-3.77723560254522,0
1559,38,39,0,-4.4947795871206475,-3.8831653201237017,0
1560,39,0,0,-0.38092562533244134,0.9733342386259329,0
1561,39,1,0,-0.4850292379970265,0.8022096928826168,0
1562,39,2,0,-0.5892336950043241,0.6349092396698385,0
1563,39,3,0,-0.6935411824665934,0.4713382165856477,0
1564,39,4,0,-0.7979538033222173,0.31139983577682007,0
1565,39,5,0,-0.9024735634451122,0.1549952499041742,0
1566,39,6,0,-1.0071023576465945,0.0020236192584484297,0
1567,39,7,0,-1.111841955589996,-0.1476178200244733,0
1568,39,8,0,-1.2166939876388987,-0.2940336867009894,0
1569,39,9,0,-1.321659930659908,-0.43733038416101144,0
1570,39,10,0,-1.4267410938018912,-0.5776160292245381,0
1571,39,11,0,-1.5319386042735854,-0.7150003800449392,0
1572,39,12,0,-1.6372533931422562,-0.8495947631702964,0
1573,39,13,0,-1.742686181176011,-0.9815119998139811,0
1574,39,14,0,-1.8482374647531454,-1.1108663313857277,0
1575,39,15,0,-1.9539075018617822,-1.2377733443343313,0
1576,39,16,0,-2.059696298213479,-1.362349894353065,0
1577,39,17,0,-2.165603593494635,-1.484714029998769,0
1578,39,18,0,-2.27162884777958,-1.604984915775771,0
1579,39,19,0,-2.377771228129569,-1.723282754735649,0
1580,39,20,0,-2.4840295954013194,-1.8397287106434446,0
1581,39,21,0,-2.590402491289798,-1.954444829761879,0
1582,39,22,0,-2.696888125628618,-2.0675539623041383,0
1583,39,23,0,-2.8034843639723217,-2.179179683606186,0
1584,39,24,0,-2.910188715484196,-2.289446215070015,0
1585,39,25,0,-3.0169983211531517,-2.398478344928582,0
1586,39,26,0,-3.1239099423628973,-2.5064013488836605,0
1587,39,27,0,-3.230919949836363,-2.6133409106678185,0
1588,39,28,0,-3.338024312978176,-2.71942304258186,0
1589,39,29,0,-3.44521858963712,-2.8247740060590143,0
1590,39,30,0,-3.55249791631048,-2.9295202323073206,0
1591,39,31,0,-3.6598569988115766,-3.0337882430819,0
1592,39,32,0,-3.7672901034210167,-3.137704571638631,0
1593,39,33,0,-3.874791048541862,-3.241395683921092,0
1594,39,34,0,-3.9823531968782278,-3.3449879000326646,0
1595,39,35,0,-4.089969448155914,-3.4486073160457122,0
1596,39,36,0,-4.197632232403191,-3.5523797262000403,0
1597,39,37,0,-4.305333503809008,-3.656430545542734,0
1598,39,38,0,-4.413064735174901,-3.760884733061704,0
1599,39,39,0,-4.520816912976468,-3.8658667153653,0
