0,0,0,0,-3.976010542651148,-7.092533588552418,0
1,0,1,0,-3.820351918407892,-6.426026517998268,0
2,0,2,0,-3.6651051794101597,-5.757613736961685,0
3,0,3,0,-3.5103006964117482,-5.0873657413286235,0
4,0,4,0,-3.355968334161032,-4.415352926765866,0
5,0,5,0,-3.202137443457075,-3.741645541723727,0
6,0,6,0,-3.0488368536129324,-3.0663136412910537,0
7,0,7,0,-2.8960948653293137,-2.389427041949877,0
8,0,8,0,-2.7439392439817505,-1.7110552772749312,0
9,0,9,0,-2.5923972133236832,-1.0312675546183656,0
10,0,10,0,-2.4414954496079093,-0.3501327128200336,0
11,0,11,0,-2.2912600761278714,0.33228081902241313,0
12,0,12,0,-2.14171665818058,1.015905061689198,0
13,0,13,0,-1.9928901984517913,1.7006725248501895,0
14,0,14,0,-1.8448051328243034,2.3865162449257302,0
15,0,15,0,-1.697485326609466,3.0733698217707706,0
16,0,16,0,-1.5509540712018404,3.7611674541603644,0
17,0,17,0,-1.4052340811560229,4.449843974058728,0
18,0,18,0,-1.2603474916852508,5.139334879651722,0
19,0,19,0,-1.1163158565796736,5.829576367131755,0
20,0,20,0,-0.9731601465430789,6.520505361220485,0
21,0,21,0,-0.8309007479455252,7.212059544420928,0
22,0,22,0,-0.6895574619891836,7.904177384991423,0
23,0,23,0,-0.5491495042848694,8.596798163635393,0
24,0,24,0,-0.4096955048352001,9.289861998905034,0
25,0,25,0,-0.27121350842123104,9.983309871315518,0
26,0,26,0,-0.1337209753879395,10.677083646173175,0
27,0,27,0,0.002765217175805769,11.371126095117964,0
28,0,28,0,0.13822877386764437,12.065380916384326,0
29,0,29,0,0.2726539790177981,12.759792753787602,0
30,0,30,0,0.4060256943567288,13.45430721444227,0
31,0,31,0,0.5383293563098469,14.148870885219534,0
32,0,32,0,0.6695509729261324,14.843431347956402,0
33,0,33,0,0.7996771204469764,15.537937193424865,0
34,0,34,0,0.9286949395224684,16.2323380340746,0
35,0,35,0,1.0565921310822908,16.9265845155623,0
36,0,36,0,1.1833569518688705,17.620628327079654,0
37,0,37,0,1.3089782096409233,18.314422210497906,0
38,0,38,0,1.4334452580551398,19.00791996834066,0
39,0,39,0,1.5567479912350661,19.701076470603457,0
40,1,0,0,-3.707361720881015,-7.0457411605925895,0
41,1,1,0,-3.551957206371556,-6.378122121656297,0
42,1,2,0,-3.3969804745661234,-5.708618014493046,0
43,1,3,0,-3.2424618890280783,-5.037299644076262,0
44,1,4,0,-3.0884313017341407,-4.3642376989387,0
45,1,5,0,-2.934918045103409,-3.689502704164468,0
46,1,6,0,-2.781950924437578,-3.0131649752488574,0
47,1,7,0,-2.6295582107758078,-2.3352945728734986,0
48,1,8,0,-2.477767634167412,-1.6559612586416483,0
49,1,9,0,-2.326606377364875,-0.9752344518141077,0
50,1,10,0,-2.176101069939626,-0.2931831870856976,0
51,1,11,0,-2.026277782822188,0.39012392656337896,0
52,1,12,0,-1.8771620232685502,1.07461874590742,0
53,1,13,0,-1.7287787302534234,1.7602336323765704,0
54,1,14,0,-1.5811522702911631,2.4469014897930124,0
55,1,15,0,-1.4343064336847462,3.1345558009164205,0
56,1,16,0,-1.2882644312025153,3.823130662777191,0
57,1,17,0,-1.1430488911818488,4.512560820779619,0
58,1,18,0,-0.9986818570593576,5.202781701555484,0
59,1,19,0,-0.8551847853255443,5.893729444557356,0
60,1,20,0,-0.7125785439025608,6.585340932377034,0
61,1,21,0,-0.5708834109427293,7.277553819781486,0
62,1,22,0,-0.43011907404493815,7.970306561458853,0
63,1,23,0,-0.29030462988637334,8.663538438468906,0
64,1,24,0,-0.15145858426562306,9.357189583396499,0
65,1,25,0,-0.013598852553776167,10.051201004205065,0
66,1,26,0,0.12325723945100042,10.74551460679398,0
67,1,27,0,0.2590929542699582,11.440073216260403,0
68,1,28,0,0.3938921410961563,12.134820596870581,0
69,1,29,0,0.5276392337582565,12.829701470747683,0
70,1,30,0,0.6603192483015359,13.524661535283345,0
71,1,31,0,0.7919177801918713,14.219647479280669,0
72,1,32,0,0.9224210011495125,14.914606997841334,0
73,1,33,0,1.0518156556192038,15.609488806006151,0
74,1,34,0,1.1800890568837594,16.304242651162674,0
75,1,35,0,1.3072290828287123,16.998819324233448,0
76,1,36,0,1.4332241713655323,17.69317066965799,0
77,1,37,0,1.5580633155217893,18.387249594186073,0
78,1,38,0,1.6817360582062697,19.081010074495218,0
79,1,39,0,1.804232486657983,19.774407163651198,0
80,2,0,0,-3.4391782174000243,-6.9979746205465005,0
81,2,1,0,-3.284036163229057,-6.329254086144501,0
82,2,2,0,-3.1293376829676287,-5.6586693279189975,0
83,2,3,0,-2.975113129769541,-4.9862914566983685,0
84,2,4,0,-2.821392339657386,-4.312191450514694,0
85,2,5,0,-2.6682046235256216,-3.6364401075869486,0
86,2,6,0,-2.515578759558937,-2.9591080001874484,0
87,2,7,0,-2.363542986069573,-2.280265429439577,0
88,2,8,0,-2.212124994756697,-1.5999823810912157,0
89,2,9,0,-2.0613519243904506,-0.9183284823041394,0
90,2,10,0,-1.9112503549232833,-0.23537295949940348,0
91,2,11,0,-1.7618463020300756,0.4488154027074989,0
92,2,12,0,-1.6131652120790332,1.134168301447633,0
93,2,13,0,-1.4652319575340937,1.8206179543865069,0
94,2,14,0,-1.3180708327896087,2.508097137332489,0
95,2,15,0,-1.1717055504377614,3.196539220640152,0
96,2,16,0,-1.0261592379683866,3.8858782043876734,0
97,2,17,0,-0.8814544349005095,4.576048752310526,0
98,2,18,0,-0.7376130903450938,5.266986224472364,0
99,2,19,0,-0.5946565609969148,5.958626708662719,0
100,2,20,0,-0.4526056095543446,6.650907050507109,0
101,2,21,0,-0.3114804035645697,7.343764882282628,0
102,2,22,0,-0.1713005146913298,8.037138650431649,0
103,2,23,0,-0.032084918402710126,8.730967641768526,0
104,2,24,0,0.10614800592511495,9.42519200837831,0
105,2,25,0,0.24338047449156175,10.119752791204826,0
106,2,26,0,0.3795952981473017,10.814591942332441,0
107,2,27,0,0.514775881066589,11.50965234596261,0
108,2,28,0,0.6489062190210105,12.204877838090582,0
109,2,29,0,0.7819708972603946,12.900213224889683,0
110,2,30,0,0.9139550880067296,13.595604299811166,0
111,2,31,0,1.0448445475668473,14.290997859407522,0
112,2,32,0,1.1746256130709227,14.986341717892547,0
113,2,33,0,1.3032851988433936,15.681584720447946,0
114,2,34,0,1.4308107924135676,16.37667675529073,0
115,2,35,0,1.5571904501735194,17.071568764515288,0
116,2,36,0,1.68241279269116,17.766212753723924,0
117,2,37,0,1.8064669996867337,18.46056180046377,0
118,2,38,0,1.929342804681072,19.15457006148382,0
119,2,39,0,2.0510304893246145,19.84819277883085,0
120,3,0,0,-3.1714681381017256,-6.949239196832973,0
121,3,1,0,-3.016596874118513,-6.279427660659309,0
122,3,2,0,-2.8621848668890624,-5.607772944393715,0
123,3,3,0,-2.708262455933203,-4.934346461452878,0
124,3,4,0,-2.554859458133517,-4.2592194759692585,0
125,3,5,0,-2.402005159713726,-3.582463055766804,0
126,3,6,0,-2.2497283086365187,-2.9041480262362924,0
127,3,7,0,-2.098057107424521,-2.2243449251575345,0
128,3,8,0,-1.9470192064075487,-1.543123958513272,0
129,3,9,0,-1.7966416973989954,-0.8605549573344964,0
130,3,10,0,-1.6469511078037915,-0.17670733561724547,0
131,3,11,0,-1.4979733951597074,0.5083499506555107,0
132,3,12,0,-1.3497339421139203,1.1945484433531874,0
133,3,13,0,-1.202257551835655,1.8818202208689645,0
134,3,14,0,-1.0555684438657167,2.5700979355970475,0
135,3,15,0,-0.909690250403359,3.259314850190661,0
136,3,16,0,-0.764646013030301,3.9494048725800077,0
137,3,17,0,-0.6204581798710245,4.640302589732835,0
138,3,18,0,-0.47714860318903496,5.331943300138802,0
139,3,19,0,-0.33473853741696225,6.024263045007462,0
140,3,20,0,-0.19324863761919686,6.717198638166267,0
141,3,21,0,-0.05269895838464287,7.41068769465135,0
142,3,22,0,0.08689104685332814,8.10466865798468,0
143,3,23,0,0.22550252607227747,8.799080826132554,0
144,3,24,0,0.36311722849557754,9.49386437614508,0
145,3,25,0,0.49971750401012704,10.18896038747412,0
146,3,26,0,0.6352863021716353,10.884310863974822,0
147,3,27,0,0.7698071708021075,11.579858754591967,0
148,3,28,0,0.9032642541844058,12.275547972737145,0
149,3,29,0,1.0356422908597396,12.971323414364752,0
150,3,30,0,1.166926611033897,13.667130974754803,0
151,3,31,0,1.2971031335982388,14.36291756401172,0
152,3,32,0,1.4261583627725072,15.058631121292077,0
153,3,33,0,1.5540793843761211,15.75422062777226,0
154,3,34,0,1.680853861735428,16.44963611837029,0
155,3,35,0,1.8064700312346627,17.144828692236707,0
156,3,36,0,1.930916697518487,17.839750522028186,0
157,3,37,0,2.0541832283546784,18.534354861983257,0
158,3,38,0,2.1762595491652617,19.22859605481331,0
159,3,39,0,2.297136137235464,19.92242953742908,0
160,4,0,0,-2.9042395076277225,-6.899540142102727,0
161,4,1,0,-2.74964734205977,-6.228648117557619,0
162,4,2,0,-2.5955300056416584,-5.5559341531327,0
163,4,3,0,-2.441917821030232,-4.881469961533174,0
164,4,4,0,-2.288840582779538,-4.205327089561196,0
165,4,5,0,-2.136327549295847,-3.527576871086,0
166,4,6,0,-1.984407435216192,-2.8482903809299946,0
167,4,7,0,-1.833108404214292,-2.1675383897176452,0
168,4,8,0,-1.6824580622369907,-1.4853913197320419,0
169,4,9,0,-1.5324834511741263,-0.8019192018186283,0
170,4,10,0,-1.3832110429644053,-0.11719163337605883,0
171,4,11,0,-1.2346667341390563,0.5687222625324742,0
172,4,12,0,-1.0868758408052153,1.2557538769139343,0
173,4,13,0,-0.9398630940699204,1.9438351533971956,0
174,4,14,0,-0.793652635905626,2.632898625575927,0
175,4,15,0,-0.6482680154575984,3.322877453117849,0
176,4,16,0,-0.5037321857930913,4.013705456619672,0
177,4,17,0,-0.3600675010914891,4.705317151190903,0
178,4,18,0,-0.2172957142750451,5.397647778747814,0
179,4,19,0,-0.07543797507806378,6.09063333900792,0
180,4,20,0,0.06548517144667089,6.78421061917152,0
181,4,21,0,0.2054537859867184,7.478317222283695,0
182,4,22,0,0.3444485355970731,8.172891594270498,0
183,4,23,0,0.48245069389793227,8.867873049644887,0
184,4,24,0,0.6194421408474516,9.563201795882271,0
185,4,25,0,0.7554053620928698,10.258818956463886,0
186,4,26,0,0.8903234479046993,10.9546665925932,0
187,4,27,0,1.0241800916987713,11.650687723587417,0
188,4,28,0,1.1569595881510906,12.34682634595011,0
189,4,29,0,1.288646830911313,13.04302745113391,0
190,4,30,0,1.4192273099208919,13.73923704200161,0
191,4,31,0,1.548687108341916,14.435402147994951,0
192,4,32,0,1.677012899103778,15.131470839025296,0
193,4,33,0,1.8041919410746028,15.82739223809696,0
194,4,34,0,1.9302120748647869,16.52311653267846,0
195,4,35,0,2.055061718270761,17.218594984836848,0
196,4,36,0,2.1787298613667954,17.91377994014964,0
197,4,37,0,2.3012060612536804,18.608624835413583,0
198,4,38,0,2.422480436472681,19.303084205164865,0
199,4,39,0,2.542543661094243,19.997113687030904,0
200,5,0,0,-2.637500269227943,-6.84888273256632,0
201,5,1,0,-2.483195487831559,-6.176920751687089,0
202,5,2,0,-2.3293809954681333,-5.50315826474604,0
203,5,3,0,-2.1760870946986994,-4.827667280404693,0
204,5,4,0,-2.023343554558363,-4.150519624673508,0
205,5,5,0,-1.8711796024892529,-3.4717868938783476,0
206,5,6,0,-1.7196239167012592,-2.79154040855919,0
207,5,7,0,-1.5687046189640472,-2.1098511683479404,0
208,5,8,0,-1.4184492678340912,-1.4267898078698882,0
209,5,9,0,-1.268884852319286,-0.7424265537083761,0
210,5,10,0,-1.1200377859839592,-0.05683118247232291,0
211,5,11,0,-0.9719339014960772,0.6299270200002691,0
212,5,12,0,-0.8245984456186364,1.3177792982693468,0
213,5,13,0,-0.6780560746462463,2.0066574657218674,0
214,5,14,0,-0.5323308502876101,2.6964939417771188,0
215,5,15,0,-0.38744623599463857,3.3872217878437407,0
216,5,16,0,-0.2434250937378062,4.0787747420081795,0
217,5,17,0,-0.10028968122714811,4.771087252437998,0
218,5,18,0,0.041938350421585883,5.4640945094816376,0
219,5,19,0,0.18323795857765765,6.157732476455405,0
220,5,20,0,0.32358871054426946,6.851937919104589,0
221,5,21,0,0.46297078456812907,7.546648433732335,0
222,5,22,0,0.601364970412723,8.241802473990587,0
223,5,23,0,0.738752669497719,8.937339376329104,0
224,5,24,0,0.8751158946089144,9.63319938410249,0
225,5,25,0,1.0104372691820027,10.329323670334368,0
226,5,26,0,1.1447000261651188,11.025654359144024,0
227,5,27,0,1.2778880064648186,11.722134545838083,0
228,5,28,0,1.4099856569807099,12.418708315674017,0
229,5,29,0,1.5409780282344,13.11532076130445,0
230,5,30,0,1.6708507715991265,13.811917998911444,0
231,5,31,0,1.799590136136026,14.508447183040508,0
232,5,32,0,1.927182965044378,15.204856520148866,0
233,5,33,0,2.0536166917327336,15.901095280879524,0
234,5,34,0,2.178879335518595,16.59711381107674,0
235,5,35,0,2.302959496964721,17.292863541558713,0
236,5,36,0,2.4258463528600376,17.988296996662523,0
237,5,37,0,2.5475296508542082,18.68336780158095,0
238,5,38,0,2.6679997037542877,19.37803068850674,0
239,5,39,0,2.7872473834931872,20.072241501604605,0
240,6,0,0,-2.3712582846336323,-6.797272267328117,0
241,6,1,0,-2.217249149861543,-6.1242508797227435,0
242,6,2,0,-2.0637456494504476,-5.449450610578334,0
243,6,3,0,-1.910778062629666,-4.772943761148851,0
244,6,4,0,-1.7583761297237712,-4.094802433161858,0
245,6,5,0,-1.6065690440649762,-3.4150984817831214,0
246,6,6,0,-1.4553854443372387,-2.7339034695299556,0
247,6,7,0,-1.3048534073560079,-2.0512886211800416,0
248,6,8,0,-1.155000441286945,-1.3673247797202521,0
249,6,9,0,-1.0058534793067015,-0.6820823633746134,0
250,6,10,0,-0.8574388737083011,0.004368676248843808,0
251,6,11,0,-0.7097823904531589,0.6919588948594831,0
252,6,12,0,-0.5629092041717165,1.3806193950006378,0
253,6,13,0,-0.41684389361368784,2.0702818643527645,0
254,6,14,0,-0.27161043754877684,2.7608786127979474,0
255,6,15,0,-0.12723221111851776,3.45234260822131,0
256,6,16,0,0.016268017361064764,4.144607511029435,0
257,6,17,0,0.1588680891466386,4.837607707369452,0
258,6,18,0,0.3005464573649525,5.531278341030808,0
259,6,19,0,0.44128218886257164,6.225555344020834,0
260,6,20,0,0.5810549656092455,6.920375465801258,0
261,6,21,0,0.7198450856574098,7.615676301179884,0
262,6,22,0,0.8576334636607642,8.311396316851967,0
263,6,23,0,0.9944016309546359,9.007474876587716,0
264,6,24,0,1.1301317352023228,9.703852265066587,0
265,6,25,0,1.2648065396108965,10.400469710357434,0
266,6,26,0,1.3984094217214849,11.097269405050715,0
267,6,27,0,1.5309243717786394,11.794194526045745,0
268,6,28,0,1.6623359906841348,12.491189252999959,0
269,6,29,0,1.7926294875410596,13.188198785450101,0
270,6,30,0,1.9217906767944217,13.885169358614748,0
271,6,31,0,2.0498059749745194,14.582048257888363,0
272,6,32,0,2.1766623970504,15.278783832042327,0
273,6,33,0,2.3023475524005,15.97532550514445,0
274,6,34,0,2.426849640408214,16.67162378721368,0
275,6,35,0,2.5501574456905383,17.367630283626024,0
276,6,36,0,2.6722603329680497,18.063297703287297,0
277,6,37,0,2.7931482415852162,18.75857986559297,0
278,6,38,0,2.912811679689778,19.453431706191395,0
279,6,39,0,3.031241718080985,20.14780928157069,0
280,7,0,0,-2.10552133394379,-6.744714067726573,0
281,7,1,0,-1.9518160841299437,-6.070643839510459,0
282,7,2,0,-1.79863169743126,-5.39481654205581,0
283,7,3,0,-1.6459984265070895,-4.717304765814481,0
284,7,4,0,-1.4939459797795003,-4.03818088471094,0
285,7,5,0,-1.3425035133264773,-3.3575170091070365,0
286,7,6,0,-1.191699623210932,-2.6753849397319205,0
287,7,7,0,-1.0415623382494432,-1.9918561226241787,0
288,7,8,0,-0.8921191132241383,-1.3070016051301376,0
289,7,9,0,-0.7433968225409047,-0.620891992997845,0
290,7,10,0,-0.5954217543364783,0.06640259139416638,0
291,7,11,0,-0.44821960503654357,0.7548125496404625,0
292,7,12,0,-0.30181547436682626,1.4442688467116924,0
293,7,13,0,-0.1562338608182342,2.1347030491288286,0
294,7,14,0,-0.011498657566960982,2.826047361883596,0
295,7,15,0,0.1323668511498577,3.518234664080794,0
296,7,16,0,0.275339993203085,4.211198543283139,0
297,7,17,0,0.4173987112858862,4.904873328542504,0
298,7,18,0,0.5585215651737055,5.5991941220998465,0
299,7,19,0,0.6986877335320734,6.294096829745356,0
300,7,20,0,0.8378770152734915,6.989518189826366,0
301,7,21,0,0.9760698304660135,7.68539580089763,0
302,7,22,0,1.1132472207963917,8.381668148008796,0
303,7,23,0,1.2493908495905652,9.078274627626097,0
304,7,24,0,1.3844830013957772,9.775155571189238,0
305,7,25,0,1.51850658112776,10.472252267303084,0
306,7,26,0,1.6514451127881065,11.169506982570711,0
307,7,27,0,1.783282737756513,11.866862981071382,0
308,7,28,0,1.9140042126632992,12.564264542490905,0
309,7,29,0,2.0435949068481487,13.261656978914747,0
310,7,30,0,2.1720407994113318,13.958986650293793,0
311,7,31,0,2.299328475863835,14.65620097859353,0
312,7,32,0,2.4254451243838084,15.35324846064279,0
313,7,33,0,2.550378531686433,16.05007867969371,0
314,7,34,0,2.6741170785152115,16.7466423157105,0
315,7,35,0,2.7966497347629047,17.442891154403597,0
316,7,36,0,2.9179660542303867,18.13877809502503,0
317,7,37,0,3.0380561690328034,18.83425715694648,0
318,7,38,0,3.156910783661659,19.529283485035943,0
319,7,39,0,3.2745211687129006,20.223813353854926,0
320,8,0,0,-1.8402971155242525,-6.691213476680817,0
321,8,1,0,-1.6869039640858958,-6.016104989416941,0
322,8,2,0,-1.5340467859482154,-5.3392614300405485,0
323,8,3,0,-1.381755803960734,-4.6607556747767385,0
324,8,4,0,-1.2300606914512902,-3.9806603661987077,0
325,8,5,0,-1.0789905641016433,-3.2990478661944196,0
326,8,6,0,-0.928573972262788,-2.6159902099152017,0
327,8,7,0,-0.7788388937140818,-1.9315590607532829,0
328,8,8,0,-0.6298127268697745,-1.2458256663921523,0
329,8,9,0,-0.48152228443593287,-0.5588608159689049,0
330,8,10,0,-0.3339937875206512,0.12926520161238983,0
331,8,11,0,-0.1872528601994498,0.8184826381835183,0
332,8,12,0,-0.04132452453814007,1.508722325598679,0
333,8,13,0,0.10376680392593077,2.199915713776626,0
334,8,14,0,0.24799732024326318,2.8919949074736717,0
335,8,15,0,0.39134383365151065,3.5848927017636205,0
336,8,16,0,0.5337837707150239,4.2785426162054785,0
337,8,17,0,0.6752951780051496,4.972878927683042,0
338,8,18,0,0.8158567243218836,5.667836701899293,0
339,8,19,0,0.9554477024587112,6.363351823517119,0
340,8,20,0,1.0940480305122187,7.059361024934594,0
341,8,21,0,1.2316382527388179,7.7558019136896235,0
342,8,22,0,1.3681995399617217,8.452612998489284,0
343,8,23,0,1.5037136895308325,9.149733713861343,0
344,8,24,0,1.6381631248398885,9.847104443429156,0
345,8,25,0,1.7715308944044348,10.544666541810365,0
346,8,26,0,1.903800670505739,11.242362355146236,0
347,8,27,0,2.03495674740535,11.940135240265453,0
348,8,28,0,2.1649840391358977,12.637929582490889,0
349,8,29,0,2.2938680768740496,13.335690812099743,0
350,8,30,0,2.4215950059020397,14.033365419447565,0
351,8,31,0,2.548151582164262,14.73090096876788,0
352,8,32,0,2.6735251684263903,15.42824611066318,0
353,8,33,0,2.797703730044417,16.125350593300713,0
354,8,34,0,2.920675830351453,16.82216527233025,0
355,8,35,0,3.0424306256708813,17.518642119541063,0
356,8,36,0,3.16295785996415,18.214734230275283,0
357,8,37,0,3.282247859122714,18.91039582961884,0
358,8,38,0,3.400291524912986,19.60558227738668,0
359,8,39,0,3.5170803285843877,20.30025007192525,0
360,9,0,0,-1.575593245919251,-6.63677585804352,0
361,9,1,0,-1.4225203805765183,-5.960639707686666,0
362,9,2,0,-1.2699984781811282,-5.28279066419182,0
363,9,3,0,-1.118057728531984,-4.603301886103635,0
364,9,4,0,-0.9667277666720658,-3.922246281068732,0
365,9,5,0,-0.8160376647478672,-3.239696458805981,0
366,9,6,0,-0.6660159243125192,-2.5557246850760285,0
367,9,7,0,-0.5166904690768578,-1.870402836696412,0
368,9,8,0,-0.36808863811192527,-1.1838023576462569,0
369,9,9,0,-0.22023717950609356,-0.4959942162996117,0
370,9,10,0,-0.07316224447968159,0.19295113617387566,0
371,9,11,0,0.07311061804093956,0.8829638062082767,0
372,9,12,0,0.21855646638752152,1.5739744970084553,0
373,9,13,0,0.36315097065129165,2.265914546456986,0
374,9,14,0,0.5068704167206125,2.9587159637364953,0
375,9,15,0,0.6496917098541626,3.652311464643789,0
376,9,16,0,0.7915923777899307,4.346634505576805,0
377,9,17,0,0.9325505733905235,5.041619316178963,0
378,9,18,0,1.0725450768254003,5.737200930624129,0
379,9,19,0,1.2115552972919041,6.433315217534039,0
380,9,20,0,1.3495612742766092,7.129898908516894,0
381,9,21,0,1.4865436783594337,7.8268896253221225,0
382,9,22,0,1.6224838115636007,8.524225905607487,0
383,9,23,0,1.7573636072542171,9.221847227315802,0
384,9,24,0,1.8911656295898085,9.919694031663685,0
385,9,25,0,2.0238730725304355,10.617707744742516,0
386,9,26,0,2.1554697584075573,11.315830797739332,0
387,9,27,0,2.285940136060528,12.014006645782086,0
388,9,28,0,2.4152692785451304,12.712179785417684,0
389,9,29,0,2.543442880420421,13.410295770734526,0
390,9,30,0,2.6704472546202402,14.108301228139924,0
391,9,31,0,2.7962693289160128,14.806143869804965,0
392,9,32,0,2.9208966419783597,15.503772505793277,0
393,9,33,0,3.0443173390451106,16.20113705488724,0
394,9,34,0,3.166520167203611,16.89818855412981,0
395,9,35,0,3.287494470296008,17.594879167099606,0
396,9,36,0,3.407230183456048,18.291162190936895,0
397,9,37,0,3.525717827286884,18.98699206214253,0
398,9,38,0,3.642948501689017,19.682324361166906,0
399,9,39,0,3.7589138793485404,20.377115815812456,0
400,10,0,0,-1.3114172597757232,-6.5814065959605665,0
401,10,1,0,-1.1586728417887138,-5.904253391805742,0
402,10,2,0,-1.006494253911916,-5.225409652334877,0
403,10,3,0,-0.8549116496526827,-4.544948814930377,0
404,10,4,0,-0.7039546225801924,-3.862944048710617,0
405,10,5,0,-0.5536521981702985,-3.179468207506052,0
406,10,6,0,-0.4040328260980252,-2.494593783851605,0
407,10,7,0,-0.25512437298203067,-1.8083928640416074,0
408,10,8,0,-0.10695411558455506,-1.1209370842913464,0
409,10,9,0,0.04045126552980823,-0.43229758804380786,0
410,10,10,0,0.18706569187372685,0.2574550155395698,0
411,10,11,0,0.332863692452969,0.9482506918718902,0
412,10,12,0,0.47782040871626436,1.6400200199853374,0
413,10,13,0,0.6219115990380731,2.332694230299791,0
414,10,14,0,0.7651136427332691,3.0262052410912395,0
415,10,15,0,0.9074035436030556,3.7204856936365704,0
416,10,16,0,1.0487589330122498,4.415468986016318,0
417,10,17,0,1.1891580724985946,5.111089305560128,0
418,10,18,0,1.3285798559145632,5.8072816599183525,0
419,10,19,0,1.4670038111036006,6.503981906752385,0
420,10,20,0,1.6044101011123701,7.201126782032393,0
421,10,21,0,1.74077952494135,7.898653926938256,0
422,10,22,0,1.8760935178370781,8.596501913359901,0
423,10,23,0,2.010334151128645,9.294610267995184,0
424,10,24,0,2.143484131612981,9.992919495047738,0
425,10,25,0,2.275526800492552,10.69137109752588,0
426,10,26,0,2.406446131870633,11.38990759715046,0
427,10,27,0,2.5362267308091884,12.088472552876636,0
428,10,28,0,2.664853830954855,12.787010578038881,0
429,10,29,0,2.7923132917392506,13.485467356130643,0
430,10,30,0,2.918591595160217,14.183789655230663,0
431,10,31,0,3.0436758421505616,14.881925341088124,0
432,10,32,0,3.1675537485420837,15.579823388884035,0
433,10,33,0,3.2902136406323734,16.27743389368324,0
434,10,34,0,3.411644450362645,16.974708079595107,0
435,10,35,0,3.531835710115171,17.671598307661796,0
436,10,36,0,3.6507775471391453,18.368058082492098,0
437,10,37,0,3.7684606776145575,19.064042057663087,0
438,10,38,0,3.884876400363245,19.75950603990809,0
439,10,39,0,4.000016590217663,20.454406992114237,0
440,11,0,0,-1.0477766097793904,-6.525111094237153,0
441,11,1,0,-0.8953687732029585,-5.846951457872683,0
442,11,2,0,-0.7435415094967106,-5.16712381983715,0
443,11,3,0,-0.592324932636053,-4.485701892841419,0
444,11,4,0,-0.44174859152987606,-3.8027591038487154,0
445,11,5,0,-0.2918414618523993,-3.1183685470585,0
446,11,6,0,-0.14263193832663446,-2.43260293792375,0
447,11,7,0,0.005852172536271374,-1.745534568248141,0
448,11,8,0,0.15358365923807385,-1.0572352624066859,0
449,11,9,0,0.3005359116316279,-0.3677763347285943,0
450,11,10,0,0.44668292679324795,0.3227714519192716,0
451,11,11,0,0.5919993144271871,1.0143379263161545,0
452,11,12,0,0.7364603017998038,1.7068535478064708,0
453,11,13,0,0.8800417382025141,2.400249443926916,0
454,11,14,0,1.0227200989422605,3.094457446717661,0
455,11,15,0,1.1644724888589582,3.78941012769447,0
456,11,16,0,1.30527664536999,4.48504083146366,0
457,11,17,0,1.4451109410424559,5.1812837079648775,0
458,11,18,0,1.5839543856935,5.878073743325789,0
459,11,19,0,1.7217866280208818,6.575346789321167,0
460,11,20,0,1.858587956765134,7.27303959142589,0
461,11,21,0,1.9943393014059363,7.971089815457811,0
462,11,22,0,2.1290222323957577,8.669436072807184,0
463,11,23,0,2.2626189609336547,9.368017944251283,0
464,11,24,0,2.3951123382836212,10.066776002357047,0
465,11,25,0,2.526485854641291,10.765651832473315,0
466,11,26,0,2.6567236375541152,11.464588052321053,0
467,11,27,0,2.785810449900208,12.163528330187175,0
468,11,28,0,2.9137316874313446,12.862417401731443,0
469,11,29,0,3.040473375886486,13.561201085418956,0
470,11,30,0,3.166022167682417,14.25982629659013,0
471,11,31,0,3.2903653381883404,14.958241060181416,0
472,11,32,0,3.4134907815921194,15.656394522114711,0
473,11,33,0,3.535387006365892,16.35423695936971,0
474,11,34,0,3.656043130339342,17.051719788758952,0
475,11,35,0,3.7754488753894306,17.748795574424395,0
476,11,36,0,3.8935945617554504,18.44541803407361,0
477,11,37,0,4.010471101989093,19.141542043980042,0
478,11,38,0,4.126069994548998,19.837123642764414,0
479,11,39,0,4.240383317050249,20.532120033982903,0
480,12,0,0,-0.7846786666031892,-6.467894775710639,0
481,12,1,0,-0.6326155175594229,-5.788739339976403,0
482,12,2,0,-0.48114755785030716,-5.107938608991842,0
483,12,3,0,-0.33030485868017034,-4.425566567260483,0
484,12,4,0,-0.18011692111424787,-3.7416968959391252,0
485,12,5,0,-0.03061266789920696,-3.0564029258313252,0
486,12,6,0,0.11817956426088053,-2.3697575914318656,0
487,12,7,0,0.2662320319686785,-1.6818333860683143,0
488,12,8,0,0.41351759193413834,-0.9927023181832884,0
489,12,9,0,0.5600097073081368,-0.3024358687959478,0
490,12,10,0,0.7056824535461861,0.38889504981911394,0
491,12,11,0,0.8505105238000951,1.0812201342034868,0
492,12,12,0,0.9944692338352051,1.77446972850558,0
493,12,13,0,1.1375345264720806,2.468574861963055,0
494,12,14,0,1.2796829755516623,3.1634672850535117,0
495,12,15,0,1.4208917894229678,3.859079504290525,0
496,12,16,0,1.5611388139537552,4.555344815647277,0
497,12,17,0,1.7004025350645215,5.252197336593029,0
498,12,18,0,1.8386620807864573,5.949572036726981,0
499,12,19,0,1.9758972228453153,6.64740476700236,0
500,12,20,0,2.1120883777726656,7.345632287530607,0
501,12,21,0,2.2472166075471534,8.04419229396206,0
502,12,22,0,2.381263619768843,8.74302344244028,0
503,12,23,0,2.5142117673695865,9.442065373129065,0
504,12,24,0,2.6460440478638443,10.141258732315519,0
505,12,25,0,2.7767441021437858,10.84054519309109,0
506,12,26,0,2.9062962128239747,11.539867474619776,0
507,12,27,0,3.03468530214067,12.239169359999101,0
508,12,28,0,3.1618969294115273,12.938395712724578,0
509,12,29,0,3.2879172880620255,13.637492491769944,0
510,12,30,0,3.412733202225375,14.336406765296315,0
511,12,31,0,3.5363321229227025,15.035086723003587,0
512,12,32,0,3.6587021238314876,15.733481687142728,0
513,12,33,0,3.7798318966499624,16.431542122204185,0
514,12,34,0,3.899710746065927,17.12921964330198,0
515,12,35,0,4.018328584338846,17.826467023273594,0
516,12,36,0,4.135675925504287,18.523238198514402,0
517,12,37,0,4.251743879210458,19.219488273570626,0
518,12,38,0,4.366524144196563,19.91517352451022,0
519,12,39,0,4.48000900142337,20.61025140109626,0
520,13,0,0,-0.5221307188671379,-6.409763081630216,0
521,13,1,0,-0.37042033483569,-5.729622489581354,0
522,13,2,0,-0.2193196284423487,-5.047859478409219,0
523,13,3,0,-0.0688586248831696,-4.364548300848595,0
524,13,4,0,0.0809332257997857,-3.679762888575036,0
525,13,5,0,0.23002705690761355,-2.993576805210107,0
526,13,6,0,0.37839459281441123,-2.306063200394995,0
527,13,7,0,0.5260081562333156,-1.6172947649789164,0
528,13,8,0,0.672840675015011,-0.9273436873653467,0
529,13,9,0,0.8188656884753074,-0.23628161105477402,0
530,13,10,0,0.9640573532487091,0.4558204065782102,0
531,13,11,0,1.1083904486658689,1.1488919342416073,0
532,13,12,0,1.2518403816524963,1.8428632053850613,0
533,13,13,0,1.3943831911485571,2.5376651555346,0
534,13,14,0,1.535995552046711,3.233229458279443,0
535,13,15,0,1.676654778649236,3.929488559888635,0
536,13,16,0,1.8163388276435823,4.626375712539675,0
537,13,17,0,1.955026300597157,5.323825006145182,0
538,13,18,0,2.0926964459718214,6.021771398762059,0
539,13,19,0,2.229329160660123,6.720150745576703,0
540,13,20,0,2.3649049910448046,7.418899826456411,0
541,13,21,0,2.4994051335840757,8.117956372063743,0
542,13,22,0,2.6328114349259524,8.817259088531605,0
543,13,23,0,2.765106391554487,9.516747680698339,0
544,13,24,0,2.8962731489725,10.216362873906823,0
545,13,25,0,3.0262955004245153,10.91604643437001,0
546,13,26,0,3.15515788516545,11.615741188112292,0
547,13,27,0,3.282845386280021,12.315391038493482,0
548,13,28,0,3.4093437280588215,13.014940982325728,0
549,13,29,0,3.5346392729374165,13.714337124597186,0
550,13,30,0,3.658719018005264,14.413526691815408,0
551,13,31,0,3.781570591091466,15.112458043984637,0
552,13,32,0,3.9031822464353545,15.811080685236464,0
553,13,33,0,4.023542859949665,16.509345273129036,0
554,13,34,0,4.142641924084986,17.207203626635724,0
555,13,35,0,4.2604695423044765,17.904608732843528,0
556,13,36,0,4.377016423177832,18.601514752380364,0
557,13,37,0,4.492273874104718,19.29787702359672,0
558,13,38,0,4.606233794677094,19.993652065520468,0
559,13,39,0,4.718888669691573,20.68879757961141,0
560,14,0,0,-0.2601399731098251,-6.350721471043344,0
561,14,1,0,-0.10879040223609951,-5.669606374919849,0
562,14,2,0,0.04193513269488293,-4.986891902415442,0
563,14,3,0,0.1920066557298689,-4.30265257091,0
564,14,4,0,0.3413947710249836,-3.61696255890055,0
565,14,5,0,0.49007067104290286,-2.9298956590201835,0
566,14,6,0,0.6380061442867823,-2.2415252321431494,0
567,14,7,0,0.7851735825666198,-1.5519241626222622,0
568,14,8,0,0.9315459877941127,-0.8611648147016782,0
569,14,9,0,1.0770969783026016,-0.16931899014342605,0
570,14,10,0,1.2218007946890883,0.5235421128944737,0
571,14,11,0,1.3656323051759898,1.2173479396969513,0
572,14,12,0,1.508567010490325,1.9120286175163888,0
573,14,13,0,1.6505810482591265,2.607514992756359,0
574,14,14,0,1.7916511969199238,3.3037386667914914,0
575,14,15,0,1.9317548791456227,4.000632030401072,0
576,14,16,0,2.0708701647838206,4.698128296799333,0
577,14,17,0,2.2089757733113498,5.396161533248548,0
578,14,18,0,2.3460510758042306,6.094666691239751,0
579,14,19,0,2.4820760964253976,6.793579635235287,0
580,14,20,0,2.617031513431485,7.492837169963298,0
581,14,21,0,2.750898659701417,8.19237706626192,0
582,14,22,0,2.8836595227899484,8.892138085470684,0
583,14,23,0,3.0152967445090977,9.592060002369651,0
584,14,24,0,3.1457936200421743,10.292083626670118,0
585,14,25,0,3.2751340965940834,10.992150823060161,0
586,14,26,0,3.40330277158355,11.69220452981491,0
587,14,27,0,3.5302848903822714,12.392188775978642,0
588,14,28,0,3.6560663436070846,13.092048697129922,0
589,14,29,0,3.780633663971442,13.791730549743791,0
590,14,30,0,3.903974022703312,14.491181724164772,0
591,14,31,0,4.0260752255363705,15.190350756205449,0
592,14,32,0,4.14692570828267,15.889187337390544,0
593,14,33,0,4.266514531994801,16.587642323862312,0
594,14,34,0,4.384831377726063,17.285667743968983,0
595,14,35,0,4.501866540897973,17.98321680455677,0
596,14,36,0,4.617610925284117,18.680243895985498,0
597,14,37,0,4.732056036620772,19.376704595893923,0
598,14,38,0,4.845193975853823,20.072555671734115,0
599,14,39,0,4.957017432033053,20.7677550821018,0
600,15,0,0,0.0012864462286842843,-6.290775420189331,0
601,15,1,0,0.15226718580739138,-5.6086964803918455,0
602,15,2,0,0.30260966294703134,-4.925041370459227,0
603,15,3,0,0.45228395416834094,-4.23988486880643,0
604,15,4,0,0.601260720995476,-3.55330139703303,0
605,15,5,0,0.7495112181594044,-2.8653649729579294,0
606,15,6,0,0.897007301334289,-2.1761491647580327,0
607,15,7,0,1.0437214344024508,-1.4857270462570826,0
608,15,8,0,1.1896266962439963,-0.7941711534073925,0
609,15,9,0,1.3346967870475719,-0.10155344200285868,0
610,15,10,0,1.4789060341392568,0.5920547533393038,0
611,15,11,0,1.6222293973272317,1.2865827588966765,0
612,15,12,0,1.7646424737598292,1.9819606002286567,0
613,15,13,0,1.9061215022957851,2.678119039206122,0
614,15,14,0,2.0466433673855104,3.3749896096608745,0
615,15,15,0,2.1861856024626967,4.072504651633022,0
616,15,16,0,2.3247263928463093,4.770597344199295,0
617,15,17,0,2.4622445781536784,5.469201736868888,0
618,15,18,0,2.5987196542250106,6.168252779532185,0
619,15,19,0,2.734131774561613,6.867686350956542,0
620,15,20,0,2.868461751279109,7.5674392858201385,0
621,15,21,0,3.0016910555785143,8.267449400281718,0
622,15,22,0,3.1338018177382634,8.967655516084427,0
623,15,23,0,3.264776826630243,9.667997483194549,0
624,15,24,0,3.3945995287644988,10.36841620097959,0
625,15,25,0,3.5232540268664025,11.06885363792951,0
626,15,26,0,3.6507250779920226,11.769252849931352,0
627,15,27,0,3.7769980911866976,12.469557997105024,0
628,15,28,0,3.902059124692944,13.169714359212062,0
629,15,29,0,4.025894882714248,13.869668349651707,0
630,15,30,0,4.148492711741747,14.569367528059011,0
631,15,31,0,4.2698405964508375,15.268760611519838,0
632,15,32,0,4.389927155176045,15.96779748442376,0
633,15,33,0,4.508741634972185,16.666429206971056,0
634,15,34,0,4.6262739062705345,17.364608022355963,0
635,15,35,0,4.742514457139355,18.062287362647655,0
636,15,36,0,4.857454387158046,18.759421853389625,0
637,15,37,0,4.971085400915276,19.455967316943823,0
638,15,38,0,5.083399801140955,20.151880774599878,0
639,15,39,0,5.194390481483223,20.847120447476915,0
640,16,0,0,0.26214149681308463,-6.229930421899696,0
641,16,1,0,0.41274541762349787,-5.546898305971987,0
642,16,2,0,0.5626969830874259,-4.862313386526193,0
643,16,3,0,0.7119663254267332,-4.176250699379332,0
644,16,4,0,0.8605241666975936,-3.4887849054940094,0
645,16,5,0,1.0083418269982865,-2.79999024403082,0
646,16,6,0,1.155391232206312,-2.1099404865230467,0
647,16,7,0,1.301644921240263,-1.418708892219077,0
648,16,8,0,1.447076052842565,-0.7263681646357185,0
649,16,9,0,1.5916584118794783,-0.03299040936023564,0
650,16,10,0,1.7353664151553563,0.6613529068614662,0
651,16,11,0,1.8781751167386933,1.3565909957193083,0
652,16,12,0,2.0200602127976452,2.052653785585523,0
653,16,13,0,2.160998045943789,2.7494719583870384,0
654,16,14,0,2.300965609082874,3.4469769850813567,0
655,16,15,0,2.439940548771923,4.145101159714212,0
656,16,16,0,2.5779011680827506,4.84377763204241,0
657,16,17,0,2.714826428972542,5.542940438708936,0
658,16,18,0,2.850695954161892,6.2425245329557155,0
659,16,19,0,2.985490028522566,6.9424658128690195,0
660,16,20,0,3.1191895999763193,7.64270114814864,0
661,16,21,0,3.2517762799076415,8.34316840539914,0
662,16,22,0,3.383232343093589,9.0438064719421,0
663,16,23,0,3.5135407271537336,9.74455527815018,0
664,16,24,0,3.642685031525038,10.44535581830831,0
665,16,25,0,3.770649515965437,11.146150170006324,0
666,16,26,0,3.8974190985918655,11.846881512073479,0
667,16,27,0,4.022979353458002,12.5474941410635,0
668,16,28,0,4.147316507677723,13.247933486302435,0
669,16,29,0,4.2704174381009885,13.948146123514107,0
670,16,30,0,4.392269667549228,14.64807978703859,0
671,16,31,0,4.512861360617419,15.34768338065926,0
672,16,32,0,4.632181319051216,16.046906987059575,0
673,16,33,0,4.750218976707327,16.745701875927153,0
674,16,34,0,4.866964394105833,17.444020510727242,0
675,16,35,0,4.98240825258413,18.141816554167892,0
676,16,36,0,5.096541848061715,18.839044872378544,0
677,16,37,0,5.2093570844263715,19.53566153782813,0
678,16,38,0,5.320846466551691,20.231623831004825,0
679,16,39,0,5.431003092957313,20.92689024088458,0
680,17,0,0,0.5224182184081764,-6.16819198500567,0
681,17,1,0,0.672637364278938,-5.4842173666240965,0
682,17,2,0,0.8221901972357808,-4.79871346856103,0
683,17,3,0,0.9710469084241505,-4.1117555803804535,0
684,17,4,0,1.1191782835896886,-3.423418598648664,0
685,17,5,0,1.266555711288637,-2.7337769800066405,0
686,17,6,0,1.4131511906239196,-2.042904695382752,0
687,17,7,0,1.5589373385022314,-1.3508751853913312,0
688,17,8,0,1.703887396408177,-0.6577613169599816,0
689,17,9,0,1.8479752366919748,0.036364658776746335,0
690,17,10,0,1.991175368367417,0.7314311472798742,0
691,17,11,0,2.133462942417922,1.427367250074002,0
692,17,12,0,2.274813756608049,2.1241028028501407,0
693,17,13,0,2.41520425979935,2.821568412177816,0
694,17,14,0,2.5546115557693856,3.5196954908039486,0
695,17,15,0,2.69301340653303,4.2184162915174825,0
696,17,16,0,2.8303882351663923,4.9176639395633375,0
697,17,17,0,2.966715128133734,5.617372463592957,0
698,17,18,0,3.1019738371181105,6.317476825137644,0
699,17,19,0,3.2361447803576615,7.017912946599602,0
700,17,20,0,3.369209043489223,7.718617737752577,0
701,17,21,0,3.5011483799019394,8.419529120750703,0
702,17,22,0,3.6319452106041847,9.120586053644876,0
703,17,23,0,3.761582623606877,9.821728552408185,0
704,17,24,0,3.8900443728279,10.522897711475922,0
705,17,25,0,4.017314876521681,11.2240357228052,0
706,17,26,0,4.143379215239585,11.92508589346515,0
707,17,27,0,4.268223129326402,12.62599266176675,0
708,17,28,0,4.391833015959228,13.326701611945213,0
709,17,29,0,4.51419592573531,14.027159487410477,0
710,17,30,0,4.635299558816111,14.727314202581404,0
711,17,31,0,4.755132260634913,15.427114853320212,0
712,17,32,0,4.873683017176316,16.126511725988927,0
713,17,33,0,4.9909414498359705,16.82545630514545,0
714,17,34,0,5.1068978098694835,17.523901279902898,0
715,17,35,0,5.221542972440042,18.22180054897452,0
716,17,36,0,5.334868430274316,18.919109224426393,0
717,17,37,0,5.446866286937205,19.61578363416562,0
718,17,38,0,5.557529249735517,20.311781323185368,0
719,17,39,0,5.6668506222621815,21.007061053596114,0
720,18,0,0,0.7821097328634553,-6.105565633752837,0
721,18,1,0,0.9319361795450194,-5.420659191723306,0
722,18,2,0,1.081082492806239,-4.7342471478976735,0
723,18,3,0,1.2295189259331742,-4.046405041910637,0
724,18,4,0,1.3772163315111916,-3.3572080021540924,0
725,18,5,0,1.5241461696361982,-2.6667306988716937,0
726,18,6,0,1.6702805156477634,-1.9750472984118148,0
727,18,7,0,1.815592067379766,-1.2822314186846469,0
728,18,8,0,1.9600541519242534,-0.5883560858659331,0
729,18,9,0,2.103640731905144,0.10650630761488145,0
730,18,10,0,2.246326411258411,0.8022840437652857,0
731,18,11,0,2.3880864405165196,1.4989061183682273,0
732,18,12,0,2.5288967215945672,2.19630227893836,0
733,18,13,0,2.668733812076855,2.894403061270611,0
734,18,14,0,2.807574929002782,3.5931398245589246,0
735,18,15,0,2.945397952151202,4.292444785064428,0
736,18,16,0,3.082181426823485,4.9922510483169615,0
737,18,17,0,3.2179045661258625,5.692492639837613,0
738,18,18,0,3.3525472527514393,6.393104534368799,0
739,18,19,0,3.486090040264244,7.094022683607256,0
740,18,20,0,3.6185141538867014,7.795184042432191,0
741,18,21,0,3.749801490793396,8.496526593627811,0
742,18,22,0,3.879934619914398,9.19798937109975,0
743,18,23,0,4.008896781251244,9.899512481587731,0
744,18,24,0,4.136671884710549,10.60103712488027,0
745,18,25,0,4.263244508459035,11.302505612536905,0
746,18,26,0,4.388599896805933,12.003861385129794,0
747,18,27,0,4.512723957618085,12.705049028013999,0
748,18,28,0,4.635603259273955,13.406014285639998,0
749,18,29,0,4.75722502716339,14.10670407442463,0
750,18,30,0,4.877577139740394,14.807066494196667,0
751,18,31,0,4.996648124136256,15.507050838234157,0
752,18,32,0,5.1144271513416895,16.206607601915668,0
753,18,33,0,5.230904030966162,16.90568849000431,0
754,18,34,0,5.346069205583619,17.604246422588083,0
755,18,35,0,5.459913744674367,18.302235539699954,0
756,18,36,0,5.572429338172464,18.99961120464047,0
757,18,37,0,5.683608289629637,19.69633000603106,0
758,18,38,0,5.793443509005866,20.392349758620465,0
759,18,39,0,5.90192850509815,21.087629502873554,0
760,19,0,0,1.0412092440876428,-6.042056907222902,0
761,19,1,0,1.190635099854171,-5.356229324485481,0
762,19,2,0,1.339367140445255,-4.668919968697211,0
763,19,3,0,1.4873756844985704,-3.980204625866845,0
764,19,4,0,1.6346316545816852,-3.2901586524160407,0
765,19,5,0,1.7811065854021324,-2.5988569282980722,0
766,19,6,0,1.9267726315359706,-1.9063738112933788,0
767,19,7,0,2.0716025746700204,-1.2127830925275969,0
768,19,8,0,2.215569830353839,-0.5181579532543016,0
769,19,9,0,2.358648454257718,0.17742907705985667,0
770,19,10,0,2.5008131479335143,0.8739061613109875,0
771,19,11,0,2.642039264075979,1.5712021939641443,0
772,19,12,0,2.782302811281985,2.2692468388600253,0
773,19,13,0,2.9215804583064977,2.967970565596751,0
774,19,14,0,3.059849537813989,3.667304684465329,0
775,19,15,0,3.197088049624642,4.367181379917938,0
776,19,16,0,3.3332746634553816,5.067533742553583,0
777,19,17,0,3.4683887211564564,5.768295799609061,0
778,19,18,0,3.602410238443988,6.469402543942054,0
779,19,19,0,3.7353199061307403,7.170789961502387,0
780,19,20,0,3.867099090856632,7.872395057283808,0
781,19,21,0,3.9977298353219424,8.574155879756233,0
782,19,22,0,4.127194858026242,9.276011543778306,0
783,19,23,0,4.255477552516668,9.977902251993036,0
784,19,24,0,4.382561986149996,10.679769314713196,0
785,19,25,0,4.508432898372915,11.381555168301896,0
786,19,26,0,4.633075698525995,12.083203392061284,0
787,19,27,0,4.7564764631772,12.784658723638993,0
788,19,28,0,4.878621932990913,13.485867072966371,0
789,19,29,0,4.999499509139559,14.186775534745548,0
790,19,30,0,5.119097249265085,14.88733239950189,0
791,19,31,0,5.23740386299784,15.587487163219757,0
792,19,32,0,5.354408707041402,16.28719053558423,0
793,19,33,0,5.470101779831937,16.986394446848447,0
794,19,34,0,5.5844737157811615,17.68505205335057,0
795,19,35,0,5.697515779112761,18.383117741704513,0
796,19,36,0,5.809219857302007,19.080547131687982,0
797,19,37,0,5.919578454129446,19.77729707785661,0
798,19,38,0,6.028584682358992,20.47332566990707,0
799,19,39,0,6.136232256052188,21.16859223181951,0
800,20,0,0,1.2997100380127788,-5.977671358762651,0
801,20,1,0,1.4487274442460039,-5.290933321404455,0
802,20,2,0,1.5970374939591347,-4.602737487393884,0
803,20,3,0,1.7446105743457334,-3.9131598853977234,0
804,20,4,0,1.8914176810895083,-3.222276096054643,0
805,20,5,0,2.037430426571445,-2.5301612051201166,0
806,20,6,0,2.182621047591782,-1.8368897578069747,0
807,20,7,0,2.3269624126022097,-1.1425357143666581,0
808,20,8,0,2.47042802844409,-0.44717240695362404,0
809,20,9,0,2.6129920465891647,0.2491275021899339,0
810,20,10,0,2.7546292688793956,0.946292061192342,0
811,20,11,0,2.8953151527636196,1.6442500676234033,0
812,20,12,0,3.0350258160284356,2.3429311061483866,0
813,20,13,0,3.1737380410221214,3.042265584740127,0
814,20,14,0,3.311429278370314,3.7421847694277335,0
815,20,15,0,3.448077650182725,4.4426208175618065,0
816,20,16,0,3.583661952751045,5.143506809580683,0
817,20,17,0,3.718161658738652,5.844776779266289,0
818,20,18,0,3.851556918862698,6.546365742476684,0
819,20,19,0,3.9838285630706505,7.248209724351691,0
820,20,20,0,4.114958101213091,7.950245784984654,0
821,20,21,0,4.244927723215458,8.652412043560371,0
822,20,22,0,4.373720298752168,9.354647700959829,0
823,20,23,0,4.501319376426385,10.056893060834911,0
824,20,24,0,4.627709182460275,10.759089549160096,0
825,20,25,0,4.752874618899912,11.461179732267516,0
826,20,26,0,4.876801261340807,12.16310733337834,0
827,20,27,0,4.999475356179388,12.8648172476411,0
828,20,28,0,5.120883817397063,13.566255555691484,0
829,20,29,0,5.241014222883619,14.267369535751005,0
830,20,30,0,5.359854810307555,14.968107674282079,0
831,20,31,0,5.4773944725407855,15.668419675217798,0
832,20,32,0,5.593622752646539,16.368256467789674,0
833,20,33,0,5.708529838438972,17.067570212973944,0
834,20,34,0,5.8221065566238135,17.766314308580675,0
835,20,35,0,5.93434436652995,18.464443393010725,0
836,20,36,0,6.045235353441763,19.161913347705088,0
837,20,37,0,6.15477222154329,19.858681298315037,0
838,20,38,0,6.2629482864846455,20.554705614617976,0
839,20,39,0,6.36975746758258,21.24994590920901,0
840,21,0,0,1.557605482548632,-5.912414555420137,0
841,21,1,0,1.706206614303761,-5.224776751696703,0
842,21,2,0,1.8540869902319075,-4.535705272148974,0
843,21,3,0,2.001217069279406,-3.845276384367334,0
844,21,4,0,2.1475679233709606,-3.1535658893786565,0
845,21,5,0,2.293111245611912,-2.4606490748199397,0
846,21,6,0,2.437819358001777,-1.7666006693259189,0
847,21,7,0,2.5816652186545404,-1.0714947981761547,0
848,21,8,0,2.7246224285214242,-0.37540494024347415,0
849,21,9,0,2.8666652376125796,0.3215961137189152,0
850,21,10,0,3.0077685507142955,1.0194363014153274,0
851,21,11,0,3.147907932599443,1.7180443279404676,0
852,21,12,0,3.2870596127285556,2.417349703277739,0
853,21,13,0,3.4252004894402575,3.1172827783383936,0
854,21,14,0,3.562308133629861,3.8177747795204504,0
855,21,15,0,3.698360791915391,4.518757841767301,0
856,21,16,0,3.8333373892911626,5.220165040111281,0
857,21,17,0,3.9672175312695686,5.921930419690806,0
858,21,18,0,4.0999815055116,6.623989024228719,0
859,21,19,0,4.2316102829484015,7.326276922968648,0
860,21,20,0,4.362085518395396,8.028731236062944,0
861,21,21,0,4.491389550661961,8.731290158412364,0
862,21,22,0,4.619505402159973,9.433892981959177,0
863,21,23,0,4.746416778014599,10.13648011643675,0
864,21,24,0,4.872108064682277,10.838993108583704,0
865,21,25,0,4.99656432807993,11.541374659829076,0
866,21,26,0,5.1197713112316405,12.24356864246243,0
867,21,27,0,5.241715431438109,12.945520114299779,0
868,21,28,0,5.362383776975577,13.647175331860607,0
869,21,29,0,5.481764103331085,14.348481762073998,0
870,21,30,0,5.599844828981678,15.049388092531874,0
871,21,31,0,5.716615030725235,15.749844240308546,0
872,21,32,0,5.832064438571657,16.449801359370163,0
873,21,33,0,5.94618343020321,17.149211846595556,0
874,21,34,0,6.058963025013259,17.84802934643314,0
875,21,35,0,6.170394877733614,18.54620875422003,0
876,21,36,0,6.280471271660269,19.243706218187864,0
877,21,37,0,6.389185111488748,19.94047914018517,0
878,21,38,0,6.496529915769684,20.63648617514144,0
879,21,39,0,6.602499808996599,21.3316872293037,0
880,22,0,0,1.8148890275274394,-5.8462920773881475,0
881,22,1,0,1.9630660940811129,-5.157765196753652,0
882,22,2,0,2.110509149133667,-4.467828902312786,0
883,22,3,0,2.257188726572998,-3.776559696827298,0
884,22,4,0,2.403075977679957,-3.084033597868612,0
885,22,5,0,2.548142679323661,-2.390326091022104,0
886,22,6,0,2.692361241664762,-1.6955120843243037,0
887,22,7,0,2.8357047153619663,-0.9996658639780617,0
888,22,8,0,2.978146798277613,-0.30286105138779457,0
889,22,9,0,3.1196618416785733,0.3948294384484952,0
890,22,10,0,3.2602248559292466,1.0933334371539294,0
891,22,11,0,3.3998115156742137,1.7925795617645663,0
892,22,12,0,3.5383981645079743,2.492497252069129,0
893,22,13,0,3.6759618191305146,3.1930168064719973,0
894,22,14,0,3.8124801729874895,3.8940694163591276,0
895,22,15,0,3.94793159939426,4.59558719894681,0
896,22,16,0,4.082295154144008,5.297503228599058,0
897,22,17,0,4.215550577600494,5.999751566602544,0
898,22,18,0,4.347678296276083,6.702267289387173,0
899,22,19,0,4.478659423897318,7.404986515189574,0
900,22,20,0,4.608475761959644,8.107846429153215,0
901,22,21,0,4.737109799774213,8.810785306866327,0
902,22,22,0,4.864544714010336,9.51374253633919,0
903,22,23,0,4.990764367736702,10.216658638424928,0
904,22,24,0,5.1157533089666165,10.919475285691773,0
905,22,25,0,5.239496768711286,11.622135319754523,0
906,22,26,0,5.361980658547326,12.324582767079171,0
907,22,27,0,5.483191567704133,13.026762853272249,0
908,22,28,0,5.603116759677494,13.728622015870888,0
909,22,29,0,5.721744168376884,14.430107915652119,0
910,22,30,0,5.839062393813659,15.131169446480236,0
911,22,31,0,5.9550606973382205,15.831756743711624,0
912,22,32,0,6.069728996434881,16.531821191181788,0
913,22,33,0,6.1830578590833385,17.231315426796304,0
914,22,34,0,6.29503849769606,17.93019334675155,0
915,22,35,0,6.405662762641988,18.62841010841138,0
916,22,36,0,6.514923135366359,19.32592213186538,0
917,22,37,0,6.622812721118111,20.022687100199317,0
918,22,38,0,6.729325241295439,20.718663958503022,0
919,22,39,0,6.834455025421768,21.41381291164791,0
920,23,0,0,2.0715542046390905,-5.779309517454941,0
921,23,1,0,2.2192994500194403,-5.089904249601827,0
922,23,2,0,2.3662975734193274,-4.39911396789455,0
923,23,3,0,2.512519186848375,-3.7070154064974212,0
924,23,4,0,2.6579355240483116,-3.0136847956686394,0
925,23,5,0,2.8025184486793764,-2.3191978149974957,0
926,23,6,0,2.946240462011409,-1.6236295478934404,0
927,23,7,0,3.0890747101147427,-0.9270544373719054,0
928,23,8,0,3.230994990546714,-0.2295462431787912,0
929,23,9,0,3.371975758530149,0.4688219997098316,0
930,23,10,0,3.511992132620431,1.167978021176458,0
931,23,11,0,3.651019899858775,1.8678503546101175,0
932,23,12,0,3.789035520409169,2.5683683740842755,0
933,23,13,0,3.9260161316775997,3.26946233004086,0
934,23,14,0,4.0619395519124994,3.9710633834597555,0
935,23,15,0,4.196784283285594,4.673103638494492,0
936,23,16,0,4.330529514453267,5.375516173560038,0
937,23,17,0,4.463155122599327,6.078235070862091,0
938,23,18,0,4.594641674959511,6.781195444356324,0
939,23,19,0,4.724970429830147,7.484333466135246,0
940,23,20,0,4.854123337062714,8.187586391236948,0
941,23,21,0,4.98208303804712,8.890892580877328,0
942,23,22,0,5.108832865187313,9.594191524107828,0
943,23,23,0,5.234356840872588,10.297423857903313,0
944,23,24,0,5.358639675949564,11.00053138568882,0
945,23,25,0,5.481666767699248,11.703457094313023,0
946,23,26,0,5.603424197325243,12.40614516948328,0
947,23,27,0,5.723898726958748,13.108541009674488,0
948,23,28,0,5.843077796187101,13.810591238527925,0
949,23,29,0,5.960949518112949,14.512243715759702,0
950,23,30,0,6.077502674951788,15.213447546597836,0
951,23,31,0,6.192726713175682,15.914153089768327,0
952,23,32,0,6.3066117382122036,16.614311964055556,0
953,23,33,0,6.419148508707499,17.313877053459183,0
954,23,34,0,6.530328430362959,18.012802510974357,0
955,23,35,0,6.640143549355856,18.71104376102188,0
956,23,36,0,6.748586545354135,19.40855750055486,0
957,23,37,0,6.855650724136564,20.10530169887272,0
958,23,38,0,6.961330009829403,20.801235596169292,0
959,23,39,0,7.065618936771405,21.496319700846946,0
960,24,0,0,2.327594627357375,-5.711472480462267,0
961,24,1,0,2.474900330856262,-5.021199514370349,0
962,24,2,0,2.621445948618772,-4.329566069040387,0
963,24,3,0,2.7672021739470765,-3.636649106254626,0
964,24,4,0,2.91214032613751,-2.942525065087132,0
965,24,5,0,3.056232358656143,-2.247269815176232,0
966,24,6,0,3.199450866815666,-1.5509586112678357,0
967,24,7,0,3.341769094948817,-0.8536660490743114,0
968,24,8,0,3.4831609430740333,-0.15546602249082403,0
969,24,9,0,3.6236009730497116,0.5435683177945841,0
970,24,10,0,3.763064414213733,1.243364604260996,0
971,24,11,0,3.9015271685057655,1.9438512910557484,0
972,24,12,0,4.038965815069851,2.644957691007722,0
973,24,13,0,4.175357614335907,3.346614011129048,0
974,24,14,0,4.310680511579105,4.048751386585131,0
975,24,15,0,4.4449131399561645,4.751301913114009,0
976,24,16,0,4.578034823019001,5.454198677881093,0
977,24,17,0,4.710025576706227,6.157375788759417,0
978,24,18,0,4.840866110813245,6.860768402023991,0
979,24,19,0,4.9705378299431295,7.5643127484584225,0
980,24,20,0,5.099022833940189,8.267946157868632,0
981,24,21,0,5.226303917809069,8.971607082005654,0
982,24,22,0,5.3523645711229495,9.675235115899932,0
983,24,23,0,5.477188976924333,10.378771017612525,0
984,24,24,0,5.600762010123568,11.082156726412277,0
985,24,25,0,5.723069235399234,11.785335379387407,0
986,24,26,0,5.844096904606942,12.488251326507104,0
987,24,27,0,5.963831953701937,13.190850144145555,0
988,24,28,0,6.0822619991824585,13.893078647085789,0
989,24,29,0,6.199375334061065,14.594884899022954,0
990,24,30,0,6.315160923371613,15.296218221587148,0
991,24,31,0,6.429608399219972,15.997029201906544,0
992,24,32,0,6.542708055387379,16.6972696987371,0
993,24,33,0,6.654450841495679,17.39689284718125,0
994,24,34,0,6.764828356743845,18.095853062023423,0
995,24,35,0,6.873832843226388,18.79410603970968,0
996,24,36,0,6.981457178843722,19.491608758998538,0
997,24,37,0,7.087694869816246,20.188319480314842,0
998,24,38,0,7.192540042812796,20.88419774383357,0
999,24,39,0,7.295987436706093,21.57920436632696,0
1000,25,0,0,2.5830039908570464,-5.642786582770771,0
1001,25,1,0,2.7298624675245007,-4.9516566057663685,0
1002,25,2,0,2.8759480429177784,-4.259190815519384,0
1003,25,3,0,3.0212314947924197,-3.5654663976303276,0
1004,25,4,0,3.165684231081505,-2.8705599961061092,0
1005,25,5,0,3.3092782980583646,-2.174547666669847,0
1006,25,6,0,3.451986387997299,-1.4775048313607477,0
1007,25,7,0,3.5937818463275932,-0.7795062344686801,0
1008,25,8,0,3.734638678276529,-0.08062589984479558,0
1009,25,9,0,3.8745315549976636,0.6190629103751764,0
1010,25,10,0,4.013435819181087,1.3194877355995478,0
1011,25,11,0,4.151327490143204,2.0205769551320003,0
1012,25,12,0,4.288183268393395,2.722259825017189,0
1013,25,13,0,4.423980539676405,3.4244665133571988,0
1014,25,14,0,4.558697378489246,4.127128134078883,0
1015,25,15,0,4.692312551071805,4.830176779133499,0
1016,25,16,0,4.824805517871426,5.533545549115261,0
1017,25,17,0,4.956156435482262,6.23716858228893,0
1018,25,18,0,5.0863461580598495,6.940981082015875,0
1019,25,19,0,5.215356238213445,7.644919342576877,0
1020,25,20,0,5.343168927377729,8.348920773387183,0
1021,25,21,0,5.46976717566708,9.05292392160603,0
1022,25,22,0,5.5951346312157995,9.756868493143967,0
1023,25,23,0,5.71925563900798,10.460695372073406,0
1024,25,24,0,5.842115239202054,11.164346638452422,0
1025,25,25,0,5.963699164954443,11.867765584570536,0
1026,25,26,0,6.083993839748624,12.570896729632858,0
1027,25,27,0,6.202986374235366,13.273685832895415,0
1028,25,28,0,6.320664562590983,13.976079905269938,0
1029,25,29,0,6.437016878400913,14.678027219417919,0
1030,25,30,0,6.552032470076483,15.379477318355235,0
1031,25,31,0,6.665701155812864,16.080381022588245,0
1032,25,32,0,6.778013418097479,16.780690435808605,0
1033,25,33,0,6.888960397777852,17.480358949169972,0
1034,25,34,0,6.998533887698699,18.1793412441746,0
1035,25,35,0,7.10672632591884,18.877593294198622,0
1036,25,36,0,7.213530788518148,19.575072364682875,0
1037,25,37,0,7.318940982006275,20.271737012022673,0
1038,25,38,0,7.422951235344207,20.967547081183543,0
1039,25,39,0,7.525556491591035,21.662463702077265,0
1040,26,0,0,2.8377760719223812,-5.573257451732626,0
1041,26,1,0,2.9841796730434043,-4.881281148558098,0
1042,26,2,0,3.12979770703075,-4.187993826217537,0
1043,26,3,0,3.2746010392435263,-3.49347289031618,0
1044,26,4,0,3.418561169321514,-2.797795185899423,0
1045,26,5,0,3.561650239332865,-2.1010369508024693,0
1046,26,6,0,3.7038410414167546,-1.4032737703091493,0
1047,26,7,0,3.8451070249160413,-0.7045805331645356,0
1048,26,8,0,3.985422302995761,-0.005031388982633492,0
1049,26,9,0,4.124761658743709,0.6953002929145877,0
1050,26,10,0,4.263100550749695,1.3963419631915175,0
1051,26,11,0,4.400415118161169,2.0980219306975663,0
1052,26,12,0,4.536682185212534,2.800269399142213,0
1053,26,13,0,4.6718792652268935,3.5030145022229733,0
1054,26,14,0,4.805984564089145,4.20618833718697,0
1055,26,15,0,4.93897698318965,4.909722996807667,0
1056,26,16,0,5.07083612183864,5.613551599763811,0
1057,26,17,0,5.201542279152252,6.317608319411038,0
1058,26,18,0,5.331076455410758,7.021828410936114,0
1059,26,19,0,5.4594203528913505,7.72614823689245,0
1060,26,20,0,5.586556376177336,8.430505291112807,0
1061,26,21,0,5.712467631946892,9.134838221002017,0
1062,26,22,0,5.837137928244764,9.83908684821343,0
1063,26,23,0,5.960551773240736,10.543192187715253,0
1064,26,24,0,6.082694373479952,11.247096465256968,0
1065,26,25,0,6.203551631629463,11.95074313324562,0
1066,26,26,0,6.3231101437276065,12.654076885048555,0
1067,26,27,0,6.441357195941728,13.3570436677362,0
1068,26,28,0,6.558280760841469,14.059590693283614,0
1069,26,29,0,6.673869493194794,14.76166644825179,0
1070,26,30,0,6.788112725294841,15.463220701969682,0
1071,26,31,0,6.90100046182555,16.164204513239632,0
1072,26,32,0,7.012523374275547,16.8645702355932,0
1073,26,33,0,7.12267279490936,17.564271521121764,0
1074,26,34,0,7.231440710305719,18.263263322910582,0
1075,26,35,0,7.338819754473783,18.96150189610535,0
1076,26,36,0,7.444803201557579,19.658944797639556,0
1077,26,37,0,7.549384958140456,20.355550884655983,0
1078,26,38,0,7.652559555160765,21.051280311650682,0
1079,26,39,0,7.7543221394512205,21.74609452637408,0
1080,27,0,0,3.0919047288473207,-5.502890725171498,0
1081,27,1,0,3.237845842401088,-4.81007877706536,0
1082,27,2,0,3.38298887406516,-4.115980728639844,0
1083,27,3,0,3.527304779941197,-3.4206742016781315,0
1084,27,4,0,3.6707651544327717,-2.7242362383595182,0
1085,27,5,0,3.8133422383760416,-2.02674325465114,0
1086,27,6,0,3.9550089266622863,-1.3282709950281033,0
1087,27,7,0,4.095738775347276,-0.6288944885667572,0
1088,27,8,0,4.2355060082434495,0.07131199354807137,0
1089,27,9,0,4.374285522990911,0.7722749790655721,0
1090,27,10,0,4.512052896604094,1.4739218342260942,0
1091,27,11,0,4.648784390491546,2.176180801804458,0
1092,27,12,0,4.7844569549463385,2.8789810376112572,0
1093,27,13,0,4.919048233105806,3.582252645429456,0
1094,27,14,0,5.052536564379457,4.285926710366952,0
1095,27,15,0,5.18490098734441,4.989935330607259,0
1096,27,16,0,5.316121242108501,5.694211647545412,0
1097,27,17,0,5.446177772142005,6.398689874300437,0
1098,27,18,0,5.575051725578419,7.103305322594151,0
1099,27,19,0,5.702724955987007,7.807994427995971,0
1100,27,20,0,5.829180022618661,8.512694773529677,0
1101,27,21,0,5.954400190128473,9.217345111645795,0
1102,27,22,0,6.078369427778412,9.921885384563433,0
1103,27,23,0,6.201072408124025,10.626256742988625,0
1104,27,24,0,6.322494505190083,11.330401563219832,0
1105,27,25,0,6.442621792140005,12.034263462650783,0
1106,27,26,0,6.561441038445239,12.737787313687932,0
1107,27,27,0,6.678939706560675,13.440919256096992,0
1108,27,28,0,6.795105948112996,14.14360670779747,0
1109,27,29,0,6.909928599609391,14.845798374126941,0
1110,27,30,0,7.023397177674871,15.547444255597057,0
1111,27,31,0,7.135501873825991,16.248495654164124,0
1112,27,32,0,7.246233548790855,16.94890517804209,0
1113,27,33,0,7.3555837263841175,17.648626745083284,0
1114,27,34,0,7.463544586947561,18.347615584755932,0
1115,27,35,0,7.570108960366345,19.045828238748324,0
1116,27,36,0,7.675270318671875,19.743222560228663,0
1117,27,37,0,7.779022768243196,20.439757711794623,0
1118,27,38,0,7.881361041617742,21.135394162141868,0
1119,27,39,0,7.98228048892475,21.830093681486403,0
1120,28,0,0,3.3453839013271325,-5.431692050869887,0
1121,28,1,0,3.490854952428722,-4.73805513465804,0
1122,28,2,0,3.6355155593777857,-4.043157158420356,0
1123,28,3,0,3.779336772145648,-3.347075956278989,0
1124,28,4,0,3.9222902829433495,-2.6498887636331436,0
1125,28,5,0,4.064348434333246,-1.9516721705952262,0
1126,28,6,0,4.205484226829362,-1.252502076774742,0
1127,28,7,0,4.345671325981627,-0.5524536474546524,0
1128,28,8,0,4.484884068939674,0.14839872879916527,0
1129,28,9,0,4.623097470492648,0.8499814810592405,0
1130,28,10,0,4.760287228581435,1.5522218954538158,0
1131,28,11,0,4.89642972928107,2.2550481530517033,0
1132,28,12,0,5.031502051250676,2.958389366187084,0
1133,28,13,0,5.165481969649705,3.6621756132016063,0
1134,28,14,0,5.298347959519404,4.366337971584856,0
1135,28,15,0,5.430079198628709,5.070808549495718,0
1136,28,16,0,5.560655569784954,5.775520515652122,0
1137,28,17,0,5.690057662610128,6.480408127580859,0
1138,28,18,0,5.818266774783428,7.185406758217726,0
1139,28,19,0,5.945264912752571,7.890452920858027,0
1140,28,20,0,6.071034791915677,8.595484292454032,0
1141,28,21,0,6.195559836277012,9.300439735263199,0
1142,28,22,0,6.318824177580212,10.005259316852108,0
1143,28,23,0,6.4408126539225945,10.709884328462978,0
1144,28,24,0,6.561510807856148,11.414257301754493,0
1145,28,25,0,6.680904883979346,12.118322023927634,0
1146,28,26,0,6.798981826026742,12.822023551254043,0
1147,28,27,0,6.915729273461927,13.52530822102251,0
1148,28,28,0,7.031135557581165,14.228123661922664,0
1149,28,29,0,7.145189697135115,14.93041880288855,0
1150,28,30,0,7.257881393476914,15.632143880424676,0
1151,28,31,0,7.369201025244529,16.333250444437915,0
1152,28,32,0,7.479139642587391,17.03369136260412,0
1153,28,33,0,7.587688960946175,17.733420823294793,0
1154,28,34,0,7.694841354396056,18.43239433709454,0
1155,28,35,0,7.800589848564178,19.130568736939125,0
1156,28,36,0,7.904928113131955,19.827902176903816,0
1157,28,37,0,8.007850453934351,20.524354129677736,0
1158,28,38,0,8.10935180466714,21.2198853827527,0
1159,28,39,0,8.209427718215512,21.914458033363807,0
1160,29,0,0,3.5982076103424774,-5.3596670860637134,0
1161,29,1,0,3.7432010616672513,-4.665215873261944,0
1162,29,2,0,3.8873718604236123,-3.9695287588401786,0
1163,29,3,0,4.030691153567092,-3.272683785409117,0
1164,29,4,0,4.173130734145903,-2.5747583776654865,0
1165,29,5,0,4.314663049391252,-1.8758292958747647,0
1166,29,6,0,4.455261208293491,-1.1759725907213736,0
1167,29,7,0,4.5948989886591765,-0.4752635595706053,0
1168,29,8,0,4.733550843644793,0.2262232958170682,0
1169,29,9,0,4.871191907763383,0.9284143100834812,0
1170,29,10,0,5.007798002360736,1.6312366935473745,0
1171,29,11,0,5.143345640558703,2.334618569928084,0
1172,29,12,0,5.277812031663204,3.038489012490752,0
1173,29,13,0,5.411175085035525,3.7427780785909235,0
1174,29,14,0,5.543413413425919,4.447416842599899,0
1175,29,15,0,5.674506335768792,5.152337427193529,0
1176,29,16,0,5.804433879439808,5.85747303299263,0
1177,29,17,0,5.933176781975712,6.562757966546807,0
1178,29,18,0,6.0607164922576615,7.26812766665257,0
1179,29,19,0,6.1870351711605,7.973518729006188,0
1180,29,20,0,6.312115691669951,8.678868929188225,0
1181,29,21,0,6.435941638470961,9.384117243984335,0
1182,29,22,0,6.558497307010852,10.089203871047463,0
1183,29,23,0,6.679767702041109,10.794070246909111,0
1184,29,24,0,6.7997385356431606,11.49865906335185,0
1185,29,25,0,6.918396224742696,12.202914282154344,0
1186,29,26,0,7.0357278881192435,12.906781148227196,0
1187,29,27,0,7.151721342916821,13.610206201155384,0
1188,29,28,0,7.266365100663127,14.313137285167565,0
1189,29,29,0,7.379648362804478,15.015523557555337,0
1190,29,30,0,7.491561015765052,15.717315495565275,0
1191,29,31,0,7.602093625538588,16.418464901788795,0
1192,29,32,0,7.711237431822054,17.11892490807824,0
1193,29,33,0,7.818984341701124,17.818649978016357,0
1194,29,34,0,7.925326922896928,18.517595907969536,0
1195,29,35,0,8.030258396585657,19.21571982675602,0
1196,29,36,0,8.133772629801458,19.91298019395974,0
1197,29,37,0,8.235864127434647,20.609336796925007,0
1198,29,38,0,8.336528023836925,21.304750746462908,0
1199,29,39,0,8.435760074046348,21.999184471306048,0
1200,30,0,0,3.850369958035416,-5.286821496944165,0
1201,30,1,0,3.994878310226231,-4.591566652872459,0
1202,30,2,0,4.138551956596876,-3.895101180353443,0
1203,30,3,0,4.281362144188659,-3.197503326625582,0
1204,30,4,0,4.423280769902008,-2.498850701753121,0
1205,30,5,0,4.564280388563507,-1.799220232157878,0
1206,30,6,0,4.704334220475781,-1.0986881155381225,0
1207,30,7,0,4.843416158445421,-0.3973297772185636,0
1208,30,8,0,4.981500774284645,0.30478017202779817,0
1209,30,9,0,5.118563324783033,1.0075679766506875,0
1210,30,10,0,5.254579757145891,1.7109607754516754,0
1211,30,11,0,5.389526713896903,2.4148866391437456,0
1212,30,12,0,5.52338153724261,3.119274606314103,0
1213,30,13,0,5.656122272897312,3.8240547177682553,0
1214,30,14,0,5.787727673367499,4.529158049237047,0
1215,30,15,0,5.918177200695109,5.234516742429916,0
1216,30,16,0,6.047451028659827,5.940064034422649,0
1217,30,17,0,6.175530044441489,6.6457342853720025,0
1218,30,18,0,6.302395849743244,7.351463004548466,0
1219,30,19,0,6.4280307613780225,8.057186874688064,0
1220,30,20,0,6.552417811320322,8.762843774660663,0
1221,30,21,0,6.6755407462265355,9.468372800459706,0
1222,30,22,0,6.797384026427608,10.173714284519304,0
1223,30,23,0,6.917932824397918,10.878809813366692,0
1224,30,24,0,7.03717302270565,11.583602243622837,0
1225,30,25,0,7.155091211449429,12.288035716363096,0
1226,30,26,0,7.27167468518792,12.99205566985686,0
1227,30,27,0,7.386911439368344,13.6956088507024,0
1228,30,28,0,7.5007901662612975,14.398643323378188,0
1229,30,29,0,7.6133002504093925,15.10110847823384,0
1230,30,30,0,7.724431763598092,15.802955037945164,0
1231,30,31,0,7.834175459357206,16.50413506245762,0
1232,30,32,0,7.942522767002577,17.20460195244881,0
1233,30,33,0,8.049465785227616,17.90431045133674,0
1234,30,34,0,8.154997275254848,18.60321664586549,0
1235,30,35,0,8.25911065355853,19.30127796530005,0
1236,30,36,0,8.361799984169112,19.998453179261777,0
1237,30,37,0,8.46305997057189,20.69470239424034,0
1238,30,38,0,8.562885947211193,21.389987048813953,0
1239,30,39,0,8.661273870613394,22.0842699076148,0
1240,31,0,0,4.101865127578141,-5.213160958166915,0
1241,31,1,0,4.245880919635409,-4.517113141075663,0
1242,31,2,0,4.3890501090652645,-3.8198800801212496,0
1243,31,3,0,4.5313440460825305,-3.121540223299468,0
1244,31,4,0,4.672734734439767,-2.422171362105481,0
1245,31,5,0,4.813194839468828,-1.7218505851170933,0
1246,31,6,0,4.952697695602415,-1.0206542329847168,0
1247,31,7,0,5.091217313370873,-0.318657854872037,0
1248,31,8,0,5.228728385869945,0.3840638336121045,0
1249,31,9,0,5.365206294695708,1.0874369909554458,0
1250,31,10,0,5.5006271153434465,1.7913886887232078,0
1251,31,11,0,5.63496762206798,2.4958469489507498,0
1252,31,12,0,5.768205292203047,3.2007407799210053,0
1253,31,13,0,5.900318309938419,3.9060002103049913,0
1254,31,14,0,6.031285569553862,4.611556321647658,0
1255,31,15,0,6.161086678109048,5.317341279182312,0
1256,31,16,0,6.289701957590132,6.023288360962655,0
1257,31,17,0,6.417112446513618,6.729331985304924,0
1258,31,18,0,6.543299900988435,7.435407736532037,0
1259,31,19,0,6.668246795238858,8.141452389021056,0
1260,31,20,0,6.79193632159012,8.847403929551769,0
1261,31,21,0,6.9143523899202695,9.55320157796214,0
1262,31,22,0,7.035479626581843,10.258785806116748,0
1263,31,23,0,7.155303372797437,10.964098355196903,0
1264,31,24,0,7.273809682534551,11.669082251325978,0
1265,31,25,0,7.390985319864416,12.373681819542103,0
1266,31,26,0,7.506817755811688,13.077842696138031,0
1267,31,27,0,7.621295164700861,13.781511839384985,0
1268,31,28,0,7.734406420007106,14.484637538662197,0
1269,31,29,0,7.8461410897188975,15.187169422016376,0
1270,31,30,0,7.9564894312210175,15.88905846217558,0
1271,31,31,0,8.065442385706408,16.590256981043357,0
1272,31,32,0,8.172991572126572,17.29071865270378,0
1273,31,33,0,8.279129280690178,17.990398504964922,0
1274,31,34,0,8.383848465920153,18.689252919473628,0
1275,31,35,0,8.48714273928042,19.387239630433417,0
1276,31,36,0,8.58900636138325,20.084317721958055,0
1277,31,37,0,8.689434233789394,20.78044762409754,0
1278,31,38,0,8.788421890412813,21.475591107568533,0
1279,31,39,0,8.885965488543071,22.1697112772275,0
1280,32,0,0,4.352687383034439,-5.138691152368355,0
1281,32,1,0,4.496203192689349,-4.441861012577015,0
1282,32,2,0,4.6388606605970555,-3.7438711215533695,0
1283,32,3,0,4.780631243219318,-3.0448001241713585,0
1284,32,4,0,4.921487054144999,-2.3447259894147865,0
1285,32,5,0,5.061400872103884,-1.6437259640144257,0
1286,32,6,0,5.200346148457908,-0.9418765275115063,0
1287,32,7,0,5.338297014164809,-0.23925334879162163,0
1288,32,8,0,5.47522828621003,0.46406875587071966,0
1289,32,9,0,5.611115473503067,1.1680158632218736,0
1290,32,10,0,5.745934782235108,1.8725149818590034,0
1291,32,11,0,5.87966312069536,2.5774940894529297,0
1292,32,12,0,6.012278103543888,3.2828821683373253,0
1293,32,13,0,6.143758055539416,3.988609239442756,0
1294,32,14,0,6.274082014721458,4.694606394558186,0
1295,32,15,0,6.403229735045816,5.400805826903612,0
1296,32,16,0,6.531181688474148,6.10714086000313,0
1297,32,17,0,6.657919066518365,6.813545974851497,0
1298,32,18,0,6.783423781240714,7.51995683536645,0
1299,32,19,0,6.907678465712361,8.226310312128396,0
1300,32,20,0,7.030666473932226,8.93254450440615,0
1301,32,21,0,7.152371880209699,9.638598760474652,0
1302,32,22,0,7.272779478015043,10.344413696231273,0
1303,32,23,0,7.391874778301281,11.049931212120416,0
1304,32,24,0,7.509644007303319,11.755094508379916,0
1305,32,25,0,7.626074103818981,12.459848098622448,0
1306,32,26,0,7.741152715978669,13.164137821772114,0
1307,32,27,0,7.85486819751012,13.867910852373761,0
1308,32,28,0,7.9672096035053395,14.571115709297443,0
1309,32,29,0,8.078166685697708,15.273702262862583,0
1310,32,30,0,8.187729887257747,15.975621740407693,0
1311,32,31,0,8.295890337115928,16.676826730331296,0
1312,32,32,0,8.402639843822524,17.377271184636182,0
1313,32,33,0,8.507970888954238,18.076910420004804,0
1314,32,34,0,8.611876620077803,18.775701117439606,0
1315,32,35,0,8.714350843282006,19.47360132050067,0
1316,32,36,0,8.815388015289042,20.17057043217402,0
1317,32,37,0,8.914983235157566,20.866569210408443,0
1318,32,38,0,9.013132235589309,21.56155976235267,0
1319,32,39,0,9.109831373852442,22.255505537333214,0
1320,33,0,0,4.602831069213999,-5.06341776968928,0
1321,33,1,0,4.745839513284962,-4.365815948737611,0
1322,33,2,0,4.887978035381504,-3.6670799738578457,0
1323,33,3,0,5.0292182012708375,-2.9672886829150547,0
1324,33,4,0,5.169532237345895,-2.2665202184345876,0
1325,33,5,0,5.3088930386093605,-1.5648519812954156,0
1326,33,6,0,5.447274176132419,-0.8623605858695991,0
1327,33,7,0,5.5846499039832285,-0.1591218166520173,0
1328,33,8,0,5.720995165621107,0.5447894135798187,0
1329,33,9,0,5.85628559975245,1.2492991040409214,0
1330,33,10,0,5.990497545645349,1.9543342046150007,0
1331,33,11,0,6.123608047900371,2.659822652904741,0
1332,33,12,0,6.255594860675199,3.3656934096298157,0
1333,33,13,0,6.386436451361799,4.071876492351574,0
1334,33,14,0,6.516112003715321,4.7783030075071355,0
1335,33,15,0,6.644601420433975,5.484905180737252,0
1336,33,16,0,6.771885325190498,6.191616385497275,0
1337,33,17,0,6.897945064116033,6.898371169945005,0
1338,33,18,0,7.022762706737471,7.605105282097907,0
1339,33,19,0,7.14632104637076,8.311755693261976,0
1340,33,20,0,7.268603599972404,9.018260619731201,0
1341,33,21,0,7.389594607452635,9.724559542764268,0
1342,33,22,0,7.509279030453837,10.430593226845607,0
1343,33,23,0,7.627642550598815,11.13630373624086,0
1344,33,24,0,7.744671567213821,11.84163444986117,0
1345,33,25,0,7.86035319453177,12.546530074449839,0
1346,33,26,0,7.974675258382108,13.250936656112339,0
1347,33,27,0,8.087626292373955,13.954801590207627,0
1348,33,28,0,8.199195533579491,14.658073629624063,0
1349,33,29,0,8.309372917726215,15.360702891465126,0
1350,33,30,0,8.418149073905685,16.06264086217131,0
1351,33,31,0,8.525515318808248,16.763840401104655,0
1352,33,32,0,8.631463650493096,17.464255742628747,0
1353,33,33,0,8.73598674170383,18.16384249671289,0
1354,33,34,0,8.839077932739574,18.862557648094313,0
1355,33,35,0,8.940731223893534,19.56035955403267,0
1356,33,36,0,9.040941267469528,20.257207940689717,0
1357,33,37,0,9.139703359389419,20.953063898173596,0
1358,33,38,0,9.237013430402998,21.64788987427989,0
1359,33,39,0,9.33286803691399,22.34164966697092,0
1360,34,0,0,4.852290611520034,-4.987346507305567,0
1361,34,1,0,4.9947843462526,-4.288983637117896,0
1362,34,2,0,5.13639673884297,-3.589512311598446,0
1363,34,3,0,5.277099467406763,-2.8890115577093747,0
1364,34,4,0,5.416864874091882,-2.1875596875666505,0
1365,34,5,0,5.5556659730306075,-1.4852342521917952,0
1366,34,6,0,5.693476457763694,-0.7821119967300916,0
1367,34,7,0,5.830270708131752,-0.07826881717846182,0
1368,34,8,0,5.9660237966297,0.6262202813367502,0
1369,34,9,0,6.100711494220435,1.3312812246975774,0
1370,34,10,0,6.234310275604777,2.036840908314147,0
1371,34,11,0,6.366797323944927,2.7428272339995914,0
1372,34,12,0,6.4981505350395015,3.4491691451739963,0
1373,34,13,0,6.6283485209485296,4.155796660376715,0
1374,34,14,0,6.757370613067881,4.862640905070332,0
1375,34,15,0,6.885196864652268,5.569634141720422,0
1376,34,16,0,7.011808052787481,6.276709798141601,0
1377,34,17,0,7.137185679812894,6.983802494103421,0
1378,34,18,0,7.261311974195002,7.690848066189411,0
1379,34,19,0,7.384169890854925,8.39778359091188,0
1380,34,20,0,7.505743110951812,9.104547406081988,0
1381,34,21,0,7.62601604112591,9.811079130442126,0
1382,34,22,0,7.744973812204919,10.517319681568397,0
1383,34,23,0,7.862602277377949,11.223211292053833,0
1384,34,24,0,7.978888009842743,11.928697523987164,0
1385,34,25,0,8.093818299930806,12.633723281741455,0
1386,34,26,0,8.207381151717716,13.338234823094183,0
1387,34,27,0,8.31956527912477,14.04217976869731,0
1388,34,28,0,8.430360101519504,14.745507109921386,0
1389,34,29,0,8.539755738823072,15.44816721509938,0
1390,34,30,0,8.64774300613311,16.150111834197507,0
1391,34,31,0,8.754313407870812,16.85129410194015,0
1392,34,32,0,8.859459131462165,17.551668539422334,0
1393,34,33,0,8.963173040563307,18.251191054239296,0
1394,34,34,0,9.06544866784046,18.949818939167713,0
1395,34,35,0,9.166280207315952,19.647510869433386,0
1396,34,36,0,9.265662506291463,20.344226898599647,0
1397,34,37,0,9.363591056861134,21.03992845311554,0
1398,34,38,0,9.460061987026402,21.734578325558225,0
1399,34,39,0,9.555072051426073,22.428140666610147,0
1400,35,0,0,5.101060515790452,-4.910483068965931,0
1401,35,1,0,5.243032237180853,-4.211369771028648,0
1402,35,2,0,5.384111357448902,-3.5111738142595748,0
1403,35,3,0,5.524269670085453,-2.809974410817857,0
1404,35,4,0,5.663479635926849,-2.10785003845603,0
1405,35,5,0,5.801714391072811,-1.4048783943327956,0
1406,35,6,0,5.938947754273875,-0.7011363503121464,0
1407,35,7,0,6.0751542337836115,0.0033000902077372036,0
1408,35,8,0,6.210309033671395,0.7083558338962701,0
1409,35,9,0,6.344388059592091,1.4139567374882442,0
1410,35,10,0,6.477367924009399,2.1200296461443093,0
1411,35,11,0,6.609225950870576,2.826502430147673,0
1412,35,12,0,6.739940179730142,3.5333040199112027,0
1413,35,13,0,6.869489369321412,4.240364439274569,0
1414,35,14,0,6.9978530005750565,4.94761483707484,0
1415,35,15,0,7.1250112790840605,5.654987516975519,0
1416,35,16,0,7.250945137015681,6.362415965544365,0
1417,35,17,0,7.375636234471484,7.069834878574425,0
1418,35,18,0,7.499066960296395,7.777180185641763,0
1419,35,19,0,7.621220432339504,8.484389072903072,0
1420,35,20,0,7.742080497168948,9.191400004133198,0
1421,35,21,0,7.861631729244241,9.898152740010008,0
1422,35,22,0,7.979859429550228,10.60458835565522,0
1423,35,23,0,8.096749623696667,11.310649256441996,0
1424,35,24,0,8.212289059489287,12.01627919208506,0
1425,35,25,0,8.32646520397704,12.721423269028158,0
1426,35,26,0,8.439266239982967,13.426027961150773,0
1427,35,27,0,8.550681062124626,14.130041118813988,0
1428,35,28,0,8.660699272332032,14.833411976269302,0
1429,35,29,0,8.769311174870918,15.536091157457541,0
1430,35,30,0,8.87650777088021,16.238030680225336,0
1431,35,31,0,8.982280752432246,16.939183958987243,0
1432,35,32,0,9.086622496126099,17.63950580586765,0
1433,35,33,0,9.189526056223812,18.33895243035247,0
1434,35,34,0,9.290985157340112,19.037481437486196,0
1435,35,35,0,9.390994186697396,19.735051824650114,0
1436,35,36,0,9.489548185956886,20.43162397695587,0
1437,35,37,0,9.586642842638907,21.127159661295067,0
1438,35,38,0,9.682274481144228,21.821622019079623,0
1439,35,39,0,9.776440053390012,22.514975557714354,0
1440,36,0,0,5.34913536813248,-4.832833164536919,0
1441,36,1,0,5.490577812234983,-4.132980049089524,0
1442,36,2,0,5.631116558511736,-3.432070165819168,0
1443,36,3,0,5.770723518838894,-2.730182908176589,0
1444,36,4,0,5.909371275656672,-2.02739691559474,0
1445,36,5,0,6.047033089850792,-1.3237900273650545,0
1446,36,6,0,6.183682908101138,-0.6194392380200828,0
1447,36,7,0,6.319295369692779,0.08557934573424963,0
1448,36,8,0,6.453845812785186,0.7911905464971867,0
1449,36,9,0,6.58731028013598,1.497320156028284,0
1450,36,10,0,6.719665524276095,2.2038949734459505,0
1451,36,11,0,6.850889012133966,2.9108428417431846,0
1452,36,12,0,6.980958929106507,3.6180926825949276,0
1453,36,13,0,7.109854182575667,4.325574529437185,0
1454,36,14,0,7.237554404869887,5.033219558801432,0
1455,36,15,0,7.364039955669773,5.7409601198898494,0
1456,36,16,0,7.489291923858735,6.448729762382019,0
1457,36,17,0,7.6132921288196185,7.156463262468065,0
1458,36,18,0,7.7360231211783415,7.864096647101991,0
1459,36,19,0,7.857468182997412,8.57156721647904,0
1460,36,20,0,7.97761132742159,9.278813564737588,0
1461,36,21,0,8.096437297779136,9.985775598893436,0
1462,36,22,0,8.213931566142973,10.692394556015747,0
1463,36,23,0,8.330080331355665,11.398613018655979,0
1464,36,24,0,8.444870516524281,12.10437492854622,0
1465,36,25,0,8.558289765989834,12.80962559858215,0
1466,36,26,0,8.670326441778803,13.514311723113618,0
1467,36,27,0,8.78096961954278,14.218381386562664,0
1468,36,28,0,8.890209083994142,14.92178407039429,0
1469,36,29,0,8.99803532384589,15.624470658467217,0
1470,36,30,0,9.104439526264281,16.32639344079286,0
1471,36,31,0,9.209413570843145,17.02750611573169,0
1472,36,32,0,9.31295002311014,17.72776379066126,0
1473,36,33,0,9.415042127574985,18.427122981147214,0
1474,36,34,0,9.515683800330141,19.125541608653304,0
1475,36,35,0,9.61486962121599,19.822978996826716,0
1476,36,36,0,9.71259482556133,20.51939586639424,0
1477,36,37,0,9.808855295512416,21.21475432871034,0
1478,36,38,0,9.903647550962354,21.909017877992596,0
1479,36,39,0,9.996968740094694,22.602151382286813,0
1480,37,0,0,5.5965098347514655,-4.75440250955469,0
1481,37,1,0,5.737415777969856,-4.053820174794737,0
1482,37,2,0,5.877407089985447,-3.3522070543289053,0
1483,37,3,0,6.016455804052532,-2.649642718989721,0
1484,37,4,0,6.154534627112005,-1.946205965933196,0
1485,37,5,0,6.291616947634312,-1.2419747725809815,0
1486,37,6,0,6.427676842927133,-0.5370262520890768,0
1487,37,7,0,6.562689085903217,0.16856338961393813,0
1488,37,8,0,6.696629151304048,0.8747188951797201,0
1489,37,9,0,6.829473221375898,1.581365995549907,0
1490,37,10,0,6.961198190995019,2.288431447990043,0
1491,37,11,0,7.09178167223966,2.9958430724215224,0
1492,37,12,0,7.221201998406844,3.7035297860265564,0
1493,37,13,0,7.3494382274725085,4.411421636106211,0
1494,37,14,0,7.476470144994534,5.119449831175941,0
1495,37,15,0,7.602278266458017,5.827546770283972,0
1496,37,16,0,7.726843839063428,6.5356460705440265,0
1497,37,17,0,7.8501488429589745,7.243682592877516,0
1498,37,18,0,7.972175991918053,7.951592465959557,0
1499,37,19,0,8.092908733464718,8.659313108373052,0
1500,37,20,0,8.212331248449505,9.366783248971869,0
1501,37,21,0,8.330428450079319,10.07394294546163,0
1502,37,22,0,8.447185982405328,10.78073360120754,0
1503,37,23,0,8.562590218273302,11.487097980281725,0
1504,37,24,0,8.676628256742147,12.192980220766648,0
1505,37,25,0,8.789287919975688,12.89832584633057,0
1506,37,26,0,8.900557749615,13.603081776098774,0
1507,37,27,0,9.01042700263761,14.30719633284094,0
1508,37,28,0,9.118885646711503,15.010619249500662,0
1509,37,29,0,9.22592435505195,15.713301674094959,0
1510,37,30,0,9.33153450079017,16.415196173012966,0
1511,37,31,0,9.435708150862547,17.116256732743324,0
1512,37,32,0,9.538438059430865,17.816438760065513,0
1513,37,33,0,9.639717660843505,18.51569908073724,0
1514,37,34,0,9.739541062148465,19.21399593671438,0
1515,37,35,0,9.837903035169946,19.911288981940764,0
1516,37,36,0,9.934799008159803,20.6075392767441,0
1517,37,37,0,10.030225057036757,21.302709280879544,0
1518,37,38,0,10.124177896225623,21.99676284525771,0
1519,37,39,0,10.21665486911026,22.689665202399713,0
1520,38,0,0,5.843178661773582,-4.675196824783908,0
1521,38,1,0,5.9835409211368304,-3.973895856086016,0
1522,38,2,0,6.122977780256435,-3.2715901715020865,0
1523,38,3,0,6.26146139673965,-2.5683595153329817,0
1524,38,4,0,6.398964604905799,-1.8642828385000234,0
1525,38,5,0,6.53546092358839,-1.159438252555446,0
1526,38,6,0,6.67092456339979,-0.4539029852396617,0
1527,38,7,0,6.805330433453721,0.2522466623719825,0
1528,38,8,0,6.938654147541589,0.958935357093589,0
1529,38,9,0,7.070872029758877,1.6660887731905283,0
1530,38,10,0,7.201961119578673,2.373633630245927,0
1531,38,11,0,7.331899176369978,3.081497729306198,0
1532,38,12,0,7.460664683358624,3.7896099872806803,0
1533,38,13,0,7.5882368510296265,4.497900469575997,0
1534,38,14,0,7.714595619970628,5.2063004209496,0
1535,38,15,0,7.839721663155395,5.914742294568699,0
1536,38,16,0,7.963596387668678,6.623159779265964,0
1537,38,17,0,8.086201935873197,7.331487824987804,0
1538,38,18,0,8.207521186020182,8.039662666430274,0
1539,38,19,0,8.327537752306087,8.747621844866774,0
1540,38,20,0,8.44623598437816,9.455304228169705,0
1541,38,21,0,8.563600966292377,10.16265002903448,0
1542,38,22,0,8.679618514927922,10.869600821416627,0
1543,38,23,0,8.794275177862671,11.576099555194336,0
1544,38,24,0,8.907558230715425,12.282090569073896,0
1545,38,25,0,9.019455673960087,12.987519601754876,0
1546,38,26,0,9.129956229219085,13.69233380137889,0
1547,38,27,0,9.239049335042571,14.396481733283421,0
1548,38,28,0,9.346725142181151,15.099913386086998,0
1549,38,29,0,9.452974508360438,15.802580176134752,0
1550,38,30,0,9.557788992566467,16.504434950333742,0
1551,38,31,0,9.661160848850727,17.205431987408502,0
1552,38,32,0,9.76308301966536,17.90552699761301,0
1553,38,33,0,9.863549128738557,18.604677120931363,0
1554,38,34,0,9.962553473501062,19.302840923805068,0
1555,38,35,0,10.060091017075722,19.999978394424435,0
1556,38,36,0,10.156157379841156,20.696050936621507,0
1557,38,37,0,10.250748830583026,21.391021362406715,0
1558,38,38,0,10.343862277244623,22.084853883186614,0
1559,38,39,0,10.435495257291139,22.777514099706377,0
1560,39,0,0,6.0891366750629965,-4.595221835783401,0
1561,39,1,0,6.228948108485562,-3.893212804932754,0
1562,39,2,0,6.367823537929384,-3.190225212308804,0
1563,39,3,0,6.50573524831108,-2.4863389717646847,0
1564,39,4,0,6.642656204186474,-1.7816331840297153,0
1565,39,5,0,6.778560057509607,-1.0761860907908007,0
1566,39,6,0,6.913421154852313,-0.3700750303406645,0
1567,39,7,0,7.047214544079392,0.3366236051641874,0
1568,39,8,0,7.179915980475561,1.0438344107969688,0
1569,39,9,0,7.311501932320455,1.7514830082716977,0
1570,39,10,0,7.441949585908727,2.459496083639679,0
1571,39,11,0,7.571236850012917,3.1678014232458236,0
1572,39,12,0,7.699342359787162,3.87632794792025,0
1573,39,13,0,7.8262454801103845,4.5850057453861295,0
1574,39,14,0,7.951926308368661,5.293766100868584,0
1575,39,15,0,8.076365676676023,6.002541525891065,0
1576,39,16,0,8.19954515353481,6.711265785251328,0
1577,39,17,0,8.321447044936516,7.419873922173044,0
1578,39,18,0,8.442054394904511,8.128302281628429,0
1579,39,19,0,8.561350985481505,8.836488531836954,0
1580,39,20,0,8.67932133616414,9.54437168394224,0
1581,39,21,0,8.795950702788772,10.251892109876795,0
1582,39,22,0,8.9112250758722,10.958991558425092,0
1583,39,23,0,9.02513117841212,11.66561316949854,0
1584,39,24,0,9.137656463153185,12.371701486640223,0
1585,39,25,0,9.24878910932364,13.077202467776628,0
1586,39,26,0,9.35851801885018,13.782063494241196,0
1587,39,27,0,9.466832812057465,14.48623337809164,0
1588,39,28,0,9.573723822860137,15.189662367748129,0
1589,39,29,0,9.67918209345595,15.892302151981834,0
1590,39,30,0,9.783199368528482,16.59410586228409,0
1591,39,31,0,9.885768088969117,17.295028073647575,0
1592,39,32,0,9.986881385128129,17.99502480379582,0
1593,39,33,0,10.08653306960561,18.69405351089473,0
1594,39,34,0,10.184717629592653,19.39207308978431,0
1595,39,35,0,10.28143021877534,20.089043866769366,0
1596,39,36,0,10.376666648812234,20.78492759300653,0
1597,39,37,0,10.470423380399199,21.479687436531627,0
1598,39,38,0,10.562697513933385,22.173287972964598,0
1599,39,39,0,10.653486779790411,22.86569517493698,0
