0,0,0,0,3.1159590664414223,14.241892919266501,0
1,0,1,0,3.0061355391518556,13.723365248131268,0
2,0,2,0,2.8967220717780156,13.207416673633775,0
3,0,3,0,2.787745693497579,12.694053390837235,0
4,0,4,0,2.6792332329257915,12.183279145263581,0
5,0,5,0,2.5712112959105204,11.67509531345125,0
6,0,6,0,2.4637062434456385,11.16950098618045,0
7,0,7,0,2.356744169734618,10.666493054127246,0
8,0,8,0,2.2503508804354646,10.166066295704013,0
9,0,9,0,2.1445518711188982,9.668213466840168,0
10,0,10,0,2.039372305970972,9.172925392455372,0
11,0,11,0,1.9348369967710792,8.680191059374927,0
12,0,12,0,1.8309703821766663,8.189997710436133,0
13,0,13,0,1.7277965073446497,7.702330939534241,0
14,0,14,0,1.6253390039201276,7.217174787356222,0
15,0,15,0,1.5236210704217843,6.7345118375521285,0
16,0,16,0,1.422665453053242,6.25432331309484,0
17,0,17,0,1.3224944269690466,5.7765891725817795,0
18,0,18,0,1.223129778023013,5.301288206234272,0
19,0,19,0,1.124592785026354,4.828398131354659,0
20,0,20,0,1.0269042025421722,4.357895687004814,0
21,0,21,0,0.9300842442416705,3.889756727674557,0
22,0,22,0,0.8341525668473433,3.423956315714139,0
23,0,23,0,0.7391282546868161,2.960468812310633,0
24,0,24,0,0.6450298048802533,2.4992679667946787,0
25,0,25,0,0.5518751131835417,2.040327004071075,0
26,0,26,0,0.4596814605078497,1.5836187099744818,0
27,0,27,0,0.36846550013563745,1.1291155143592022,0
28,0,28,0,0.27824324565137865,0.6767895717409083,0
29,0,29,0,0.18903005960498914,0.2266128393170171,0
30,0,30,0,0.10084064292361707,-0.22144284779814133,0
31,0,31,0,0.01368902508729895,-0.6674057042774094,0
32,0,32,0,-0.07241144491823387,-1.1113039253681776,0
33,0,33,0,-0.15744810685888652,-1.5531656208961815,0
34,0,34,0,-0.24140899670894597,-1.9930187526088063,0
35,0,35,0,-0.3242828532972712,-2.4308910749691295,0
36,0,36,0,-0.4060591241349135,-2.866810079501252,0
37,0,37,0,-0.4867279704170592,-3.3008029427758863,0
38,0,38,0,-0.566280271194083,-3.7328964781133087,0
39,0,39,0,-0.6447076267075148,-4.163117091069509,0
40,1,0,0,3.1444558445309907,14.207371287604362,0
41,1,1,0,3.033411100389518,13.689853799952726,0
42,1,2,0,2.922772836158075,13.174916626172045,0
43,1,3,0,2.812568125892391,12.662565418193488,0
44,1,4,0,2.702823845448091,12.15280337805773,0
45,1,5,0,2.5935666505908683,11.645631339113942,0
46,1,6,0,2.4848229552206824,11.141047849889196,0
47,1,7,0,2.376618909740948,10.639049260388484,0
48,1,8,0,2.2689803796034616,10.139629810581761,0
49,1,9,0,2.161932924059909,9.642781720830708,0
50,1,10,0,2.0555017751505877,9.148495284006028,0
51,1,11,0,1.9497118169606706,8.656758959044069,0
52,1,12,0,1.8445875651744144,8.167559465690067,0
53,1,13,0,1.7401531469569913,7.680881880175631,0
54,1,14,0,1.6364322811934775,7.196709731577184,0
55,1,15,0,1.5334482591141971,6.715025098604411,0
56,1,16,0,1.4312239253347054,6.2358087065677825,0
57,1,17,0,1.329781659338754,5.759040024277901,0
58,1,18,0,1.2291433574313255,5.284697360631181,0
59,1,19,0,1.1293304151886197,4.8127579606405595,0
60,1,20,0,1.0303637104310457,4.343198100674186,0
61,1,21,0,0.9322635867442525,3.8759931826690264,0
62,1,22,0,0.8350498375727142,3.41111782709298,0
63,1,23,0,0.7387416909094917,2.948545964433857,0
64,1,24,0,0.6433577946043484,2.488250925001055,0
65,1,25,0,0.5489162023123687,2.0302055268321757,0
66,1,26,0,0.4554343601031483,1.5743821615051128,0
67,1,27,0,0.3629290937504017,1.1207528776636435,0
68,1,28,0,0.27141659672014884,0.6692894620735405,0
69,1,29,0,0.18091241887496576,0.21996351803511296,0
70,1,30,0,0.09143145591003635,-0.22725345901234206,0
71,1,31,0,0.0029879395361899147,-0.6723900088489995,0
72,1,32,0,-0.08440457157675682,-1.1154746369405037,0
73,1,33,0,-0.17073320008384935,-1.5565357481452,0
74,1,34,0,-0.2559857574652887,-1.995601583786288,0
75,1,35,0,-0.3401507507331683,-2.4327001622004896,0
76,1,36,0,-0.42321738833664174,-2.867859222864281,0
77,1,37,0,-0.5051755852583895,-3.301106174186972,0
78,1,38,0,-0.586015967296872,-3.7324680450480088,0
79,1,39,0,-0.6657298745302946,-4.161971440144655,0
80,2,0,0,3.172652818591119,14.172496284252599,0
81,2,1,0,3.060394999339403,13.655998635639062,0
82,2,2,0,2.948540081166643,13.14208258708709,0
83,2,3,0,2.837115179771449,12.630753246738994,0
84,2,4,0,2.7261472150124555,12.122013272500118,0
85,2,5,0,2.6156628893368232,11.615862953869968,0
86,2,6,0,2.5056886663186404,11.112300296446868,0
87,2,7,0,2.396250749337109,10.611321108865054,0
88,2,8,0,2.28737506042472,10.11291909191936,0
89,2,9,0,2.1790872193155253,9.617085929629106,0
90,2,10,0,2.07141252272332,9.123811381990999,0
91,2,11,0,1.9643759238794936,8.633083379168198,0
92,2,12,0,1.8580020123601624,8.144888116862154,0
93,2,13,0,1.7523149942316198,7.659210152613173,0
94,2,14,0,1.6473386725431005,7.176032502775779,0
95,2,15,0,1.5430964281951673,6.69533673991612,0
96,2,16,0,1.4396112012117104,6.217103090379977,0
97,2,17,0,1.3369054724430471,5.741310531782332,0
98,2,18,0,1.2350012457268222,5.2679368901724475,0
99,2,19,0,1.133920030532993,4.796958936631638,0
100,2,20,0,1.033682825118407,4.328352483065696,0
101,2,21,0,0.9343101002155528,3.862092476958031,0
102,2,22,0,0.8358217832796572,3.3981530948557226,0
103,2,23,0,0.7382372433170352,2.9365078343661755,0
104,2,24,0,0.6415752763168986,2.477129604448981,0
105,2,25,0,0.545854091307974,2.0199908137944576,0
106,2,26,0,0.45109129706002393,1.5650634570884099,0
107,2,27,0,0.35730388944963404,1.1123191989702514,0
108,2,28,0,0.26450823950818436,0.6617294555008042,0
109,2,29,0,0.1727200821693842,0.21326547296482753,0
110,2,30,0,0.08195450573175972,-0.23310159615704237,0
111,2,31,0,-0.007774057948711038,-0.6774006202022508,0
112,2,32,0,-0.09645184252277816,-1.1196604184715861,0
113,2,33,0,-0.18406575545631423,-1.5599096946399988,0
114,2,34,0,-0.2706033855723648,-1.9981769735571306,0
115,2,35,0,-0.35605300981674537,-2.4344905415496436,0
116,2,36,0,-0.4404035992392129,-2.868878390326839,0
117,2,37,0,-0.5236448241829552,-3.301368164579128,0
118,2,38,0,-0.6057670586768413,-3.7319871133471696,0
119,2,39,0,-0.6867613840260958,-4.1607620452277825,0
120,3,0,0,3.200546596267716,14.137270761380144,0
121,3,1,0,3.087083919365121,13.621802538891462,0
122,3,2,0,2.97402056652884,13.108917270881035,0
123,3,3,0,2.8613836918767332,12.598619521102831,0
124,3,4,0,2.7492002560436974,12.090911402730734,0
125,3,5,0,2.6374970049318325,11.585792660812942,0
126,3,6,0,2.526300448566108,11.083260757402737,0
127,3,7,0,2.4156368400850123,10.58331095912363,0
128,3,8,0,2.3055321548951535,10.085936426922812,0
129,3,9,0,2.196012070019627,9.591128307763265,0
130,3,10,0,2.0871019436689795,9.098875828003356,0
131,3,11,0,1.9788267950639216,8.609166388209767,0
132,3,12,0,1.8712112845387032,8.121985659149258,0
133,3,13,0,1.7642796939534724,7.6373176787042185,0
134,3,14,0,1.658055907444025,7.155144949456506,0
135,3,15,0,1.552563392536554,6.675448536686177,0
136,3,16,0,1.4478251816548038,6.198208166532124,0
137,3,17,0,1.343863854046527,5.7234023240646605,0
138,3,18,0,1.2407015181553585,5.251008351022876,0
139,3,19,0,1.13835979446389,4.781002542972758,0
140,3,20,0,1.0368597988328503,4.313360245647087,0
141,3,21,0,0.9362221263606437,3.8480559502320033,0
142,3,22,0,0.836466835786722,3.3850633873715195,0
143,3,23,0,0.7376134344615483,2.924355619666675,0
144,3,24,0,0.6396808639047201,2.4659051324528334,0
145,3,25,0,0.54268748597241,2.00968392264597,0
146,3,26,0,0.4466510696537701,1.5556635854561798,0
147,3,27,0,0.35158877851543646,1.1038153987751562,0
148,3,28,0,0.25751715881179965,0.6541104050528097,0
149,3,29,0,0.16445212827808015,0.20651949048743454,0
150,3,30,0,0.07240896562158007,-0.2389865386364958,0
151,3,31,0,-0.018597699273969412,-0.6824368826191803,0
152,3,32,0,-0.10855389441804077,-1.1238606781706513,0
153,3,33,0,-0.1974463140443297,-1.5632869315253828,0
154,3,34,0,-0.2852623261927089,-2.000744454970786,0
155,3,35,0,-0.3719899795319928,-2.436261806902311,0
156,3,36,0,-0.45761800941551145,-2.869867235506991,0
157,3,37,0,-0.542135843162132,-3.3015886261652514,0
158,3,38,0,-0.6255336045571528,-3.731453452649283,0
159,3,39,0,-0.7078021175684818,-4.159488732184228,0
160,4,0,0,3.2281338127663357,14.101697599956129,0
161,4,1,0,3.113474570742415,13.587268321696442,0
162,4,2,0,2.999211078225036,13.075423419819439,0
163,4,3,0,2.885370524540026,12.566166913148223,0
164,4,4,0,2.7719799078832623,12.059500369586836,0
165,4,5,0,2.659066014395683,11.555422989188799,0
166,4,6,0,2.5466553973394785,11.053931689905056,0
167,4,7,0,2.4347743564042514,10.555021195767965,0
168,4,8,0,2.323448917171428,10.05868412726442,0
169,4,9,0,2.2127048107658425,9.564911093647357,0
170,4,10,0,2.102567453722802,9.0736907869329,0
171,4,11,0,1.9930619280988382,8.585010077328585,0
172,4,12,0,1.884212961854599,8.098854109836433,0
173,4,13,0,1.7760449095373532,7.61520640177485,0
174,4,14,0,1.668581733290914,7.134048940962912,0
175,4,15,0,1.5618469842199392,6.655362284312339,0
176,4,16,0,1.4558637841353983,6.179125656572968,0
177,4,17,0,1.3506548077075557,5.705317048981093,0
178,4,18,0,1.2462422650518934,5.233913317561715,0
179,4,19,0,1.1426478847732942,4.76489028084041,0
180,4,20,0,1.0398928974929043,4.298222816724126,0
181,4,21,0,0.9379980198813029,3.8338849583151773,0
182,4,22,0,0.836983439221157,3.371849988428553,0
183,4,23,0,0.736868798521563,2.912090532588273,0
184,4,24,0,0.6376731822052651,2.454578650285414,0
185,4,25,0,0.5394151023895918,1.999285924287672,0
186,4,26,0,0.4421124857803825,1.5461835477978971,0
187,4,27,0,0.34578266119775164,1.0952424092674267,0
188,4,28,0,0.25044234775104085,0.6464331746786649,0
189,4,29,0,0.15610764367987437,0.19972636712056932,0
190,4,30,0,0.06279401587641216,-0.24490755650962992,0
191,4,31,0,-0.029483709896464556,-0.6874981318354073,0
192,4,32,0,-0.12071135807813453,-1.1280748165068384,0
193,4,33,0,-0.2108754116619269,-1.5666669230192216,0
194,4,34,0,-0.2999630198151134,-2.003303554969188,0
195,4,35,0,-0.3879620047571316,-2.438013546861791,0
196,4,36,0,-0.47486086788789655,-2.870825407570423,0
197,4,37,0,-0.5606487951588668,-3.3017672675401353,0
198,4,38,0,-0.6453156616811533,-3.730866829812654,0
199,4,39,0,-0.7288520355659703,-4.158151324939723,0
200,5,0,0,3.255411131068078,14.065779709508634,0
201,5,1,0,3.139563690872716,13.552398824088057,0
202,5,2,0,3.0241084287021236,13.041603803697445,0
203,5,3,0,2.9090725658918353,12.533398121742932,0
204,5,4,0,2.794483134995614,12.027782800377658,0
205,5,5,0,2.6803669591883637,11.52475649417519,0
206,5,6,0,2.5667506317660256,11.024315576485419,0
207,5,7,0,2.453660495770333,10.526454228228275,0
208,5,8,0,2.3411226237661835,10.031164528877365,0
209,5,9,0,2.229162797799656,9.538436549381679,0
210,5,10,0,2.1178064895642557,9.048258446771554,0
211,5,11,0,2.007078840803017,8.560616560193097,0
212,5,12,0,1.897004643973978,8.07549550811393,0
213,5,13,0,1.7876083232060505,7.59287828644295,0
214,5,14,0,1.678913915572245,7.112746367306719,0
215,5,15,0,1.5709450527067126,6.6350797982265055,0
216,5,16,0,1.463724942791619,6.159857301440969,0
217,5,17,0,1.3572763529397112,5.687056373122421,0
218,5,18,0,1.251621591997377,5.2166533822370855,0
219,5,19,0,1.1467824937929667,4.748623668803509,0
220,5,20,0,1.0427804008542545,4.282941641307918,0
221,5,21,0,0.93963614861823,3.8195808730394143,0
222,5,22,0,0.8373700501558639,3.358514197114352,0
223,5,23,0,0.7360018814336293,2.8997137999645455,0
224,5,24,0,0.6355508671325952,2.443151313071177,0
225,5,25,0,0.5360356670455318,1.988797902733176,0
226,5,26,0,0.43747436307096044,1.5366243576668184,0
227,5,27,0,0.33988444682265445,1.0866011742414747,0
228,5,28,0,0.2432828078718224,0.6386986391652019,0
229,5,29,0,0.1476857226384176,0.1928869094430984,0
230,5,30,0,0.05310884394670065,-0.2508639105590577,0
231,5,31,0,-0.0404328087405806,-0.6925836951031413,0
232,5,32,0,-0.13292485839637633,-1.132302226266304,0
233,5,33,0,-0.22435357879978624,-1.5700491264637813,0
234,5,34,0,-0.3147059021922092,-2.0058537944324812,0
235,5,35,0,-0.4039694262091839,-2.4397453447891175,0
236,5,36,0,-0.49213242007984964,-2.8717525512652617,0
237,5,37,0,-0.5791838300864869,-3.3019037937101596,0
238,5,38,0,-0.6651132842783981,-3.730227008939969,0
239,5,39,0,-0.7499110964352776,-4.156749645500197,0
240,6,0,0,3.282375242143462,14.029520027881873,0
241,6,1,0,3.1653480444948374,13.517196913908935,0
242,6,2,0,3.048709457082914,13.007461219604577,0
243,6,3,0,2.932486730068394,12.500315872528143,0
244,6,4,0,2.8167069271727074,11.995761348657776,0
245,6,5,0,2.701396905411881,11.493795756659418,0
246,6,6,0,2.5865832949230456,10.994414924841507,0
247,6,7,0,2.4722924789109673,10.497612490549072,0
248,6,8,0,2.3585505737413905,10.00337999174871,0
249,6,9,0,2.2453834092086296,9.511706960551242,0
250,6,10,0,2.1328165090040803,9.02258101841758,0
251,6,11,0,2.0208750714127883,8.53598797279023,0
252,6,12,0,1.9095839502646346,8.05191191489299,0
253,6,13,0,1.798967636166689,7.57033531843996,0
254,6,14,0,1.6890502380428365,7.091239138995637,0
255,6,15,0,1.5798554650066268,6.614602913728844,0
256,6,16,0,1.4714066085926814,6.1404048613045745,0
257,6,17,0,1.363726525371806,5.668621981660798,0
258,6,18,0,1.256837619974278,5.199230155419141,0
259,6,19,0,1.1507618285452388,4.7322042426830615,0
260,6,20,0,1.045520602655739,4.2675181809810745,0
261,6,21,0,0.941134893691995,3.805145082116863,0
262,6,22,0,0.8376251377451338,3.345057327694977,0
263,6,23,0,0.7350112410226869,2.8872266630954297,0
264,6,24,0,0.6333125658023002,2.431624289678481,0
265,6,25,0,0.532547916947623,1.9782209550074155,0
266,6,26,0,0.43273552900511164,1.5269870408850865,0
267,6,27,0,0.33389305389985213,1.0778926490086083,0
268,6,28,0,0.2360375492472752,0.6309076840548659,0
269,6,29,0,0.13918546729724723,0.18600193401921844,0
270,6,30,0,0.04335264452506877,-0.2568548523608237,0
271,6,31,0,-0.05144570811601719,-0.6976928912549191,0
272,6,32,0,-0.1451950142682441,-1.1365422926100104,0
273,6,33,0,-0.2378813405564415,-1.5734329923777206,0
274,6,34,0,-0.3294914042784729,-2.0083946882252617,0
275,6,35,0,-0.42001258038893663,-2.441456778843817,0
276,6,36,0,-0.5094329077679914,-2.872648306957416,0
277,6,37,0,-0.5977410947678384,-3.30199790612339,0
278,6,38,0,-0.6849265240309325,-3.7295337514033298,0
279,6,39,0,-0.7709792565748185,-4.155283513971819,0
280,7,0,0,3.3090228651642977,13.992921520992146,0
281,7,1,0,3.1908244238946075,13.481665486569804,0
282,7,2,0,3.073011029373441,12.9729984916883,0
283,7,3,0,2.9556099574165464,12.466922917686249,0
284,7,4,0,2.8386482997364806,11.963438693999175,0
285,7,5,0,2.722152944010153,11.46254338301519,0
286,7,6,0,2.6061505540350542,10.964232267618671,0
287,7,7,0,2.4906675500004525,10.46849844117579,0
288,7,8,0,2.375730088899792,9.975332899711274,0
289,7,9,0,2.2613640451107906,9.484724636023032,0
290,7,10,0,2.1475949911694134,8.996660735478363,0
291,7,11,0,2.034448178763805,8.511126473233903,0
292,7,12,0,1.9219485199743354,8.028105412620203,0
293,7,13,0,1.8101205687854445,7.547579504431334,0
294,7,14,0,1.698988502894752,7.069529186860074,0
295,7,15,0,1.5885761058447365,6.593933485820584,0
296,7,16,0,1.4789067495016752,6.1207701154014735,0
297,7,17,0,1.3700033769063864,5.650015578195217,0
298,7,18,0,1.2618884855206023,5.181645265252001,0
299,7,19,0,1.1545841108924633,4.715633555410602,0
300,7,20,0,1.0481118107639928,4.251953913762646,0
301,7,21,0,0.9424926496427293,3.790578989011514,0
302,7,22,0,0.8377471838592503,3.331480709493168,0
303,7,23,0,0.7338954471314161,2.874630377631894,0
304,7,24,0,0.6309569366553346,2.4199987626108186,0
305,7,25,0,0.5289505997428299,1.967556191044403,0
306,7,26,0,0.4278948210234683,1.5172726354479802,0
307,7,27,0,0.32780741022923404,1.0691178003076367,0
308,7,28,0,0.22870559057830359,0.6230612055625953,0
309,7,29,0,0.13060598777414098,0.17907226732170708,0
310,7,30,0,0.033524619634387576,-0.2628796243549996,0
311,7,31,0,-0.06252311363624483,-0.7028250307680695,0
312,7,32,0,-0.1575224385164177,-1.1407943931321771,0
313,7,33,0,-0.251459216570003,-1.576817964508672,0
314,7,34,0,-0.34431995216880545,-2.0109257452434783,0
315,7,35,0,-0.4360917995263776,-2.4431474220251648,0
316,7,36,0,-0.5267625690344268,-2.8735123106663507,0
317,7,37,0,-0.6163207328946745,-3.3020493026999587,0
318,7,38,0,-0.7047554300397714,-3.7287868158695643,0
319,7,39,0,-0.7920564703383878,-4.1537527485813355,0
320,8,0,0,3.335350747713565,13.955987182582561,0
321,8,1,0,3.2159896491125437,13.445807464807745,0
322,8,2,0,3.0970100386682855,12.938218470916166,0
323,8,3,0,2.9784392146967495,12.433222035707088,0
324,8,4,0,2.8603042937392886,11.930817541762078,0
325,8,5,0,2.7426321909669076,11.431002004877964,0
326,8,6,0,2.6254496006689854,10.93377016219016,0
327,8,7,0,2.5087829768520953,10.439114562740036,0
328,8,8,0,2.3926585139743715,9.947025660234287,0
329,8,9,0,2.277102127841129,9.45749190774196,0
330,8,10,0,2.1621394366871574,8.970499854072026,0
331,8,11,0,2.0477957424711133,8.486034241572485,0
332,8,12,0,1.9340960124074198,8.004078105090892,0
333,8,13,0,1.8210648607605027,7.524612871835795,0
334,8,14,0,1.7087265309264952,7.047618461878386,0
335,8,15,0,1.597104877826654,6.5730733890356525,0
336,8,16,0,1.4862233506368168,6.10095486187648,0
337,8,17,0,1.3761049758767507,5.631238884595879,0
338,8,18,0,1.2667723408825455,5.1639003575046365,0
339,8,19,0,1.1582475776850618,4.698913176885565,0
340,8,20,0,1.0505523473167735,4.236250333972132,0
341,8,21,0,0.9437078245685849,3.7758840128096463,0
342,8,22,0,0.8377346832178915,3.3177856867653617,0
343,8,23,0,0.7326530817483391,2.86192621345962,0
344,8,24,0,0.6284826495808209,2.408275927896993,0
345,8,25,0,0.5252424738349897,1.956804733583978,0
346,8,26,0,0.4229510866392292,1.5074821914271277,0
347,8,27,0,0.3216264530066276,1.0602776062145702,0
348,8,28,0,0.22128595929326114,0.6151601104920243,0
349,8,29,0,0.12194640225472306,0.17209874565436298,0
350,8,30,0,0.023623978715067218,-0.2689374599169908,0
351,8,31,0,-0.0736657241375604,-0.7079794158298569,0
352,8,32,0,-0.16990773781634896,-1.1450578979194697,0
353,8,33,0,-0.265087720950313,-1.5802034798864475,0
354,8,34,0,-0.35919196703739925,-2.013446468461795,0
355,8,35,0,-0.45220741152640365,-2.444816842213897,0
356,8,36,0,-0.5441216382194375,-2.8743441941013255,0
357,8,37,0,-0.6349228849873131,-3.302057677863017,0
358,8,38,0,-0.7246000487917149,-3.72798595832582,0
359,8,39,0,-0.8131426900090195,-4.152157165696666,0
360,9,0,0,3.361355665993284,13.91872003397623,0
361,9,1,0,3.2408405681493804,13.40962579844324,0
362,9,2,0,3.1207034053538876,12.903124034836763,0
363,9,3,0,3.000971495283916,12.399216031153058,0
364,9,4,0,2.8816719761623553,11.89790062286436,0
365,9,5,0,2.762831787501575,11.399174278919107,0
366,9,6,0,2.6444776509274557,10.903031190436103,0
367,9,7,0,2.526636051108725,10.409463361843677,0
368,9,8,0,2.4093332168160657,9.91846070421253,0
369,9,9,0,2.2925951021362043,9.430011130525592,0
370,9,10,0,2.1764473678654355,8.944100652627727,0
371,9,11,0,2.0609153631073673,8.460713479594787,0
372,9,12,0,1.9460241070995903,7.979832117260985,0
373,9,13,0,1.8317982712933394,7.501437468643314,0
374,9,14,0,1.7182621617106,7.0255089350011275,0
375,9,15,0,1.6054397016022977,6.55202451727108,0
376,9,16,0,1.4933544144311346,6.080960917618243,0
377,9,17,0,1.38202940720248,5.612293640847357,0
378,9,18,0,1.2714873541656473,5.145997095420442,0
379,9,19,0,1.161750480908211,4.682044693831402,0
380,9,20,0,1.0528405488649955,4.220408952092087,0
381,9,21,0,0.9447788402628993,3.761061588089199,0
382,9,22,0,0.8375861435222738,3.3039736185776665,0
383,9,23,0,0.731282739134931,2.849115454581477,0
384,9,24,0,0.6258883860377636,2.39645699498032,0
385,9,25,0,0.5214223085010279,1.9459677180675643,0
386,9,26,0,0.4179031835487585,1.4976167708728638,0
387,9,27,0,0.31534912892857087,1.0513730560514787,0
388,9,28,0,0.2137776916469045,0.6072053161506601,0
389,9,29,0,0.11320583708526792,0.16508221507360138,0
390,9,30,0,0.013649938711703476,-0.27502758342958844,0
391,9,31,0,-0.08487423159877952,-0.7131553404034147,0
392,9,32,0,-0.1823515126224279,-1.1493321696107395,0
393,9,33,0,-0.27876736221176124,-1.5835889688768796,0
394,9,34,0,-0.37410786507715704,-2.0159563549815904,0
395,9,35,0,-0.4683597399150587,-2.446464602214497,0
396,9,36,0,-0.5615103458745456,-2.875143584698004,0
397,9,37,0,-0.6535476883546742,-3.3020227225699097,0
398,9,38,0,-0.7444604241262872,-3.7271309321056165,0
399,9,39,0,-0.8342378657730616,-4.150496579847809,0
400,10,0,0,3.3870344250303765,13.881123123828326,0
401,10,1,0,3.265374057169779,13.37312346413575,0
402,10,2,0,3.1440880773098856,12.867718087339183,0
403,10,3,0,3.02320381936643,12.364907734422928,0
404,10,4,0,2.9027484401122723,11.864690693549626,0
405,10,5,0,2.782748900263211,11.367062886618717,0
406,10,6,0,2.6632319456400677,10.872017958521177,0
407,10,7,0,2.544224088431232,10.379547368841587,0
408,10,8,0,2.4257515885794088,9.889640485754422,0
409,10,9,0,2.307840435316903,9.402284681857607,0
410,10,10,0,2.1905163288732536,8.917465431684755,0
411,10,11,0,2.0738046623792084,8.43516641063489,0
412,10,12,0,1.957730503990985,7.955369595057743,0
413,10,13,0,1.8423185792582497,7.478055363231944,0
414,10,14,0,1.7275932537595262,7.003202596973926,0
415,10,15,0,1.6135785160279799,6.530788783616129,0
416,10,16,0,1.5002979607906182,6.060790118094886,0
417,10,17,0,1.3877747725434253,5.593181604890564,0
418,10,18,0,1.2760317094845375,5.127937159565769,0
419,10,19,0,1.1650910878271172,4.665029709650719,0
420,10,20,0,1.0549747665133669,4.204431294629872,0
421,10,21,0,0.9457041323500954,3.746113164788047,0
422,10,22,0,0.8373000855861765,3.290045878680795,0
423,10,23,0,0.7297830259514396,2.836199398999228,0
424,10,24,0,0.6231728391756668,2.384543186606851,0
425,10,25,0,0.5174888840061785,1.9350462925329979,0
426,10,26,0,0.41274997974125865,1.4876774477155945,0
427,10,27,0,0.3089743942963022,1.0424051502943736,0
428,10,28,0,0.20617983281840013,0.5991977502643603,0
429,10,29,0,0.1043834268647892,0.15802353130932237,0
430,10,30,0,0.00360172415898892,-0.28114921035589147,0
431,10,31,0,-0.09614932106162916,-0.718352090294348,0
432,10,32,0,-0.19485435709470547,-1.1536165634575584,0
433,10,33,0,-0.2924986432064496,-1.5869738552362627,0
434,10,34,0,-0.3890680574396212,-2.018454896079507,0
435,10,35,0,-0.4845491037861126,-2.448090259797916,0
436,10,36,0,-0.5789289187159028,-2.875910105655686,0
437,10,37,0,-0.6721952770545346,-3.301944124343853,0
438,10,38,0,-0.7643365972030175,-3.7262214879150672,0
439,10,39,0,-0.8553419456944731,-4.148770803747941,0
440,11,0,0,3.4123838588805557,13.843199527876783,0
441,11,1,0,3.289587020703887,13.336303465138174,0
442,11,2,0,3.1671610301083586,12.832003558411516,0
443,11,3,0,3.045133234143002,12.330300001514265,0
444,11,4,0,2.923530805015461,11.831190535154404,0
445,11,5,0,2.8023807215224794,11.33467053403716,0
446,11,6,0,2.681709750552715,10.840733096671073,0
447,11,7,0,2.561544428685174,10.349369137623073,0
448,11,8,0,2.441911043906314,9.860567481968772,0
449,11,9,0,2.32283561746925,9.374314961680032,0
450,11,10,0,2.204343885918298,8.890596513690305,0
451,11,11,0,2.086461283301935,8.409395279375822,0
452,11,12,0,1.969212923597471,7.930692705189315,0
453,11,13,0,1.8526235833702007,7.454468644183341,0
454,11,14,0,1.7367176846898473,6.9807014581592615,0
455,11,15,0,1.6215192783268588,6.509368120180441,0
456,11,16,0,1.507052027250719,6.040444317188314,0
457,11,17,0,1.3933391904522159,5.573904552463638,0
458,11,18,0,1.280403607111192,5.109722247677278,0
459,11,19,0,1.1682676811309152,4.647869844279105,0
460,11,20,0,1.0569533660597725,4.188318903978145,0
461,11,21,0,0.9464821504203366,3.7310402080711826,0
462,11,22,0,0.8368750434656405,3.276003855383906,0
463,11,23,0,0.7281525613816312,2.8231793585939693,0
464,11,24,0,0.6203347139540799,2.3725357387125308,0
465,11,25,0,0.5134409917181815,1.9240416175083779,0
466,11,26,0,0.4074903536074525,1.477665307666294,0
467,11,27,0,0.30250121511875555,1.0333749004803126,0
468,11,28,0,0.19849143700863583,0.591138350890885,0
469,11,29,0,0.09547831453634184,0.15092355968491503,0
470,11,30,0,-0.006521432733056782,-0.28730154731283797,0
471,11,31,0,-0.10749167055168418,-0.7235689432180132,0
472,11,32,0,-0.20741685902626888,-1.1579104273852627,0
473,11,33,0,-0.3062820610580513,-1.5903575561663683,0
474,11,34,0,-0.4040729501752427,-2.0209415772564943,0
475,11,35,0,-0.5007758177480378,-2.4496933677448416,0
476,11,36,0,-0.596377579578031,-2.8766433759747434,0
477,11,37,0,-0.6908657818541636,-3.301821567305905,0
478,11,38,0,-0.7842286064689471,-3.7252573738595878,0
479,11,39,0,-0.8764548756892631,-4.146979648314807,0
480,12,0,0,3.437400830830174,13.80495234869171,0
481,12,1,0,3.3134763918469226,13.29916883104989,0
482,12,2,0,3.189919267211101,12.79598340389768,0
483,12,3,0,3.066756814017583,12.29539571378467,0
484,12,4,0,2.944016216810614,11.797402953873489,0
485,12,5,0,2.821724469361544,11.301999951585353,0
486,12,6,0,2.6999083565149338,10.809179258947637,0
487,12,7,0,2.5785944361254574,10.318931245392266,0
488,12,8,0,2.457809021107968,9.831244192750345,0
489,12,9,0,2.3375781616234166,9.346104392184143,0
490,12,10,0,2.217927627422861,8.863496242796105,0
491,12,11,0,2.0988828903722405,8.383402351651805,0
492,12,12,0,1.9804691071801581,7.905803634953091,0
493,12,13,0,1.8627111023509042,7.43067942009714,0
494,12,14,0,1.7456333513848232,6.958007548356988,0
495,12,15,0,1.6292599642477874,6.487764477920721,0
496,12,16,0,1.513614669131396,6.019925387027481,0
497,12,17,0,1.398720796525194,5.554464276941586,0
498,12,18,0,1.2846012636217243,5.091354074508154,0
499,12,19,0,1.171278559075118,4.6305667340380685,0
500,12,20,0,1.0587747281332123,4.172073338274411,0
501,12,21,0,0.9471113581628566,3.7158441981968946,0
502,12,22,0,0.8363095645875868,3.261848951427491,0
503,12,23,0,0.7263899772563657,2.810056659005711,0
504,12,24,0,0.6173727272610443,2.3604359003095126,0
505,12,25,0,0.5092774342204286,1.9129548659050144,0
506,12,26,0,0.4021231940473127,1.4675814481160878,0
507,12,27,0,0.29592856721471766,1.0242833291135627,0
508,12,28,0,0.19071156753656346,0.5830280663326033,0
509,12,29,0,0.08648965147748588,0.14378317503647367,0
510,12,30,0,-0.016720291994610684,-0.2934837921455597,0
511,12,31,0,-0.1189019510000694,-0.7288051688675369,0
512,12,32,0,-0.2200395997710979,-1.162213102054776,0
513,12,33,0,-0.3201181070960585,-1.5937394823701103,0
514,12,34,0,-0.41912294417426216,-2.0234158782874525,0
515,12,35,0,-0.5170401918714824,-2.4512734738894606,0
516,12,36,0,-0.6138565473679953,-2.877343010494702,0
517,12,37,0,-0.7095593301911722,-3.3016547322074046,0
518,12,38,0,-0.8041364876263803,-3.7242383354707576,0
519,12,39,0,-0.8975765995002054,-4.145122922692474,0
520,13,0,0,3.462082233596036,13.766384715423431,0
521,13,1,0,3.337039132456757,13.2617226175685,0
522,13,2,0,3.2123598201648846,12.759660605253277,0
523,13,3,0,3.0880716607922216,12.26019777771172,0
524,13,4,0,2.9642018481391434,11.763330780524566,0
525,13,5,0,2.8407773878620617,11.269053893793947,0
526,13,6,0,2.7178250796652996,10.777359123022851,0
527,13,7,0,2.5953714995790005,10.288236292447015,0
528,13,8,0,2.473442982344764,9.801673140564068,0
529,13,9,0,2.3520656039307424,9.31765541760038,0
530,13,10,0,2.2312651641979233,8.836166984653868,0
531,13,11,0,2.1110671697392105,8.3571899142496,0
532,13,12,0,1.9914968169130853,7.880704592042701,0
533,13,13,0,1.8725789750931858,7.406689819404173,0
534,13,14,0,1.7543381701552214,6.935122916623753,0
535,13,15,0,1.6367985682224733,6.465979826466554,0
536,13,16,0,1.5199839596904645,5.999235217820459,0
537,13,17,0,1.40391774355189,5.534862589174863,0
538,13,18,0,1.2886229120417383,5.072834371673255,0
539,13,19,0,1.1741220356227104,4.613122031486696,0
540,13,20,0,1.0604372483305005,4.155696171259325,0
541,13,21,0,0.947590233497999,3.700526630381857,0
542,13,22,0,0.835602209877052,3.247582583855173,0
543,13,23,0,0.724493918176013,2.7968326395119583,0
544,13,24,0,0.6142856080304253,2.34824493337139,0
545,13,25,0,0.5049970254241074,1.9017872229094102,0
546,13,26,0,0.3966474005767643,1.4574269780349136,0
547,13,27,0,0.2892554363140366,1.0151314695709106,0
548,13,28,0,0.18283929693474762,0.5748678550485037,0
549,13,29,0,0.07741659759009256,0.13660326163132586,0
550,13,30,0,-0.0269956058122563,-0.2996951340024576,0
551,13,31,0,-0.13038082616573235,-0.734060028982516,0
552,13,32,0,-0.23272315417265857,-1.1665239209250071,0
553,13,33,0,-0.33400726679069187,-1.5971190381077558,0
554,13,34,0,-0.434218435107942,-2.0258772732713886,0
555,13,35,0,-0.5333425316370389,-2.4528301211636334,0
556,13,36,0,-0.6313660370198091,-2.87800861993264,0
557,13,37,0,-0.7282760461347859,-3.3014432964626987,0
558,13,38,0,-0.8240602736009169,-3.7231641157336823,0
559,13,39,0,-0.918707058671709,-4.1432004342731314,0
560,14,0,0,3.4864249895232935,13.727499783549371,0
561,14,1,0,3.360272233349416,13.223967906240473,0
562,14,2,0,3.2344797487946777,12.72303816930018,0
563,14,3,0,3.1090749038579486,12.224709124651778,0
564,14,4,0,2.9840848985336184,11.728976870311218,0
565,14,5,0,2.8595367472910893,11.235835139081003,0
566,14,6,0,2.7354572616147714,10.745275389951535,0
567,14,7,0,2.611873032625521,10.257286901956798,0
568,14,8,0,2.4888104138042735,9.771856870228284,0
569,14,9,0,2.3662955038389377,9.28897050398676,0
570,14,10,0,2.244354129615368,8.808611126209433,0
571,14,11,0,2.123011829373456,8.330760274708407,0
572,14,12,0,2.00229383604923,7.855397804354112,0
573,14,13,0,1.8822250608235935,7.382501990178466,0
574,14,14,0,1.7628300768985348,6.9120496310911825,0
575,14,15,0,1.6441331035210835,6.444016153944885,0
576,14,16,0,1.5261579902754139,5.9783757176854175,0
577,14,17,0,1.408928201662925,5.515101317326854,0
578,14,18,0,1.292466801990165,5.0541648874931475,0
579,14,19,0,1.1767964405837656,4.5955374052723705,0
580,14,20,0,1.0619393373514967,4.139188992134142,0
581,14,21,0,0.9479172687080086,3.6850890146651847,0
582,14,22,0,0.834751553883288,3.233206183884508,0
583,14,23,0,0.7224630416316502,2.783508652905226,0
584,14,24,0,0.6110720973581439,2.335964112717529,0
585,14,25,0,0.5005985906792438,1.8905398858743168,0
586,14,26,0,0.39106188343351705,1.44720301786934,0
587,14,27,0,0.28248081815791315,1.0059203660061913,0
588,14,28,0,0.17487370704409952,0.5666586855652462,0
589,14,29,0,0.0682583213892292,0.1293847130856667,0
590,14,30,0,-0.0373481184459079,-0.30593475341103044,0
591,14,31,0,-0.1419289525584208,-0.739332777418401,0
592,14,32,0,-0.2454680904929694,-1.1708422103158773,0
593,14,33,0,-0.34795001968825057,-1.6004956212537598,0
594,14,34,0,-0.4493598133704155,-2.028325230682147,0
595,14,35,0,-0.5496831378835977,-2.4543628476416686,0
596,14,36,0,-0.6489062594493941,-2.878639810922042,0
597,14,37,0,-0.7470160503473333,-3.3011869341823283,0
598,14,38,0,-0.843999994509725,-3.722034455114496,0
599,14,39,0,-0.9398461925249499,-4.141211988719417,0
600,15,0,0,3.5104260507812084,13.688300734619572,0
601,15,1,0,3.383172714492657,13.185907804210386,0
602,15,2,0,3.256276141394816,12.686119127979584,0
603,15,3,0,3.1297637003835876,12.188932710597314,0
604,15,4,0,3.003662594604227,11.69434410258497,0
605,15,5,0,2.8779998442850867,11.202346489518758,0
606,15,6,0,2.75280226962814,10.712930783942875,0
607,15,7,0,2.62809647377629,10.226085719739313,0
608,15,8,0,2.5039088258773745,9.74179794869651,0
609,15,9,0,2.3802654442653113,9.260052139016324,0
610,15,10,0,2.2571921797783103,8.780831075495794,0
611,15,11,0,2.1347145992344294,8.304115761118732,0
612,15,12,0,2.0128579690846338,7.829885519790281,0
613,15,13,0,1.891647239263332,7.358118099948127,0
614,15,14,0,1.771107027256353,6.888789778782983,0
615,15,15,0,1.6512616024061362,6.421875466803454,0
616,15,16,0,1.532134870473623,5.9573488124804275,0
617,15,17,0,1.4137503584763587,5.495182306710208,0
618,15,18,0,1.2961311998216412,5.035347386836995,0
619,15,19,0,1.1793001197536812,4.577814539980311,0
620,15,20,0,1.0632794211330294,4.122553405416917,0
621,15,21,0,0.9480909705664367,3.669532875771487,0
622,15,22,0,0.8337561849045872,3.218721196776794,0
623,15,23,0,0.720296018125131,2.7700860653696755,0
624,15,24,0,0.6077309486172982,2.3235947258964775,0
625,15,25,0,0.4960809668847558,1.8792140642089077,0
626,15,26,0,0.38536556368179264,1.4369106994394443,0
627,15,27,0,0.27560371859832256,0.9966510732538664,0
628,15,28,0,0.16681388910766518,0.5584015363874676,0
629,15,29,0,0.05901400009132189,0.12212843228150604,0
630,15,30,0,-0.0477785661465462,-0.3122018223543485,0
631,15,31,0,-0.15354697936234965,-0.7446226602165135,0
632,15,32,0,-0.25827497034235597,-1.1751672894720222,0
633,15,33,0,-0.36194683934708916,-1.603868623354145,0
634,15,34,0,-0.464547464020899,-2.030759213419617,0
635,15,35,0,-0.5660623067569862,-2.4558711865854854,0
636,15,36,0,-0.6664774215097102,-2.8792361860520854,0
637,15,37,0,-0.7657794600461055,-3.300885316206527,0
638,15,38,0,-0.8639556776301037,-3.7208490915882977,0
639,15,39,0,-0.960993938133166,-4.139157389986741,0
640,16,0,0,3.5340823995569446,13.648790776000968,0
641,16,1,0,3.4057376251974047,13.147545443968847,0
642,16,2,0,3.277746114918183,12.648906538104182,0
643,16,3,0,3.150135235502576,12.152871515933244,0
644,16,4,0,3.022932190223103,11.659435380605947,0
645,16,5,0,2.8961640020318056,11.168590770598861,0
646,16,6,0,2.769857496803438,10.680328052130681,0
647,16,7,0,2.644039286650972,10.194635414035845,0
648,16,8,0,2.5187357533323307,9.711498964838245,0
649,16,9,0,2.3939730317681485,9.230902831763377,0
650,16,10,0,2.2697769936896077,8.752829261424987,0
651,16,11,0,2.1461732314359026,8.277258721920036,0
652,16,12,0,2.023187041920781,7.80417000606489,0
653,16,13,0,1.900843410787318,7.333540335505076,0
654,16,14,0,1.7791669967702153,6.865345465430935,0
655,16,15,0,1.6581821162847326,6.399559789633039,0
656,16,16,0,1.5379127282609888,5.9361564456322125,0
657,16,17,0,1.4183824192425183,5.475107419622078,0
658,16,18,0,1.2996143887673766,5.016383650964484,0
659,16,19,0,1.1816314350499608,4.559955135982174,0
660,16,20,0,1.064455940981454,4.105791030797849,0
661,16,21,0,0.9481098604663064,3.6538597529728887,0
662,16,22,0,0.8326147051118847,3.2041290817059327,0
663,16,23,0,0.7179915312879472,2.756566256356733,0
664,16,24,0,0.6042609275721454,2.311138073068361,0
665,16,25,0,0.49144300259737805,1.867810979268046,0
666,16,26,0,0.3795573733161191,1.4265511658349121,0
667,16,27,0,0.2686231536964138,0.9873246567318609,0
668,16,28,0,0.15865894386362098,0.5500973959073349,0
669,16,29,0,0.04968281970152886,0.11483533128283659,0
670,16,30,0,-0.058287677074586576,-0.3184955043483259,0
671,16,31,0,-0.1652355483604951,-0.7499289156748293,0
672,16,32,0,-0.27114434860980147,-1.1794984706270661,0
673,16,33,0,-0.3759981932740822,-1.6072374296845124,0
674,16,34,0,-0.4797817667264676,-2.033178678861535,0
675,16,35,0,-0.5824803296591374,-2.457354666490273,0
676,16,36,0,-0.6840797259464189,-2.8797973439073545,0
677,16,37,0,-0.7845663889655465,-3.300538110139097,0
678,16,38,0,-0.8839273473682681,-3.719607760667397,0
679,16,39,0,-0.9821502302971952,-4.137036440346048,0
680,17,0,0,3.5573910482473496,13.60897314062037,0
681,17,1,0,3.427964044307207,13.108883983099371,0
682,17,2,0,3.2988868151633364,12.61140348110884,0
683,17,3,0,3.170186722497715,12.11652854519199,0
684,17,4,0,3.041890966706772,11.624253631302363,0
685,17,5,0,2.9140265704502593,11.134570830996745,0
686,17,6,0,2.786620362249345,10.64746996434256,0
687,17,7,0,2.659698960152446,10.162938675285552,0
688,17,8,0,2.533288755487016,9.68096252921847,0
689,17,9,0,2.4074158967161488,9.20152511248848,0
690,17,10,0,2.282106273418414,8.724608133578759,0
691,17,11,0,2.1573855004096028,8.250191525697277,0
692,17,12,0,2.033278902025158,7.778253550504754,0
693,17,13,0,1.909811496581594,7.308770902713658,0
694,17,14,0,1.7870079810356057,6.841718815289675,0
695,17,15,0,1.6648927158591948,6.377071164988736,0
696,17,16,0,1.543489710148888,5.914800577963785,0
697,17,17,0,1.4228226069872743,5.454878535178352,0
698,17,18,0,1.3029146690745557,4.997275477366593,0
699,17,19,0,1.1837887646475713,4.541960909283507,0
700,17,20,0,1.0654673537037924,4.08890350299348,0
701,17,21,0,0.9479724745469434,3.6380711999500885,0
702,17,22,0,0.8313257306710317,3.189431311626247,0
703,17,23,0,0.7155482779989009,2.7429506184597807,0
704,17,24,0,0.6006608124909426,2.2985954668865,0
705,17,25,0,0.4866835581396063,1.8563318642406244,0
706,17,26,0,0.3736362553641044,1.4161255713101355,0
707,17,27,0,0.2615381498200345,0.9779421923435307,0
708,17,28,0,0.1504079816373534,0.5417472623132464,0
709,17,29,0,0.040263975100215885,0.10750633125106498,0
710,17,30,0,-0.0688761712190768,-0.3248149545196722,0
711,17,31,0,-0.17699529385959392,-0.7552507744193303,0
712,17,32,0,-0.2840767733939078,-1.1838350590685869,0
713,17,33,0,-0.39010454286171686,-1.6106014193085445,0
714,17,34,0,-0.4950630957053434,-2.0355830789157023,0
715,17,35,0,-0.5989374931976365,-2.4588128111306906,0
716,17,36,0,-0.7017133713538715,-2.880322879107985,0
717,17,37,0,-0.8033769473197198,-3.300144980381694,0
718,17,38,0,-0.9039150252284871,-3.718310195429774,0
719,17,39,0,-1.003315001521237,-4.134848940406752,0
720,18,0,0,3.5803490396486533,13.56885108670626,0
721,18,1,0,3.4498490803856856,13.069926604023836,0
722,18,2,0,3.319695416959583,12.573613062800183,0
723,18,3,0,3.1899154029839183,12.079906826807111,0
724,18,4,0,3.0605362329964496,11.588801805028849,0
725,18,5,0,2.9315849263686258,11.10028954233452,0
726,18,6,0,2.8030883112606415,10.614359312867855,0
727,18,7,0,2.6750730086397283,10.130998215898543,0
728,18,8,0,2.54756541637915,9.65019127387606,0
729,18,9,0,2.420591693455935,9.171921532422282,0
730,18,10,0,2.2941777442648923,8.696170161998149,0
731,18,11,0,2.1683492030670135,8.222916560976294,0
732,18,12,0,2.0431314185900273,7.752138459851244,0
733,18,13,0,1.9185494387989441,7.283812026318103,0
734,18,14,0,1.7946279958543239,6.817911970950447,0
735,18,15,0,1.6713914912759793,6.354411653209977,0
736,18,16,0,1.5488639813296,5.893283187521012,0
737,18,17,0,1.4270691626537384,5.434497549146735,0
738,18,18,0,1.3060303581441972,4.978024679605402,0
739,18,19,0,1.1857705031128365,4.5238335913702326,0
740,18,20,0,1.0663121317375228,4.071892471599954,0
741,18,21,0,0.947677363819429,3.622168784652361,0
742,18,22,0,0.8298878918638949,3.1746293731393895,0
743,18,23,0,0.7129649685005514,2.7292405572879055,0
744,18,24,0,0.596929394257725,2.2859682323779174,0
745,18,25,0,0.4818015057064708,1.8447779640370818,0
746,18,26,0,0.3676011639882154,1.405635081178661,0
747,18,27,0,0.25434774374032904,0.9685047663788239,0
748,18,28,0,0.14206012243271102,0.533352143497768,0
749,18,29,0,0.030756670128722022,0.10014236235967909,0
750,18,30,0,-0.07954476031758263,-0.33115931968451245,0
751,18,31,0,-0.1888268426158564,-0.7605874594760587,0
752,18,32,0,-0.29707278593449366,-1.1881763532035987,0
753,18,33,0,-0.4042663433256672,-1.6139599651371823,0
754,18,34,0,-0.5103918196706068,-2.037971860072884,0
755,18,35,0,-0.6154340791357505,-2.4602451396073977,0
756,18,36,0,-0.7193785521314405,-2.8808123823501504,0
757,18,37,0,-0.8222112417651536,-3.299705588168397,0
758,18,38,0,-0.9239187297823965,-3.7169561265479456,0
759,18,39,0,-1.0244881819888274,-4.132594689139959,0
760,19,0,0,3.602953447144212,13.528427897529252,0
761,19,1,0,3.471389871901866,13.030676513746817,0
762,19,2,0,3.3401691243500187,12.535538413104934,0
763,19,3,0,3.209318547088899,12.043009412866143,0
764,19,4,0,3.0788653258364005,11.553082875323554,0
765,19,5,0,2.94883647370017,11.0657497989429,0
766,19,6,0,2.8192588154916365,10.580998912224358,0
767,19,7,0,2.6901589720988244,10.09881677002772,0
768,19,8,0,2.561563344934604,9.619187852101016,0
769,19,9,0,2.4334981004776832,9.142094663548418,0
770,19,10,0,2.3059891549230733,8.667517836971946,0
771,19,11,0,2.179062158959285,8.195436236018091,0
772,19,12,0,2.0527424826893563,7.72582706006056,0
773,19,13,0,1.927055200712735,7.258665949748946,0
774,19,14,0,1.8020250773850826,6.793927093153803,0
775,19,15,0,1.6776765522729375,6.331583332239578,0
776,19,16,0,1.5540337258200938,5.871606269398169,0
777,19,17,0,1.4311203452424184,5.413966373778869,0
778,19,18,0,1.3089597906675494,4.958633087152782,0
779,19,19,0,1.1875750615358946,4.505574929054133,0
780,19,20,0,1.0669887632789674,4.054759600945251,0
781,19,21,0,0.947223094290798,3.606154089156684,0
782,19,22,0,0.8282998332081414,3.1597247663602377,0
783,19,23,0,0.7102403265145207,2.7154374913387316,0
784,19,24,0,0.5930654764828215,2.2732577068231725,0
785,19,25,0,0.4767957294713094,1.83315053517599,0
786,19,26,0,0.36145106458653653,1.3950808717065981,0
787,19,27,0,0.24705098272731438,0.9590134754146036,0
788,19,28,0,0.1336144960222684,0.5249130569648376,0
789,19,29,0,0.02116011767425402,0.09274436370819072,0
790,19,30,0,-0.09029414777690542,-0.33752773842776396,0
791,19,31,0,-0.20073081376131385,-0.7659381863438327,0
792,19,32,0,-0.3101329205447758,-1.192521644624745,0
793,19,33,0,-0.4184840436429993,-1.6173124339882523,0
794,19,34,0,-0.5257683017744964,-2.040344463460053,0
795,19,35,0,-0.6319703643428901,-2.4616511663941982,0
796,19,36,0,-0.7370754584403303,-2.8812654404471036,0
797,19,37,0,-0.8410693753639847,-3.299219591600713,0
798,19,38,0,-0.9439384766386638,-3.715545282318094,0
799,19,39,0,-1.0456696995390156,-4.130273483901893,0
800,20,0,0,3.625201374890154,13.487706881141321,0
801,20,1,0,3.4925835874135402,12.991136943598619,0
802,20,2,0,3.3603051707725586,12.497182685816986,0
803,20,3,0,3.2283934536318477,12.005839378861852,0
804,20,4,0,3.096875609950191,11.517099838664075,0
805,20,5,0,2.965778643617091,11.030954517621767,0
806,20,6,0,2.835129373127613,10.547391598924003,0
807,20,7,0,2.704954416311695,10.066397093339639,0
808,20,8,0,2.575280175133722,9.587954938210578,0
809,20,9,0,2.446132820578799,9.112047098384993,0
810,20,10,0,2.317538277641776,8.638653668823888,0
811,20,11,0,2.189522210435396,8.167752978611976,0
812,20,12,0,2.0621100074339984,7.6993216961028565,0
813,20,13,0,1.9353267668689986,7.233334934928359,0
814,20,14,0,1.8091972822924298,6.769766360601122,0
815,20,15,0,1.6837460283249348,6.30858829744176,0
816,20,16,0,1.5589971466041497,5.8497718355622945,0
817,20,17,0,1.4349744319497868,5.393286937641353,0
818,20,18,0,1.3117013187609525,4.939102545228125,0
819,20,19,0,1.1892008676617145,4.487186684317244,0
820,20,20,0,1.0674957524102697,4.037506569940436,0
821,20,21,0,0.9466082470868694,3.5900287095257726,0
822,20,22,0,0.8265602135757435,3.1447190047819373,0
823,20,23,0,0.7073730893554914,2.7015428518702884,0
824,20,24,0,0.5890678756123454,2.260465239635089,0
825,20,25,0,0.4716651256904253,1.821450845669833,0
826,20,26,0,0.355184933892497,1.38446413000532,0
827,20,27,0,0.23964692464455173,0.9494694262142875,0
828,20,28,0,0.125070242036829,0.5164310297361484,0
829,20,29,0,0.011473539753948707,0.08531328323537896,0
830,20,30,0,-0.10112502859448123,-0.34391934118312617,0
831,20,31,0,-0.21270781873091787,-0.771302163067575,0
832,20,32,0,-0.3232577045442712,-1.1968702181770046,0
833,20,33,0,-0.432758086490936,-1.6206581866467409,0
834,20,34,0,-0.5411928995531852,-2.042700324894252,0
835,20,35,0,-0.6485466207455228,-2.463030401385547,0
836,20,36,0,-0.7548042761606993,-2.881681636370451,0
837,20,37,0,-0.85995144754746,-3.2986866456829014,0
838,20,38,0,-0.9639742784128902,-3.714077388689525,0
839,20,39,0,-1.066859479642804,-4.1278851204575995,0
840,21,0,0,3.647089957998928,13.446691370113939,0
841,21,1,0,3.5134274257484877,12.951311148977144,0
842,21,2,0,3.3801008192388378,12.458549058343447,0
843,21,3,0,3.2471374503,11.968399823442553,0
844,21,4,0,3.11456447821498,11.480855714222292,0
845,21,5,0,2.9824088947224183,10.995906637399857,0
846,21,6,0,2.850697509054212,10.513540231237362,0
847,21,7,0,2.719456933023146,10.033741962784058,0
848,21,8,0,2.5887135661756995,9.556495227324195,0
849,21,9,0,2.458493581025647,9.081781449765177,0
850,21,10,0,2.3288229083836076,8.60958018769909,0
851,21,11,0,2.1997272227982974,8.139869235867685,0
852,21,12,0,2.071231928124992,7.672624731760366,0
853,21,13,0,1.9433621432367427,7.207821262074321,0
854,21,14,0,1.8161426878939213,6.745431969765154,0
855,21,15,0,1.689598068787732,6.285428661418953,0
856,21,16,0,1.5637524657729125,5.827781914676695,0
857,21,17,0,1.438629718305283,5.37246118544573,0
858,21,18,0,1.3142533120991309,4.919434914635035,0
859,21,19,0,1.190646366019584,4.468670634155389,0
860,21,20,0,1.0678316192249802,4.020135071929936,0
861,21,21,0,0.9458314185737218,3.5737942556652955,0
862,21,22,0,0.8246677063102165,3.129613615139937,0
863,21,23,0,0.7043620080440962,2.6875580827720413,0
864,21,24,0,0.5849354210364254,2.247592192236774,0
865,21,25,0,0.46640860280666874,1.8096801749098816,0
866,21,26,0,0.34880176007359576,1.3737860539233095,0
867,21,27,0,0.23213463804288811,0.9398737356265037,0
868,21,28,0,0.11642651005395907,0.5079070982568102,0
869,21,29,0,0.0016961675981264216,0.07785007763176663,0
870,21,30,0,-0.1120380892805562,-0.3503332503138202,0
871,21,31,0,-0.2247584611903229,-0.7766785903123032,0
872,21,32,0,-0.3364476581922687,-1.201221352025054,0
873,21,33,0,-0.44708890818616076,-1.6239965779255316,0
874,21,34,0,-0.5566659648720576,-2.0450388749369104,0
875,21,35,0,-0.6651631152785203,-2.464382349944516,0
876,21,36,0,-0.7725651868491983,-2.882060549291999,0
877,21,37,0,-0.8788575540797321,-3.298106402357621,0
878,21,38,0,-0.9840261446978124,-3.7125521692943484,0
879,21,39,0,-1.0880574453798098,-4.125429393004917,0
880,22,0,0,3.6686163627209565,13.405384721274666,0
881,22,1,0,3.5339186161837755,12.911202409088526,0
882,22,2,0,3.3995533625111167,12.41964073144923,0
883,22,3,0,3.2655478938232365,11.93069386816113,0
884,22,4,0,3.131929351833669,11.44435354361787,0
885,22,5,0,2.998724713219806,10.960609119292988,0
886,22,6,0,2.865960775024882,10.47944768895691,0
887,22,7,0,2.7336641401058093,10.000854176362585,0
888,22,8,0,2.601861202641039,9.52481143513745,0
889,22,9,0,2.4705781337134134,9.051300350616595,0
890,22,10,0,2.3398408669821746,8.580299943348928,0
891,22,11,0,2.2096750844593713,8.111787474006288,0
892,22,12,0,2.080106202405071,7.645738549424397,0
893,22,13,0,1.9511593573564618,7.1821272295038545,0
894,22,14,0,1.8228593923055358,6.720926134699464,0
895,22,15,0,1.6952308430402412,6.262106553827775,0
896,22,16,0,1.568297924663757,5.805638551923289,0
897,22,17,0,1.4420845183067723,5.35149107787755,0
898,22,18,0,1.316614158047095,4.899632071597073,0
899,22,19,0,1.1919100180512392,4.450028570420617,0
900,22,20,0,1.0679948999522606,4.002646814540901,0
901,22,21,0,0.9448912204778182,3.557452351180065,0
902,22,22,0,0.8226209993425698,3.114410137275114,0
903,22,23,0,0.7012058474184835,2.673484640435006,0
904,22,24,0,0.5806669551963413,2.23463993793863,0
905,22,25,0,0.4610250815518833,1.7978398135502578,0
906,22,26,0,0.34230054282905137,1.3630478519371712,0
907,22,27,0,0.22451320225314533,0.9302275304831631,0
908,22,28,0,0.10768245968560729,0.49934230830028703,0
909,22,29,0,-0.008172758267310244,0.07035571225142956,0
910,22,30,0,-0.12303400778123086,-0.3567685801939522,0
911,22,31,0,-0.2368833369643381,-0.7820666614377763,0
912,22,32,0,-0.34970329462194794,-1.2055743177211795,0
913,22,33,0,-0.4614769386247621,-1.6273269567267863,0
914,22,34,0,-0.5721878438715186,-2.0473595389487027,0
915,22,35,0,-0.6818201098370046,-2.465706512951276,0
916,22,36,0,-0.7903583676969581,-2.8824017546258602,0
917,22,37,0,-0.8977877870220817,-3.2974785105420206,0
918,22,38,0,-1.0040940820338056,-3.7109693454775576,0
919,22,39,0,-1.1092635174151149,-4.122906094198599,0
920,23,0,0,3.689777786624082,13.363790315442868,0
921,23,1,0,3.5540544186228353,12.8708140266866,0
922,23,2,0,3.4186601232771108,12.380460929000693,0
923,23,3,0,3.28362217014653,11.892724657222944,0
924,23,4,0,3.148967680505113,11.407596390670859,0
925,23,5,0,3.0147236130813533,10.925064946061376,0
926,23,6,0,2.880916749826263,10.445116873159353,0
927,23,7,0,2.747573681723064,9.967736552895945,0
928,23,8,0,2.614720794651959,9.492906297694814,0
929,23,9,0,2.482384255323927,9.0206064537397,0
930,23,10,0,2.3505899972972726,8.550815504915281,0
931,23,11,0,2.219363707090866,8.083510178150279,0
932,23,12,0,2.0887308104083324,7.6186655498913005,0
933,23,13,0,1.9587164584869015,7.156255153435142,0
934,23,14,0,1.8293455145853845,6.696251086846911,0
935,23,15,0,1.7006425406250347,6.23862412119383,0
936,23,16,0,1.5726317839975688,5.783343808824027,0
937,23,17,0,1.4453371645543158,5.330378591424386,0
938,23,18,0,1.3187822617903484,4.87969590759244,0
939,23,19,0,1.19299030223742,4.431262299662723,0
940,23,20,0,1.0679841470796034,3.9850435195315246,0
941,23,21,0,0.9437862800048187,3.5410046332293073,0
942,23,22,0,0.820418795305983,3.0991101239960543,0
943,23,23,0,0.6979033862447034,2.659323993620911,0
944,23,24,0,0.5762613336904976,2.221609861814665,0
945,23,25,0,0.45551349504829536,1.785931063391175,0
946,23,26,0,0.33568029348650175,1.352250743041886,0
947,23,27,0,0.21678170747790004,0.9205319474966435,0
948,23,28,0,0.09883726066485693,0.4907377148725421,0
949,23,29,0,-0.018133987939296395,0.06283116102308299,0
950,23,30,0,-0.13411345340213338,-0.36322443729055154,0
951,23,31,0,-0.24908303396618067,-0.7874655625736428,0
952,23,32,0,-0.3630251197752012,-1.2099283802738061,0
953,23,33,0,-0.4759226012226844,-1.6306486661037844,0
954,23,34,0,-0.5877588769133468,-2.0496617371447954,0
955,23,35,0,-0.6985178612286251,-2.4670023868519517,0
956,23,36,0,-0.8081839914878899,-2.882704824071054,0
957,23,37,0,-0.916742234697376,-3.296802616164061,0
958,23,38,0,-1.024178093879599,-3.709328636327341,0
959,23,39,0,-1.1304776139763888,-4.120315015174813,0
960,24,0,0,3.7105714587710192,13.321911557164041,0
961,24,1,0,3.573832123770609,12.830149327811121,0
962,24,2,0,3.437418454322765,12.341012897708067,0
963,24,3,0,3.301357694600418,11.854495357232677,0
964,24,4,0,3.1656769425921802,11.37058734115293,0
965,24,5,0,3.030403136213345,10.889277121965799,0
966,24,6,0,2.8955630394415484,10.410550705966692,0
967,24,7,0,2.7611832284900375,9.934391931790449,0
968,24,8,0,2.6272900780308945,9.46078257116136,0
969,24,9,0,2.4939097474817014,8.989702431585,0
970,24,10,0,2.361068167368218,8.521129460713448,0
971,24,11,0,2.228791025776572,8.055039852112298,0
972,24,12,0,2.097103754908079,7.591408152157433,0
973,24,13,0,1.9660315177500118,7.1302073677886195,0
974,24,14,0,1.8355991948756814,6.671409074847023,0
975,24,15,0,1.7058313713872149,6.214983526725567,0
976,24,16,0,1.5767523240143262,5.76089976306128,0
977,24,17,0,1.4483860083824764,5.309125718202792,0
978,24,18,0,1.3207560464636836,4.85962832918777,0
979,24,19,0,1.1938857142230113,4.412373642969835,0
980,24,20,0,1.0677979294742102,3.96732692263854,0
981,24,21,0,0.9425152399569875,3.524452752381079,0
982,24,22,0,0.8180598116491133,3.0837151409403796,0
983,24,23,0,0.6944534173258694,2.645077623330604,0
984,24,24,0,0.5717174253791529,2.2085033605777653,0
985,24,25,0,0.4498727889087713,1.7739552372613234,0
986,24,26,0,0.3289400350975445,1.3413959566402553,0
987,24,27,0,0.20893925488228035,0.9107881331562447,0
988,24,28,0,0.08989009293175906,0.48209438211546457,0
989,24,29,0,-0.028188262056897156,0.05527740636048437,0
990,24,30,0,-0.14527708673298736,-0.3696999202462819,0
991,24,31,0,-0.2613581321273337,-0.7928744726954098,0
992,24,32,0,-0.3764136323380318,-1.214282798216567,0
993,24,33,0,-0.49042631285688343,-1.6339610433233105,0
994,24,34,0,-0.6033793985275482,-2.0519448846507733,0
995,24,35,0,-0.7152566211263226,-2.4682694637079523,0
996,24,36,0,-0.8260422265574755,-2.882969325654466,0
997,24,37,0,-0.9357209816549643,-3.2960783621992342,0
998,24,38,0,-1.0442781805834167,-3.707629758705706,0
999,24,39,0,-1.1516996508312576,-4.117655945575764,0
1000,25,0,0,3.7309946398947407,13.279751874442852,0
1001,25,1,0,3.5932490533065455,12.789211661524854,0
1002,25,2,0,3.4558257387029068,12.301299906866609,0
1003,25,3,0,3.3187519120693585,11.816009156939774,0
1004,25,4,0,3.18205464528784,11.333329502537632,0
1005,25,5,0,3.045760852619963,10.853248672522588,0
1006,25,6,0,2.909897277211875,10.375752130306292,0
1007,25,7,0,2.7744904776325012,9.900823172803118,0
1008,25,8,0,2.6395668144570017,9.428443031593394,0
1009,25,9,0,2.5051524369077995,8.958590976029285,0
1010,25,10,0,2.3712732695652745,8.491244418014096,0
1011,25,11,0,2.237954999160549,8.026379018183077,0
1012,25,12,0,2.1052230614628638,7.563968793212962,0
1013,25,13,0,1.9731026282740924,7.103986223987063,0
1014,25,14,0,1.8416185945429455,6.64640236434242,0
1015,25,15,0,1.7107955656115632,6.191186950127152,0
1016,25,16,0,1.5806578446070871,5.738308508297206,0
1017,25,17,0,1.4512294199909508,5.287734465784443,0
1018,25,18,0,1.3225339532783644,4.839431257870933,0
1019,25,19,0,1.1945947669406516,4.393364435808055,0
1020,25,20,0,1.0674348325028933,3.9494987734237226,0
1021,25,21,0,0.9410767588492418,3.5077983724656745,0
1022,25,22,0,0.8155427807482045,3.068226766435196,0
1023,25,23,0,0.6908547476100511,2.6307470226715113,0
1024,25,24,0,0.5670341124880874,2.1953218424543097,0
1025,25,25,0,0.4441019213359945,1.7619136588994995,0
1026,25,26,0,0.3220788025322984,1.3304847324314963,0
1027,25,27,0,0.2009849566837425,0.9009972436238739,0
1028,25,28,0,0.08084014671822674,0.47341338320965803,0
1029,25,29,0,-0.03833631172145738,0.047695439072137684,0
1030,25,30,0,-0.1565255595729342,-0.3761941199627868,0
1031,25,31,0,-0.27370920332824183,-0.7982925637008492,0
1032,25,32,0,-0.38986932367668065,-1.2186368236779703,0
1033,25,33,0,-0.5049884838069505,-1.6372634199286282,0
1034,25,34,0,-0.6190497373597355,-2.0542083915588294,0
1035,25,35,0,-0.7320366360215361,-2.469507231245747,0
1036,25,36,0,-0.8439332367519121,-2.8831948237741694,0
1037,25,37,0,-0.9547241086358702,-3.2953053887076806,0
1038,25,38,0,-1.0643943393542452,-3.7058724272793597,0
1039,25,39,0,-1.1729295412648602,-4.114928673574585,0
1040,26,0,0,3.7510446225717966,13.237314718475247,0
1041,26,1,0,3.612302560055567,12.748004399649481,0
1042,26,2,0,3.4738793899098748,12.261325248096705,0
1043,26,3,0,3.3358022971580383,11.77726926698311,0
1044,26,4,0,3.1980983247791275,11.295826003749552,0
1045,26,5,0,3.060794360564993,10.816982644257523,0
1046,26,6,0,2.9239171239956243,10.340724109669884,0
1047,26,7,0,2.787493153143887,9.867033155805975,0
1048,26,8,0,2.651548791620683,9.395890474708052,0
1049,26,9,0,2.516110175571997,8.927274798150767,0
1050,26,10,0,2.381203220739173,8.461163002824197,0
1051,26,11,0,2.2468536095940284,7.997530216918235,0
1052,26,12,0,2.1130867785606107,7.536349927834848,0
1053,26,13,0,1.9799279053351828,7.077594090754733,0
1054,26,14,0,1.84740189631645,6.621233237784224,0
1055,26,15,0,1.7155333741579455,6.167236587410333,0
1056,26,16,0,1.5843466654542686,5.715572153992214,0
1057,26,17,0,1.4538657885735788,5.2662068570211975,0
1058,26,18,0,1.3241144416478248,4.819106629882871,0
1059,26,19,0,1.1951159907328899,4.3742365278601145,0
1060,26,20,0,1.0668934581505531,3.931560835119454,0
1061,26,21,0,0.9394695110238622,3.4910431704282403,0
1062,26,22,0,0.8128664500178083,3.052646591356683,0
1063,26,23,0,0.6871061982969034,2.6163336967242943,0
1064,26,24,0,0.5622102907109253,2.1820667270578293,0
1065,26,25,0,0.43819986322042703,1.7498076628353765,0
1066,26,26,0,0.31509564257293915,1.3195183202991996,0
1067,26,27,0,0.19291793624091053,0.8911604446290553,0
1068,26,28,0,0.07168662263200705,0.4646958002764124,0
1069,26,29,0,-0.048578858417543364,0.040086258270319204,0
1070,26,30,0,-0.16785951485662245,-0.38270611968466484,0
1071,26,31,0,-0.28613681132964547,-0.8037190004870719,0
1072,26,32,0,-0.40339267777436166,-1.2229897024516305,0
1073,26,33,0,-0.5196095176974308,-1.6405551218028966,0
1074,26,34,0,-0.6347702161190868,-2.0564516629845975,0
1075,26,35,0,-0.7488581471779042,-2.4707151729070413,0
1076,26,36,0,-0.8618571813876931,-2.883380879243197,0
1077,26,37,0,-0.9737516925383667,-3.2944833328715193,0
1078,26,38,0,-1.0845265642335389,-3.704056354550938,0
1079,26,39,0,-1.1941671960576796,-4.112132985900505,0
1080,27,0,0,3.770718731393487,13.194603563378978,0
1081,27,1,0,3.630990028156888,12.706530936500256,0
1082,27,2,0,3.491576852040105,12.221092235082866,0
1083,27,3,0,3.3525063543556013,11.738278919634238,0
1084,27,4,0,3.213805546409082,11.258079994912176,0
1085,27,5,0,3.075501286731394,10.780482104458784,0
1086,27,6,0,2.9376202683257056,10.305469627871355,0
1087,27,7,0,2.8001890059401706,9.833024780549051,0
1088,27,8,0,2.6632338233761472,9.363127715651853,0
1089,27,9,0,2.5267808408428207,8.895756628003275,0
1090,27,10,0,2.390855962368647,8.430887859666923,0
1091,27,11,0,2.255484863280395,7.968496006924082,0
1092,27,12,0,2.120692977760959,7.508554028378656,0
1093,27,13,0,1.986505486496577,7.051033353915358,0
1094,27,14,0,1.8529473044249452,6.595903994236546,0
1095,27,15,0,1.7200430685950758,6.1431346507052975,0
1096,27,16,0,1.5878171261503338,5.692692825222493,0
1097,27,17,0,1.4562935224458682,5.244544929869292,0
1098,27,18,0,1.325495989311738,4.798656396048574,0
1099,27,19,0,1.195447933472844,4.354991782863214,0
1100,27,20,0,1.0661724251372615,3.9135148844735115,0
1101,27,21,0,0.9376921867637882,3.4741888361804727,0
1102,27,22,0,0.8100295820201948,3.0369762189888383,0
1103,27,23,0,0.6832066049431235,2.6018391624086012,0
1104,27,24,0,0.5572448693104539,2.168739445261936,0
1105,27,25,0,0.4321655982373008,1.73763859426949,0
1106,27,26,0,0.30798961400607633,1.3084979801983991,0
1107,27,27,0,0.18473732814136692,0.8812789113630854,0
1108,27,28,0,0.06242873173975733,0.4559427242789886,0
1109,27,29,0,-0.05891661393488326,0.032450871279468746,0
1110,27,30,0,-0.1792795865811384,-0.3892349950841193,0
1111,27,31,0,-0.29864151170469183,-0.809152941028229,0
1112,27,32,0,-0.4169841711687168,-1.2273406740670387,0
1113,27,33,0,-0.5342898114406642,-1.6438354692331538,0
1114,27,34,0,-0.6505411515267683,-2.0586740991243735,0
1115,27,35,0,-0.7657213905854502,-2.4718927678994387,0
1116,27,36,0,-0.8798142152116207,-2.8835270493336083,0
1117,27,37,0,-0.9928038063838771,-3.2936118290325993,0
1118,27,38,0,-1.104674846067157,-3.702181250890429,0
1119,27,39,0,-1.215412523463608,-4.109268667864175,0
1120,28,0,0,3.790014323135072,13.151621905923392,0
1121,28,1,0,3.649308873230847,12.664794688619702,0
1122,28,2,0,3.5089155999584833,12.1806042033114,0
1123,28,3,0,3.368861618197789,11.699041368539712,0
1124,28,4,0,3.2291739048366184,11.22009464709493,0
1125,28,5,0,3.089879286378905,10.743750140928572,0
1126,28,6,0,2.9510044265648676,10.269991688803657,0
1127,28,7,0,2.812575814012826,9.798800966422569,0
1128,28,8,0,2.6746197498919315,9.330157588768168,0
1129,28,9,0,2.5371623356357014,8.864039214389303,0
1130,28,10,0,2.4002294607061274,8.400421651360492,0
1131,28,11,0,2.263846790418299,7.939278964642446,0
1132,28,12,0,2.128039753835736,7.480583584569537,0
1133,28,13,0,1.9928335317466577,7.02430641618935,0
1134,28,14,0,1.858253044731572,6.57041694917985,0
1135,28,15,0,1.7243229413325405,6.1188833680706995,0
1136,28,16,0,1.5910675863347215,5.669672662496439,0
1137,28,17,0,1.4585110491707567,5.222750737212523,0
1138,28,18,0,1.326677092458607,4.778082521607038,0
1139,28,19,0,1.1955891606833415,4.335632078445877,0
1140,28,20,0,1.065270369033812,3.895362711592819,0
1141,28,21,0,0.9357434924045236,3.457237072451426,0
1142,28,22,0,0.8070309545734665,3.021217264881336,0
1143,28,23,0,0.6791548175665297,2.587264948348094,0
1144,28,24,0,0.552136771218608,2.1553414390723753,0
1145,28,25,0,0.42599812294232114,1.7254078089525107,0
1146,28,26,0,0.3007597877141693,1.297424982041962,0
1147,28,27,0,0.17644227828848158,0.8713538283725784,0
1148,28,28,0,0.0530656956491459,0.4471552549232692,0
1149,28,29,0,-0.06935028029101761,0.02479029354384829,0
1150,28,30,0,-0.1907863997337088,-0.39577981434621845,0
1151,28,31,0,-0.31122385177176376,-0.8145935364537306,0
1152,28,32,0,-0.4306442728898976,-1.2316889718608874,0
1153,28,33,0,-0.5490297551803477,-1.647103776974795,0
1154,28,34,0,-0.6663628542650234,-2.0608750953128494,0
1155,28,35,0,-0.7826265969152092,-2.473039491247433,0
1156,28,36,0,-0.8978044883611646,-2.883632887821032,0
1157,28,37,0,-1.011880519283275,-3.2926905087305705,0
1158,28,38,0,-1.1248391724775761,-3.700246824566991,0
1159,28,39,0,-1.2366654291882597,-4.106335503383289,0
1160,29,0,0,3.808928786922744,13.10837326525767,0
1161,29,1,0,3.667256542543539,12.622799094509958,0
1162,29,2,0,3.5258931394608015,12.139864509807296,0
1163,29,3,0,3.384865653426999,11.659559888462146,0
1164,29,4,0,3.24420102419427,11.181873152058989,0
1165,29,5,0,3.1039260434995155,10.706789861733997,0
1166,29,6,0,2.9640673430588578,10.234293316194568,0
1167,29,7,0,2.824651382579748,9.7643646522179,0
1168,29,8,0,2.6857044377994974,9.296982947363718,0
1169,29,9,0,2.5472525885591186,8.832125324632136,0
1170,29,10,0,2.4093217069214705,8.369767058796105,0
1171,29,11,0,2.2719374453428665,7.909881684134552,0
1172,29,12,0,2.1351252249076023,7.452441103292052,0
1173,29,13,0,1.9989102236347813,6.9974156969899495,0
1174,29,14,0,1.8633173648670531,6.5447744343136405,0
1175,29,15,0,1.7283713057510692,6.0944849833026264,0
1176,29,16,0,1.5940964258192125,5.6465138215703945,0
1177,29,17,0,1.4605168156828594,5.200826346684623,0
1178,29,18,0,1.3276562658467324,4.757386986040488,0
1179,29,19,0,1.195538255654542,4.316159305963945,0
1180,29,20,0,1.064185942375941,3.8771061197865015,0
1181,29,21,0,0.9336221504447326,3.440189594637503,0
1182,29,22,0,0.8038693608583857,3.0053713567065987,0
1183,29,23,0,0.6749497007489781,2.5726125947345637,0
1184,29,24,0,0.5468849331353011,2.141874161498361,0
1185,29,25,0,0.41969644686635943,1.713116673063653,0
1186,29,26,0,0.2934052467657805,1.286300605586178,0
1187,29,27,0,0.168031943987226,0.8613863894522434,0
1188,29,28,0,0.04359674659002729,0.43833450055769607,0
1189,29,29,0,-0.07988054965492906,0.017105548534630918,0
1190,29,30,0,-0.2023805702202042,-0.402339638254746,0
1191,29,31,0,-0.3238843705280677,-0.8200399311271303,0
1192,29,32,0,-0.44437344439932713,-1.2360338230489767,0
1193,29,33,0,-0.5638297322355734,-1.6503593543165542,0
1194,29,34,0,-0.682235628926633,-2.063054042081273,0
1195,29,35,0,-0.7995739914744142,-2.4741548138439495,0
1196,29,36,0,-0.9158281463253775,-2.8836979450295073,0
1197,29,37,0,-1.0309818964035102,-3.2917190007412316,0
1198,29,38,0,-1.1450195278364823,-3.6982527817809037,0
1199,29,39,0,-1.2579258163675062,-4.103333275008387,0
1200,30,0,0,3.8274595443986374,13.064861182638088,0
1201,30,1,0,3.684830515169418,12.580547614364049,0
1202,30,2,0,3.542507007433929,12.09887653286961,0
1203,30,3,0,3.400516055150274,11.619837775020398,0
1204,30,4,0,3.258884558243932,11.143418722002002,0
1205,30,5,0,3.117639270970964,10.669604394956579,0
1206,30,6,0,2.976806790287644,10.198377553361444,0
1207,30,7,0,2.836413544234108,9.729718795887692,0
1208,30,8,0,2.69648578033979,9.263606663474107,0
1209,30,9,0,2.55704955405887,8.800017744347011,0
1210,30,10,0,2.41813071724373,8.338926780714857,0
1211,30,11,0,2.279754906665011,7.880306776863771,0
1212,30,12,0,2.1419475325867823,7.424129108379213,0
1213,30,13,0,2.0047337674054,6.970363632218359,0
1214,30,14,0,1.868138534361092,6.51897879735786,0
1215,30,15,0,1.7321864963311244,6.069941755742679,0
1216,30,16,0,1.5969020447135547,5.623218473263239,0
1217,30,17,0,1.462309288411059,5.178773840490639,0
1218,30,18,0,1.328432042923673,4.736571782902476,0
1219,30,19,0,1.1952938195601084,4.296575370335721,0
1220,30,20,0,1.0629178147770006,3.858746925407816,0
1221,30,21,0,0.9313268996553561,3.4230481306515532,0
1222,30,22,0,0.8005436095237399,2.989440134115973,0
1223,30,23,0,0.6705901337379507,2.557883653191295,0
1224,30,24,0,0.5414883056260522,2.128339076423044,0
1225,30,25,0,0.4132595926088758,1.7007665630883988,0
1226,30,26,0,0.2859250865048486,1.2751261403156777,0
1227,30,27,0,0.15950549402896386,0.8513777975369484,0
1228,30,28,0,0.03402112749468969,0.4294815780724721,0
1229,30,29,0,-0.09050810427153475,0.009397667656274701,0
1230,30,30,0,-0.21406270479450296,-0.4089135202786649,0
1231,30,31,0,-0.33662359858396174,-0.8254912627255125,0
1232,30,32,0,-0.45817213952918584,-1.2403744487986053,0
1233,30,33,0,-0.57869011904557,-1.6536015051460018,0
1234,30,34,0,-0.69815977396512,-2.065210325216097,0
1235,30,35,0,-0.8165637941620753,-2.4752382025021546,0
1236,30,36,0,-0.9338853299060716,-2.8837217678767026,0
1237,30,37,0,-1.0501079989346165,-3.2906969311152725,0
1238,30,38,0,-1.165215893237606,-3.6961988266959755,0
1239,30,39,0,-1.2791935855463037,-4.100261763948912,0
1240,31,0,0,3.8456040498836033,13.021089221154044,0
1241,31,1,0,3.7020283021517573,12.538043729796103,0
1242,31,2,0,3.558754772014015,12.05764367180599,0
1243,31,3,0,3.4158104489951575,11.57987834442851,0
1244,31,4,0,3.273222190530472,11.10473458930182,0
1245,31,5,0,3.1310167107080407,10.632196888441003,0
1246,31,6,0,2.9892205690144986,10.162247462964972,0
1247,31,7,0,2.8478601590912342,9.694866374304805,0
1248,31,8,0,2.7069616975078215,9.2300316276283,0
1249,31,9,0,2.5665512125602534,8.767719277211187,0
1250,31,10,0,2.4266545331010265,8.307903533483636,0
1251,31,11,0,2.2872972774088733,7.850556871477654,0
1252,31,12,0,2.1485048421059894,7.395650140400456,0
1253,31,13,0,2.010302391130439,6.9431526740581315,0
1254,31,14,0,1.8727148447720126,6.4930324018537,0
1255,31,15,0,1.735766868779767,6.045255960085169,0
1256,31,16,0,1.599482863549442,5.599788803270256,0
1257,31,17,0,1.4638869533994776,5.156595315227451,0
1258,31,18,0,1.3290029759440478,4.715638919645302,0
1259,31,19,0,1.1948544715717924,4.276882189876239,0
1260,31,20,0,1.0614646730392259,3.840286957695602,0
1261,31,21,0,0.9288564951873245,3.4058144207712036,0
1262,31,22,0,0.797052524790537,2.973425248595166,0
1263,31,23,0,0.6660750105469383,2.5430796866356253,0
1264,31,24,0,0.5359458532184492,2.1147376584733033,0
1265,31,25,0,0.4066865959303609,1.6883588656954287,0
1266,31,26,0,0.27831841463878343,1.2639028853275953,0
1267,31,27,0,0.1508621087752466,0.8413292645930782,0
1268,31,28,0,0.02433809207712288,0.4205976127982026,0
1269,31,29,0,-0.10123361638700956,0.0016676901523022516,0
1270,31,30,0,-0.22583340098862162,-0.41550050665927557,0
1271,31,31,0,-0.34944205809803086,-0.8309466623195232,0
1272,31,32,0,-0.47204080442253515,-1.244710064301518,0
1273,31,33,0,-0.593611285115069,-1.6568295280155014,0
1274,31,34,0,-0.7141355816453613,-2.067343325818055,0
1275,31,35,0,-0.8335962194251288,-2.4762891200077797,0
1276,31,36,0,-0.9519761751795686,-2.883703899919554,0
1277,31,37,0,-1.069258884057089,-3.2896239232172815,0
1278,31,38,0,-1.1854282464698565,-3.6940846614719978,0
1279,31,39,0,-1.3004686346577026,-4.0971207500994655,0
1280,32,0,0,3.863359790538008,12.977060965453072,0
1281,32,1,0,3.718847446661019,12.495290943570385,0
1282,32,2,0,3.574634032742562,12.016169346666151,0
1283,32,3,0,3.430746491263485,11.5396849332336,0
1284,32,4,0,3.2872116345332487,11.065824006259163,0
1285,32,5,0,3.1440561338119424,10.594570509542635,0
1286,32,6,0,3.0013065084331214,10.125906126761892,0
1287,32,7,0,2.8589891149334448,9.659810383020426,0
1288,32,8,0,2.7171301361952103,9.196260748612097,0
1289,32,9,0,2.575755570608373,8.735232744733185,0
1290,32,10,0,2.4348912212584697,8.276700050870195,0
1291,32,11,0,2.2945626851472967,7.82063461358884,0
1292,32,12,0,2.1547953424534705,7.36700675644878,0
1293,32,13,0,2.0156143458397238,6.9157852907684445,0
1294,32,14,0,1.8770446098145903,6.466937626963285,0
1295,32,15,0,1.7391108001557696,6.02042988618335,0
1296,32,16,0,1.6018373234027616,5.57622701197601,0
1297,32,17,0,1.4652483164268217,5.13429288170345,0
1298,32,18,0,1.3293676360858913,4.694590417446494,0
1299,32,19,0,1.194218848972576,4.257081696130603,0
1300,32,20,0,1.0598252212635018,3.821728058614501,0
1301,32,21,0,0.9262097086780003,3.38849021748635,0
1302,32,22,0,0.7933949465547244,2.9573283633188576,0
1303,32,23,0,0.661403240054409,2.5282022691406887,0
1304,32,24,0,0.5302565544972517,2.1010713928886506,0
1305,32,25,0,0.3999765058434806,1.675894977612822,0
1306,32,26,0,0.270584351325548,1.2526321492149637,0
1307,32,27,0,0.14210098024056883,0.8312420115092839,0
1308,32,28,0,0.014546904911366216,0.4116837384037816,0
1309,32,29,0,-0.11205774817507903,-0.006083336989588043,0
1310,32,30,0,-0.2376932470436697,-0.42209963649784904,0
1311,32,31,0,-0.36234026271289416,-0.8364052544538721,0
1312,32,32,0,-0.4859798774741613,-1.2490398788474102,0
1313,32,33,0,-0.6085935929602297,-1.6600427162087,0
1314,32,34,0,-0.7301633379948312,-2.0694524203617344,0
1315,32,35,0,-0.8506714762150355,-2.4773070251718554,0
1316,32,36,0,-0.9701008134587996,-2.8836438814001855,0
1317,32,37,0,-1.0884346049096174,-3.2884995977650804,0
1318,32,38,0,-1.2056565619908515,-3.691909986297692,0
1319,32,39,0,-1.3217508590021698,-4.0939100120662815,0
1320,33,0,0,3.880724286520292,12.932780021464483,0
1321,33,1,0,3.7352855241510734,12.452292779329166,0
1322,33,2,0,3.5901424207202632,11.974456997974038,0
1323,33,3,0,3.445321869083044,11.499260898052757,0
1324,33,4,0,3.3008506338155676,11.026690244839282,0
1325,33,5,0,3.1567553407174955,10.556728444874166,0
1326,33,6,0,3.013062466312623,10.089356645356693,0
1327,33,7,0,2.869798327352858,9.624553836021066,0
1328,33,8,0,2.726989070330765,9.162296953230777,0
1329,33,9,0,2.5846606610063994,8.70256098602098,0
1330,33,10,0,2.442838873954137,8.245319083817135,0
1331,33,11,0,2.301549282135485,7.790542665555078,0
1332,33,12,0,2.1608172465041466,7.3382015299269066,0
1333,33,13,0,2.0206679056496726,6.8882639664765595,0
1334,33,14,0,1.8811261654861582,6.440696867268527,0
1335,33,15,0,1.742216688992987,5.9954658388548365,0
1336,33,16,0,1.6039638860142353,5.5525353142663505,0
1337,33,17,0,1.4663919031240829,5.111868664757289,0
1338,33,18,0,1.329524613565295,4.673428311034432,0
1339,33,19,0,1.1933856072681945,4.237175833706652,0
1340,33,20,0,1.0579981809577177,3.8030720826946784,0
1341,33,21,0,0.9233853283560374,3.371077285345749,0
1342,33,22,0,0.7895697304886337,2.941151153004451,0
1343,33,23,0,0.6565737461016844,2.5132529857964636,0
1344,33,24,0,0.524419402198457,2.0873417753895454,0
1345,33,25,0,0.3931283847031096,1.6633763055035589,0
1346,33,26,0,0.2627220292596005,1.2413152499495308,0
1347,33,27,0,0.13322131217411218,0.8211172679864297,0
1348,33,28,0,0.004646841508869307,0.40274109679365244,0
1349,33,29,0,-0.12298115166412707,-0.013854359132983092,0
1350,33,30,0,-0.24964282184169165,-0.42870994184392475,0
1351,33,31,0,-0.3753187174918383,-0.8418661572284984,0
1352,33,32,0,-0.49998978927206245,-1.2533630958978959,0
1353,33,33,0,-0.6236373980552511,-1.6632403578074606,0
1354,33,34,0,-0.746243322755398,-2.0715369807554924,0
1355,33,35,0,-0.8677897679449103,-2.4782913728837332,0
1356,33,36,0,-0.98825937125585,-2.8835412492922696,0
1357,33,37,0,-1.1076352105572222,-3.287323572869397,0
1358,33,38,0,-1.225900810900657,-3.6896744994237722,0
1359,33,39,0,-1.3430401512271695,-4.0906293271939616,0
1360,34,0,0,3.8976950911434294,12.888250016122042,0
1361,34,1,0,3.7513401425133446,12.409052781319627,0
1362,34,2,0,3.6052775987589243,11.932510086459125,0
1363,34,3,0,3.459534300557146,11.458609615308866,0
1364,34,4,0,3.3141369621720123,10.987336596412526,0
1365,34,5,0,3.1691121613382682,10.51867390005117,0
1366,34,6,0,3.0244863291404767,10.052602137952409,0
1367,34,7,0,2.8802857398921287,9.589099765484677,0
1368,34,8,0,2.7365365010190303,9.12814318607062,0
1369,34,9,0,2.593264542951898,8.669706857549283,0
1370,34,10,0,2.4504956090330947,8.21376340021507,0
1371,34,11,0,2.3082552454426217,7.760283706258436,0
1372,34,12,0,2.166568791148958,7.309237050332532,0
1373,34,13,0,2.025461367890104,6.86059120096944,0
1374,34,14,0,1.884957870190828,6.414312532569113,0
1375,34,15,0,1.7450829554220142,5.970366137686131,0
1376,34,16,0,1.605861033908322,5.5287159393396585,0
1377,34,17,0,1.4673162590906044,5.089324803075813,0
1378,34,18,0,1.3294725177495454,4.652154648513129,0
1379,34,19,0,1.1923534202972106,4.217166560106665,0
1380,34,20,0,1.0559822911436028,3.784320896870526,0
1381,34,21,0,0.9203821591449255,3.3535774008029935,0
1382,34,22,0,0.7855757481410575,2.924895303765183,0
1383,34,23,0,0.6515854675893377,2.4982334325699638,0
1384,34,24,0,0.5184334033020188,2.0735503120448002,0
1385,34,25,0,0.3861413082952513,1.650804265840252,0
1386,34,26,0,0.2547305937567856,1.229953514763752,0
1387,34,27,0,0.12422232014043785,0.8109562724269823,0
1388,34,28,0,-0.005362811605119395,0.39377083800448986,0
1389,34,29,0,-0.13400446866524324,-0.02164431408884397,0
1390,34,30,0,-0.2616826948382482,-0.43533044778416374,0
1391,34,31,0,-0.3883779188561518,-0.8473284823801785,0
1392,34,32,0,-0.514070962539741,-1.2576789131610369,0
1393,34,33,0,-0.6387430487795895,-1.6664217357592872,0
1394,34,34,0,-0.7623758093356645,-2.0735963744019243,0
1395,34,35,0,-0.8849512924471092,-2.4792416141646387,0
1396,34,36,0,-1.0064519702449959,-2.8833955373476856,0
1397,34,37,0,-1.1268607459597144,-3.2860954640738043,0
1398,34,38,0,-1.2461609609158952,-3.687377897196327,0
1399,34,39,0,-1.3643364013069235,-4.0872784715923745,0
1400,35,0,0,3.9142697910293367,12.843474597085493,0
1401,35,1,0,3.7670089422287574,12.36557451411951,0
1402,35,2,0,3.6200372615310887,11.890332092786576,0
1403,35,3,0,3.4733815349120527,11.417734480965386,0
1404,35,4,0,3.327068423773699,10.947766371493936,0
1405,35,5,0,3.1811244552096625,10.4804100994367,0
1406,35,6,0,3.0355760122634172,10.015645742100386,0
1407,35,7,0,2.890449324183172,9.553451221535774,0
1408,35,8,0,2.7457704566768113,9.093802409259602,0
1409,35,9,0,2.601565302171137,8.636673232925933,0
1410,35,10,0,2.457859570079449,8.182035784674838,0
1411,35,11,0,2.314678777081722,7.72986043088342,0
1412,35,12,0,2.1720482374222274,7.2801159230426995,0
1413,35,13,0,2.0299930532292647,6.832769509484304,0
1414,35,14,0,1.8885381048620475,6.387787047679601,0
1415,35,15,0,1.7477080412900814,5.945133116836182,0
1416,35,16,0,1.6075272705104102,5.504771130517067,0
1417,35,17,0,1.4680199500085291,5.066663449011217,0
1418,35,18,0,1.329209977268649,4.630771491186233,0
1419,35,19,0,1.191120980339529,4.19705584555826,0
1420,35,20,0,1.0537763084620928,3.7654763803186717,0
1421,35,21,0,0.9171990227651506,3.335992352061529,0
1422,35,22,0,0.7814118870359695,2.9085625129623573,0
1423,35,23,0,0.6464373585724155,2.483145216164783,0
1424,35,24,0,0.5122975791233602,2.0596985191383745,0
1425,35,25,0,0.3790143659247189,1.6381802847792004,0
1426,35,26,0,0.24660920283806112,1.2185482800321965,0
1427,35,27,0,0.11510323159918624,0.8007602718236723,0
1428,35,28,0,-0.01548275681608782,0.38477412010114814,0
1429,35,29,0,-0.14512833070119685,-0.02945213221227462,0
1430,35,30,0,-0.2738134259958992,-0.44196017253176195,0
1431,35,31,0,-0.4015183545232481,-0.8527913353647508,0
1432,35,32,0,-0.528223812079056,-1.2619865226663387,0
1433,35,33,0,-0.653910886365843,-1.66958612794524,0
1434,35,34,0,-0.7785610647638991,-2.0756299642586926,0
1435,35,35,0,-0.9021562419314042,-2.480157196221559,0
1436,35,36,0,-1.024678727226091,-2.8832062761435067,0
1437,35,37,0,-1.1461112519406222,-3.2848148843950042,0
1438,35,38,0,-1.2664369763441792,-3.685019874090446,0
1439,35,39,0,-1.3856394965225136,-4.083857220163785,0
1440,36,0,0,3.930446006261001,12.79845743246099,0
1441,36,1,0,3.7822895965176038,12.321861562361903,0
1442,36,2,0,3.634419135717572,11.847926517286309,0
1443,36,3,0,3.4868613526423062,11.376638910260144,0
1444,36,4,0,3.339642853311358,10.90798289948189,0
1445,36,5,0,3.192790111629841,10.441940285884913,0
1446,36,6,0,3.0463294600262874,9.978490613449058,0
1447,36,7,0,2.9002870800838587,9.517611271999659,0
1448,36,8,0,2.754688993167687,9.059277602227171,0
1449,36,9,0,2.609561051051432,8.603463002657286,0
1450,36,10,0,2.464928926546511,8.150139038298812,0
1451,36,11,0,2.3208181041374325,7.699275550694377,0
1452,36,12,0,2.1772538706272515,7.250840769097338,0
1453,36,13,0,2.034261305796947,6.804801422498568,0
1454,36,14,0,1.8918652730832477,6.361122852225676,0
1455,36,15,0,1.7500904102791959,5.919769124839363,0
1456,36,16,0,1.6089611202623557,5.480703145052051,0
1457,36,17,0,1.4685015617555395,5.043886768397246,0
1458,36,18,0,1.328735640125284,4.609280913380159,0
1459,36,19,0,1.189686998223369,4.176845672844581,0
1460,36,20,0,1.0513790072772493,3.746540424295188,0
1461,36,21,0,0.9138347578348076,3.3183239389190384,0
1462,36,22,0,0.7770770507698603,2.8921544890568534,0
1463,36,23,0,0.6411283883543573,2.4679899538797847,0
1464,36,24,0,0.506010965403674,2.045787923035439,0
1465,36,25,0,0.37174666050169336,1.6255057980337744,0
1466,36,26,0,0.23835702731221478,1.207100891152182,0
1467,36,27,0,0.10586328598370177,0.7905305216475127,0
1468,36,28,0,-0.025713685345804507,0.3757521090720387,0
1469,36,29,0,-0.15635335893623126,-0.03727673649974304,0
1470,36,30,0,-0.28603556571851685,-0.4485981275164849,0
1471,36,31,0,-0.41474050344557345,-0.8582538154398486,0
1472,36,32,0,-0.5424487447139044,-1.266285110840274,0
1473,36,33,0,-0.6691412448481954,-1.6727328072482723,0
1474,36,34,0,-0.7947993496415614,-2.0776371088998142,0
1475,36,35,0,-0.9194048029435389,-2.4810375625014784,0
1476,36,36,0,-1.042939754088473,-2.8829729931294357,0
1477,36,37,0,-1.1653867651563785,-3.283481444363389,0
1478,36,38,0,-1.2867288180588197,-3.6826001227441143,0
1479,36,39,0,-1.4069493214421744,-4.080365346630175,0
1480,37,0,0,3.9462213905325636,12.753202210520266,0
1481,37,1,0,3.7971798114872013,12.277917530458692,0
1482,37,2,0,3.6484209801529333,11.805296879681189,0
1483,37,3,0,3.4999715656539023,11.335326337438026,0
1484,37,4,0,3.3518581161364094,10.867989528395714,0
1485,37,5,0,3.204107049798644,10.403267720483758,0
1486,37,6,0,3.0567446459086884,9.941139925491926,0
1487,37,7,0,2.9097970358125833,9.481583002155668,0
1488,37,8,0,2.763290193934502,9.024571761463012,0
1489,37,9,0,2.6172499287714674,8.570079073912828,0
1490,37,10,0,2.4717018738849026,8.118075978451332,0
1491,37,11,0,2.326671478892007,7.668531792811965,0
1492,37,12,0,2.182184000459909,7.221414224981903,0
1493,37,13,0,2.038264493305833,6.7766894855187205,0
1494,37,14,0,1.8949378012067661,6.334322400439537,0
1495,37,15,0,1.752228548022579,5.894276524407266,0
1496,37,16,0,1.6101611287362814,5.456514253939012,0
1497,37,17,0,1.4687597005160213,5.020996940364694,0
1498,37,18,0,1.3280481738030778,4.587685002266482,0
1499,37,19,0,1.188050203430684,4.156538037133646,0
1500,37,20,0,1.0487891797786555,3.7275149319719345,0
1501,37,21,0,0.9102882199689563,3.3005739726109433,0
1502,37,22,0,0.7725701591077545,2.875672951459884,0
1503,37,23,0,0.635657541579522,2.452769273467224,0
1504,37,24,0,0.4995726123989692,2.0318200600476666,0
1505,37,25,0,0.3643373086270924,1.612782250747041,0
1506,37,26,0,0.2299732508573461,1.1956127024238419,0
1507,37,27,0,0.0965017347785828,0.7802682857352171,0
1508,37,28,0,-0.0360562771788631,0.36670597872391325,0
1509,37,29,0,-0.16768016410687098,-0.04511704268700983,0
1510,37,30,0,-0.2983496547864164,-0.45524331747520363,0
1511,37,31,0,-0.42804483575025887,-0.863715015748149,0
1512,37,32,0,-0.5567461592345275,-1.2705738585822974,0
1513,37,33,0,-0.6844344510116106,-1.6758610416220379,0
1514,37,34,0,-0.8110909180973284,-2.079617162577326,0
1515,37,35,0,-0.9366971563244334,-2.4818821527460533,0
1516,37,36,0,-1.0612351577753183,-2.882695212675436,0
1517,37,37,0,-1.1846873180659945,-3.282094752063894,0
1518,37,38,0,-1.3070364434739268,-3.6801183339923553,0
1519,37,39,0,-1.4282657579019167,-4.076802623560848,0
1520,38,0,0,3.961593631297204,12.707712639418938,0
1521,38,1,0,3.811677326277471,12.233746042323181,0
1522,38,2,0,3.662040585968679,11.76244671881393,0
1523,38,3,0,3.512710017405385,11.293800215482786,0
1524,38,4,0,3.3637121083998087,10.827789624612237,0
1525,38,5,0,3.215073218954325,10.364395682296626,0
1526,38,6,0,3.0668195726597673,9.90359686931439,0
1527,38,7,0,2.918977248080885,9.44536951448949,0
1528,38,8,0,2.7715721701298555,8.989687900275017,0
1529,38,9,0,2.6246301014296636,8.536524370288827,0
1530,38,10,0,2.4781766336687836,8.085849438528282,0
1531,38,11,0,2.332237178949263,7.6376318999886905,0
1532,38,12,0,2.186836961130471,7.19183894240911,0
1533,38,13,0,2.042001007170924,6.74843625886845,0
1534,38,14,0,1.897754138470949,6.307388160954466,0
1535,38,15,0,1.7541209622192737,5.868657692229987,0
1536,38,16,0,1.611125862746693,5.432206741721184,0
1537,38,17,0,1.4687929928905008,4.997996157156073,0
1538,38,18,0,1.3271462653734263,4.565985857683464,0
1539,38,19,0,1.1862093442010535,4.136134945806884,0
1540,38,20,0,1.0460056360823242,3.7084018182723133,0
1541,38,21,0,0.9065582818773821,3.282744275653276,0
1542,38,22,0,0.7678901480778351,2.859119630383073,0
1543,38,23,0,0.6300238183245253,2.437484812989947,0
1544,38,24,0,0.49298158496786537,2.0177964762978733,0
1545,38,25,0,0.3567854406767451,1.6000110973637736,0
1546,38,26,0,0.2214570701013581,1.1840850769294904,0
1547,38,27,0,0.08701784159629332,0.7699748361759465,0
1548,38,28,0,-0.046511200990115964,0.35763691057600405,0
1549,38,29,0,-0.17910934645356866,-0.05297195934760815,0
1550,38,30,0,-0.3107562242923541,-0.46189474054301316,0
1551,38,31,0,-0.4414318126796041,-0.8691740234011683,0
1552,38,32,0,-0.5711164463425826,-1.2748519413413537,0
1553,38,33,0,-0.6997908243416108,-1.6789700941602015,0
1554,38,34,0,-0.8274360177418145,-2.081569475283424,0
1555,38,35,0,-0.9540334771698121,-2.482690403046653,0
1556,38,36,0,-1.0795650402483694,-2.8823724561198483,0
1557,38,37,0,-1.2040129389010983,-3.2806544131772055,0
1558,38,38,0,-1.3273598065197456,-3.6775741969016287,0
1559,38,39,0,-1.4495886849863722,-4.073168822400119,0
1560,39,0,0,3.976560449912844,12.661992446913626,0
1561,39,1,0,3.82577991320426,12.189350741091538,0
1562,39,2,0,3.675275776734417,11.719379592373233,0
1563,39,3,0,3.525074583046695,11.252064015847763,0
1564,39,4,0,3.3752027571888488,10.787386572601578,0
1565,39,5,0,3.2256865985082035,10.325327468103147,0
1566,39,6,0,3.076552272430693,9.865864653339846,0
1567,39,7,0,2.927825802223906,9.408973928444718,0
1568,39,8,0,2.7795330607444546,8.954629048546316,0
1569,39,9,0,2.6316997621704816,8.502801831571107,0
1570,39,10,0,2.484351453720066,8.053462267725756,0
1571,39,11,0,2.337513507356693,7.606578630383764,0
1572,39,12,0,2.1912111114834296,7.162117588099989,0
1573,39,13,0,2.045469262627195,6.720044317476002,0
1574,39,14,0,1.9003127571153862,6.280322616598677,0
1575,39,15,0,1.755766182747024,5.8429150187764485,0
1576,39,16,0,1.6118539104608534,5.407782906297666,0
1577,39,17,0,1.4686000860035044,4.97488662393948,0
1578,39,18,0,1.3260286216005515,4.544185591956924,0
1579,39,19,0,1.1841631876340353,4.115638418286992,0
1580,39,20,0,1.0430272043301618,3.689203009706145,0
1581,39,21,0,0.9026438334610274,3.2648366816847143,0
1582,39,22,0,0.7630359700646605,2.842496266687775,0
1583,39,23,0,0.6242262341881523,2.42213822067812,0
1584,39,24,0,0.4862369626581552,2.0037187275839856,0
1585,39,25,0,0.3490902008844168,1.5871938015017941,0
1586,39,26,0,0.21280769470122146,1.1725193864123282,0
1587,39,27,0,0.07741088225256926,0.7596514531974327,0
1588,39,28,0,-0.05707911407323496,0.34854609375355455,0
1589,39,29,0,-0.19064149565332333,-0.0608403879918493,0
1590,39,30,0,-0.3232557955783916,-0.46855138834485105,0
1591,39,31,0,-0.45490188653232216,-0.8746299195635362,0
1592,39,32,0,-0.585559988596924,-1.2791185291928295,0
1593,39,33,0,-0.7152106769746983,-1.6820592231661136,0
1594,39,34,0,-0.8438348896227463,-2.0834933928129726,0
1595,39,35,0,-0.9714139347903741,-2.4834617458997457,0
1596,39,36,0,-1.09792949845321,-2.8820042418177136,0
1597,39,37,0,-1.2233636516363096,-3.2791600310211533,0
1598,39,38,0,-1.3476988576183913,-3.6749673988044713,0
1599,39,39,0,-1.4709179790098812,-4.06946371349531,0
