0,0,0,0,-5.310248621689869,-6.354400454820208,0
1,0,1,0,-5.149160289672354,-5.702042274112427,0
2,0,2,0,-4.9883462302063855,-5.047850195773326,0
3,0,3,0,-4.82783767624435,-4.391888472681232,0
4,0,4,0,-4.667665379915287,-3.734221362021549,0
5,0,5,0,-4.507859603910064,-3.0749130809013905,0
6,0,6,0,-4.348450113265238,-2.4140277625606967,0
7,0,7,0,-4.189466167549623,-1.7516294132280514,0
8,0,8,0,-4.0309365134569015,-1.0877818696674255,0
9,0,9,0,-3.872889377807203,-0.42254875745854503,0
10,0,10,0,-3.7153524609604953,0.24400654994638585,0
11,0,11,0,-3.558352930643557,0.9118209713523314,0
12,0,12,0,-3.4019174161929344,1.580831757099112,0
13,0,13,0,-3.2460720032146946,2.250976527453499,0
14,0,14,0,-3.0908422286623503,2.9221933100837503,0
15,0,15,0,-2.9362530763333,3.5944205765856427,0
16,0,16,0,-2.782328972784381,4.267597278032551,0
17,0,17,0,-2.6290937836655086,4.94166287952527,0
18,0,18,0,-2.4765708104718365,5.6165573937151745,0
19,0,19,0,-2.3247827877124045,6.292221413282513,0
20,0,20,0,-2.1737518804944913,6.968596142347942,0
21,0,21,0,-2.023499682521688,7.645623426801164,0
22,0,22,0,-1.8740472145031306,8.323245783530945,0
23,0,23,0,-1.7254149229719151,9.001406428542424,0
24,0,24,0,-1.577622679508954,9.680049303950629,0
25,0,25,0,-1.4306897803696053,10.359119103838761,0
26,0,26,0,-1.2846349465087485,11.038561298974688,0
27,0,27,0,-1.139476324000322,11.718322160377301,0
28,0,28,0,-0.9952314848471404,12.398348781727465,0
29,0,29,0,-0.8519174281756713,13.078589100620535,0
30,0,30,0,-0.7095505818107394,13.758991918657749,0
31,0,31,0,-0.5681468042248167,14.439506920373981,0
32,0,32,0,-0.4277213868556178,15.120084691004058,0
33,0,33,0,-0.28828905678611144,15.800676733086867,0
34,0,34,0,-0.14986397978022872,16.481235481910502,0
35,0,35,0,-0.01245976366751633,17.161714319802044,0
36,0,36,0,0.12391053793038435,17.842067589264484,0
37,0,37,0,0.2592344215390817,18.522250604968605,0
38,0,38,0,0.3934999294438445,19.202219664602527,0
39,0,39,0,0.5266956449836095,19.881932058588088,0
40,1,0,0,-5.043531800809233,-6.310798895269352,0
41,1,1,0,-4.882637458377306,-5.657219499325707,0
42,1,2,0,-4.722033404945918,-5.001825571101968,0
43,1,3,0,-4.5617509034956925,-4.344681705089331,0
44,1,4,0,-4.401820730396721,-3.6858524841212095,0
45,1,5,0,-4.242273166734908,-3.0254024349526323,0
46,1,6,0,-4.083137990041431,-2.3633959844519246,0
47,1,7,0,-3.924444466429217,-1.6998974164525025,0
48,1,8,0,-3.7662213431401845,-1.0349708293111872,0
49,1,9,0,-3.6084968415060596,-0.3686800942153825,0
50,1,10,0,-3.451298650325911,0.2989111857181168,0
51,1,11,0,-3.2946539196621782,0.9677397155157388,0
52,1,12,0,-3.138589255057677,1.6377425475529805,0
53,1,13,0,-2.983130712174669,2.3088571198599825,0
54,1,14,0,-2.8283037918571576,2.9810212934951923,0
55,1,15,0,-2.6741334356172435,3.6541733889563983,0
56,1,16,0,-2.5206440215457078,4.328252221601868,0
57,1,17,0,-2.367859360646398,5.003197136057692,0
58,1,18,0,-2.2158026935944206,5.678948039585053,0
59,1,19,0,-2.0644966879165505,6.355445434389767,0
60,1,20,0,-1.913963435592774,7.032630448852209,0
61,1,21,0,-1.7642244510773337,7.710444867662136,0
62,1,22,0,-1.6153006697364176,8.388831160842901,0
63,1,23,0,-1.4672124467007883,9.067732511651222,0
64,1,24,0,-1.3199795561294307,9.747092843342102,0
65,1,25,0,-1.1736211908815948,10.426856844787494,0
66,1,26,0,-1.0281559625929482,11.10696999494292,0
67,1,27,0,-0.8836019021517063,11.787378586153778,0
68,1,28,0,-0.7399764605705944,12.46802974629677,0
69,1,29,0,-0.5972965102492409,13.148871459753673,0
70,1,30,0,-0.4555783466218932,13.82985258721537,0
71,1,31,0,-0.31483769018510493,14.51092288431391,0
72,1,32,0,-0.1750896888989006,15.192033019085342,0
73,1,33,0,-0.03634892095559123,15.873134588263092,0
74,1,34,0,0.10137060209070348,16.554180132405644,0
75,1,35,0,0.23805543184067243,17.235123149862204,0
76,1,36,0,0.3736926792197117,17.915918109579838,0
77,1,37,0,0.5082700103090544,18.596520462760168,0
78,1,38,0,0.6417756418454014,19.276886653368923,0
79,1,39,0,0.7741983363976889,19.956974127507717,0
80,2,0,0,-4.777261577069716,-6.266207026341988,0
81,2,1,0,-4.616570214361117,-5.611416436537143,0
82,2,2,0,-4.456185058323899,-4.9548308996231585,0
83,2,3,0,-4.296137398428596,-4.296515348998518,0
84,2,4,0,-4.136458031780729,-3.6365346902850084,0
85,2,5,0,-3.9771772543899298,-2.974953756872943,0
86,2,6,0,-3.818324852846389,-2.3118372660944946,0
87,2,7,0,-3.6599300964089108,-1.6472497760730043,0
88,2,8,0,-3.5020217295082214,-0.9812556432944266,0
89,2,9,0,-3.344627964668556,-0.31391898094322984,0
90,2,10,0,-3.1877764758508356,0.35469638195483205,0
91,2,11,0,-3.0314943922191975,1.0245269405459256,0
92,2,12,0,-2.87580829233362,1.695509553279752,0
93,2,13,0,-2.7207441987696748,2.36758148012595,0
94,2,14,0,-2.566327573166685,3.040680419844071,0
95,2,15,0,-2.412583311705362,3.7147445462765543,0
96,2,16,0,-2.2595357410149233,4.389712543637682,0
97,2,17,0,-2.107208614509504,5.065523640775021,0
98,2,18,0,-1.9556251091538137,5.74211764437721,0
99,2,19,0,-1.8048078226565545,6.419434971110847,0
100,2,20,0,-1.6547787710906057,7.097416678665011,0
101,2,21,0,-1.5055593869381405,7.776004495687977,0
102,2,22,0,-1.3571705175581927,8.455140850601289,0
103,2,23,0,-1.2096324240745817,9.134768899277642,0
104,2,24,0,-1.0629647806806304,9.814832551572406,0
105,2,25,0,-0.9171866743577499,10.495276496698004,0
106,2,26,0,-0.7723166050037646,11.176046227435663,0
107,2,27,0,-0.6283724859667723,11.857088063176635,0
108,2,28,0,-0.4853716449802404,12.538349171788898,0
109,2,29,0,-0.3433308254940802,13.219777590306931,0
110,2,30,0,-0.2022661883963472,13.901322244442902,0
111,2,31,0,-0.062193314120192876,14.582932966917506,0
112,2,32,0,0.07687279487041081,15.264560514613867,0
113,2,33,0,0.21491771122226352,15.946156584554368,0
114,2,34,0,0.35192757946879266,16.62767382870511,0
115,2,35,0,0.4878891124470911,17.30906586761165,0
116,2,36,0,0.6227895873635805,17.99028730287068,0
117,2,37,0,0.7566168415161643,18.671293728445537,0
118,2,38,0,0.8893592676804178,19.35204174082965,0
119,2,39,0,1.0210058091686538,20.03248894806806,0
120,3,0,0,-4.511446221414846,-6.220630256214975,0
121,3,1,0,-4.350966810644848,-5.564638523005129,0
122,3,2,0,-4.190809423173854,-4.90687164480337,0
123,3,3,0,-4.031005371412905,-4.247394891168588,0
124,3,4,0,-3.8715854696882746,-3.586273487611612,0
125,3,5,0,-3.712580025454877,-2.9235725711073473,0
126,3,6,0,-3.5540188309213727,-2.2593571462510824,0
127,3,7,0,-3.395931155091312,-1.5936920421066645,0
128,3,8,0,-3.238345736224024,-0.926641869792831,0
129,3,9,0,-3.0812907747186618,-0.25827098084954364,0
130,3,10,0,-2.924793926424383,0.41135657357300026,0
131,3,11,0,-2.7688822963790702,1.0821770826661088,0
132,3,12,0,-2.6135824329789443,1.7541272150173957,0
133,3,13,0,-2.458920322580527,2.427144056735349,0
134,3,14,0,-2.304921384536209,3.1011651486128273,0
135,3,15,0,-2.1516104666644797,3.776128522298766,0
136,3,16,0,-1.9990118411551157,4.451972735451872,0
137,3,17,0,-1.8471492009089128,5.12863690585255,0
138,3,18,0,-1.6960456563122515,5.806060744447705,0
139,3,19,0,-1.545723732444895,6.484184587311126,0
140,3,20,0,-1.3962053667199847,7.162949426498505,0
141,3,21,0,-1.2475119069546998,7.842296939782045,0
142,3,22,0,-1.0996641098687774,8.522169519249973,0
143,3,23,0,-0.9526821400090849,9.202510298758,0
144,3,24,0,-0.806585569096479,9.883263180222915,0
145,3,25,0,-0.6613933757921694,10.564372858747829,0
146,3,26,0,-0.5171239458792815,11.245784846574056,0
147,3,27,0,-0.37379507285547825,11.927445495852352,0
148,3,28,0,-0.23142395893230452,12.609302020229535,0
149,3,29,0,-0.09002721643585036,13.291302515249088,0
150,3,30,0,0.0503791303966028,13.973395977563948,0
151,3,31,0,0.1897796432293967,14.655532322960847,0
152,3,32,0,0.3281594670574491,15.337662403199502,0
153,3,33,0,0.4655043272573756,16.019738021667266,0
154,3,34,0,0.6018005262679544,16.70171194785465,0
155,3,35,0,0.7370349399069096,17.383537930655486,0
156,3,36,0,0.8711950133315829,18.065170710497007,0
157,3,37,0,1.0042687566515305,18.746566030308472,0
158,3,38,0,1.1362447402007052,19.42768064533272,0
159,3,39,0,1.2671120894781769,20.108472331791372,0
160,4,0,0,-4.246093918566709,-6.174074019083203,0
161,4,1,0,-4.085835413033735,-5.516891220894159,0
162,4,2,0,-3.9259146441421935,-4.8579532938714065,0
163,4,3,0,-3.7663629436841832,-4.197325840946676,0
164,4,4,0,-3.6072111396838986,-3.535074404581619,0
165,4,5,0,-3.448489547557046,-2.871264422247954,0
166,4,6,0,-3.2902279616861967,-2.20596118256797,0
167,4,7,0,-3.132455647416544,-1.5392297821631493,0
168,4,8,0,-2.9752013334761793,-0.8711350832569339,0
169,4,9,0,-2.8184932048239033,-0.2017416720735475,0
170,4,10,0,-2.662358895928269,0.4688861819247982,0
171,4,11,0,-2.5068254844798044,1.1406845659257898,0
172,4,12,0,-2.3519194855392773,1.8135899627425218,0
173,4,13,0,-2.1976668461233757,2.4875392888436587,0
174,4,14,0,-2.0440929402291177,3.1624699314073124,0
175,4,15,0,-1.8912225642982101,3.83831978436868,0
176,4,16,0,-1.7390799331216706,4.51502728343499,0
177,4,17,0,-1.5876886761843532,5.192531440044553,0
178,4,18,0,-1.4370718344498201,5.870771874244894,0
179,4,19,0,-1.287251857583749,6.5496888464728,0
180,4,20,0,-1.1382506016152187,7.229223288215896,0
181,4,21,0,-0.9900893270340697,7.909316831540832,0
182,4,22,0,-0.8427886973216893,8.589911837474045,0
183,4,23,0,-0.6963687779134219,9.270951423222272,0
184,4,24,0,-0.5508490355887574,9.952379488223446,0
185,4,25,0,-0.4062483382865763,10.634140739018136,0
186,4,26,0,-0.2625849553410349,11.316180712936688,0
187,4,27,0,-0.11987655813407024,11.998445800595125,0
188,4,28,0,0.021859778840103226,12.680883267196911,0
189,4,29,0,0.1626075765037108,13.363441272638715,0
190,4,30,0,0.3023509493229013,14.046068890419738,0
191,4,31,0,0.44107460303953216,14.72871612535378,0
192,4,32,0,0.5787638320139025,15.411333930088203,0
193,4,33,0,0.7154045161846502,16.09387422043106,0
194,4,34,0,0.8509831176531174,16.77628988949145,0
195,4,35,0,0.985486676899154,17.458534820638626,0
196,4,36,0,1.11890280863622,18.140563899284786,0
197,4,37,0,1.2512196973137888,18.822333023500676,0
198,4,38,0,1.382426092275037,19.503799113469523,0
199,4,39,0,1.512511302578708,20.184920119789933,0
200,5,0,0,-3.9812127668615025,-6.126543774416178,0
201,5,1,0,-3.821184099969292,-5.468180016533389,0
202,5,2,0,-3.6615087775576134,-4.808081357079541,0
203,5,3,0,-3.502218147230955,-4.146313729531772,0
204,5,4,0,-3.3433430471815404,-3.482942990326275,0
205,5,5,0,-3.1849137972962223,-2.818034874307522,0
206,5,6,0,-3.0269601906838286,-2.1516549508542924,0
207,5,7,0,-2.869511485627287,-1.4838685807302578,0
208,5,8,0,-2.712596397964685,-0.8147408737049707,0
209,5,9,0,-2.556243093902746,-0.14433664698699195,0
210,5,10,0,-2.4004791832660963,0.5272796154884655,0
211,5,11,0,-2.245331713184758,1.2000438028813798,0
212,5,12,0,-2.0908271622225523,1.8738922163405483,0
213,5,13,0,-1.9369914349480029,2.548761606936563,0
214,5,14,0,-1.783849856949159,3.2245892126033344,0
215,5,15,0,-1.6314271702935428,3.901312794058355,0
216,5,16,0,-1.4797475294336535,4.578870669675701,0
217,5,17,0,-1.3288344975577586,5.257201749288793,0
218,5,18,0,-1.1787110433863723,5.936245566898039,0
219,5,19,0,-1.0293995384127326,6.6159423122668475,0
220,5,20,0,-0.8809217545866265,7.296232861385653,0
221,5,21,0,-0.7332988624397626,7.977058805789569,0
222,5,22,0,-0.5865514296500643,8.658362480716008,0
223,5,23,0,-0.44069942004312823,9.34008699208969,0
224,5,24,0,-0.2957621930268606,10.022176242326406,0
225,5,25,0,-0.15175850345677697,10.704574954945585,0
226,5,26,0,-0.008706501927292458,11.38722869798791,0
227,5,27,0,0.13337626451495996,12.070083906230957,0
228,5,28,0,0.27447285124037485,12.75308790220059,0
229,5,29,0,0.41456691449359634,13.43618891597691,0
230,5,30,0,0.5536427094442806,14.119336103794575,0
231,5,31,0,0.6916850878369459,14.80247956543718,0
232,5,32,0,0.8286794952467154,15.485570360430465,0
233,5,33,0,0.964611967947313,16.168560523036014,0
234,5,34,0,1.0994691293985381,16.851403076051234,0
235,5,35,0,1.2332381863605604,17.534052043421323,0
236,5,36,0,1.3659069246427995,18.21646246166881,0
237,5,37,0,1.4974637044956476,18.898590390150762,0
238,5,38,0,1.6278974556531218,19.580392920148977,0
239,5,39,0,1.7571976720355478,20.26182818280474,0
240,6,0,0,-3.7168107780997985,-6.078045006220298,0
241,6,1,0,-3.557020862396473,-5.418510419681305,0
242,6,2,0,-3.3975997913156335,-4.757261366971299,0
243,6,3,0,-3.23857892469743,-4.094364109246328,0
244,6,4,0,-3.079989107365911,-3.4298848139035902,0
245,6,5,0,-2.9218606601853194,-2.76388951000084,0
246,6,6,0,-2.764223371541053,-2.096444044369389,0
247,6,7,0,-2.607106489249774,-1.4276140384681837,0
248,6,8,0,-2.4505387129030862,-0.7574648460247283,0
249,6,9,0,-2.294548186648204,-0.08606151150455342,0
250,6,10,0,-2.1391624924091626,0.5865312705487353,0
251,6,11,0,-1.984408643551136,1.2602491952666308,0
252,6,12,0,-1.8303130789906052,1.9350283862651376,0
253,6,13,0,-1.6769016577530478,2.6108054334777764,0
254,6,14,0,-1.5241996539796914,3.287517429981746,0
255,6,15,0,-1.3722317523845704,3.965102007787813,0
256,6,16,0,-1.2210220441623902,4.6434973725679765,0
257,6,17,0,-1.0705940233469977,5.322642337298415,0
258,6,18,0,-0.9209705836208739,6.002476354793086,0
259,6,19,0,-0.7721740155740585,6.682939549111705,0
260,6,20,0,-0.6242260044118284,7.363972745822278,0
261,6,21,0,-0.47714762810935296,8.04551750110409,0
262,6,22,0,-0.3309593560107765,8.727516129677673,0
263,6,23,0,-0.18568104787084155,9.409911731550036,0
264,6,24,0,-0.041331953335241714,10.092648217566355,0
265,6,25,0,0.10206928814303898,10.77567033375922,0
266,6,26,0,0.24450464695591967,11.458923684491461,0
267,6,27,0,0.38595670256505016,12.142354754386675,0
268,6,28,0,0.5264086423038996,12.825910929045133,0
269,6,29,0,0.665844259762571,13.509540514544529,0
270,6,30,0,0.8042479527609455,14.193192755725896,0
271,6,31,0,0.9416047209158268,14.876817853264935,0
272,6,32,0,1.0779001628089546,15.560366979533889,0
273,6,33,0,1.2131204727623455,16.243792293256202,0
274,6,34,0,1.3472524372283194,16.92704695296039,0
275,6,35,0,1.4802834308016322,17.610085129239103,0
276,6,36,0,1.6122014118616148,18.29286201581992,0
277,6,37,0,1.7429949178527622,18.975333839458102,0
278,6,38,0,1.8726530602118976,19.657457868657083,0
279,6,39,0,2.001165518951322,20.339192421229733,0
280,7,0,0,-3.4528958774123377,-6.028583222307391,0
281,7,1,0,-3.2933536036464335,-5.367887962796949,0
282,7,2,0,-3.1341955647790836,-4.705498877656177,0
283,7,3,0,-2.975453129302096,-4.041482552815182,0
284,7,4,0,-2.817157145129999,-3.3759054635821553,0
285,7,5,0,-2.6593379306074194,-2.7088339300342525,0
286,7,6,0,-2.502025265945443,-2.0403340731188546,0
287,7,7,0,-2.3452483850915202,-1.3704717715127648,0
288,7,8,0,-2.1890359680373632,-0.6993126192848114,0
289,7,9,0,-2.0334161335685677,-0.026921884403734376,0
290,7,10,0,-1.87841643245941,0.6466355318671969,0
291,7,11,0,-1.724063841115664,1.3212951346524717,0
292,7,12,0,-1.570384755668106,1.9969928741867762,0
293,7,13,0,-1.4174049865186422,2.6736651835453378,0
294,7,14,0,-1.2651497533404823,3.351249015351817,0
295,7,15,0,-1.1136436805338787,4.029681877434602,0
296,7,16,0,-0.9629107931378004,4.708901867405857,0
297,7,17,0,-0.812974513197542,5.388847706141154,0
298,7,18,0,-0.663857656588671,6.069458770135283,0
299,7,19,0,-0.5155824302957192,6.750675122718441,0
300,7,20,0,-0.36817043014507067,7.432437544113188,0
301,7,21,0,-0.22164263899018607,8.114687560318501,0
302,7,22,0,-0.07601942534665702,8.797367470807902,0
303,7,23,0,0.0686794575247284,9.480420375030231,0
304,7,24,0,0.21243487209086015,10.163790197704829,0
305,7,25,0,0.355228296577797,10.847421712902394,0
306,7,26,0,0.49704182456541623,11.531260566908468,0
307,7,27,0,0.6378581641494085,12.21525329986348,0
308,7,28,0,0.7776606366752663,12.899347366178155,0
309,7,29,0,0.9164331750498111,13.583491153723834,0
310,7,30,0,1.0541603216359041,14.267634001798585,0
311,7,31,0,1.1908272257361248,14.951726217870059,0
312,7,32,0,1.3264196406723174,15.635719093100413,0
313,7,33,0,1.4609239204676678,16.319564916656557,0
314,7,34,0,1.5943270161386403,17.003216988811964,0
315,7,35,0,1.726616471604419,17.686629632847442,0
316,7,36,0,1.8577804192218397,18.36975820575723,0
317,7,37,0,1.987807574954414,19.05255910777139,0
318,7,38,0,2.1166872331836557,19.73498979070139,0
319,7,39,0,2.2444092611723043,20.417008765121302,0
320,8,0,0,-3.189475903140357,-5.978163953569335,0
321,8,1,0,-3.0301901393340334,-5.31631820031776,0
322,8,2,0,-2.87130388869338,-4.652799464091311,0
323,8,3,0,-2.7128485247715757,-3.9876746526517546,0
324,8,4,0,-2.5548548950279035,-3.321010546132758,0
325,8,5,0,-2.3973533117881654,-2.652873752403362,0
326,8,6,0,-2.240373543638054,-1.9833306631590448,0
327,8,7,0,-2.083944807254719,-1.3124474107875501,0
328,8,8,0,-1.9280957596806627,-0.6402898260551887,0
329,8,9,0,-1.7728544910439445,0.03307660334516195,0
330,8,10,0,-1.6182485177283832,0.7075867733424066,0
331,8,11,0,-1.4643047759964443,1.3831760030962832,0
332,8,12,0,-1.3110496160678122,2.059780073630343,0
333,8,13,0,-1.1585087966555003,2.7373352654567458,0
334,8,14,0,-1.006707479961073,3.415778395162944,0
335,8,15,0,-0.8556702271305403,4.095046850931216,0
336,8,16,0,-0.7054209941714162,4.775078626965796,0
337,8,17,0,-0.5559831283308843,5.455812356805625,0
338,8,18,0,-0.40737936493559374,6.13718734549872,0
339,8,19,0,-0.2596318246915697,6.819143600622663,0
340,8,20,0,-0.11276201144354936,7.501621862131946,0
341,8,21,0,0.03320918960791261,8.184563631018952,0
342,8,22,0,0.17826151323413442,8.867911196775848,0
343,8,23,0,0.32237531505273886,9.551607663646438,0
344,8,24,0,0.4655315719525408,10.235596975660128,0
345,8,25,0,0.6077118820717933,10.91982394043975,0
346,8,26,0,0.7488984643343244,11.604234251780566,0
347,8,27,0,0.8890741575477011,12.288774510995138,0
348,8,28,0,1.0282224190682292,12.973392247022801,0
349,8,29,0,1.166327323038339,13.65803593530447,0
350,8,30,0,1.303373558202086,14.342655015423567,0
351,8,31,0,1.4393464253045725,15.027199907514953,0
352,8,32,0,1.5742318340824668,15.711622027447525,0
353,8,33,0,1.7080162998520898,16.395873800784194,0
354,8,34,0,1.8406869397027745,17.07990867552647,0
355,8,35,0,1.9722314683031208,17.763681133650852,0
356,8,36,0,2.102638193328286,18.447146701444623,0
357,8,37,0,2.2318960105170333,19.130261958652355,0
358,8,38,0,2.35999439836697,19.812984546440536,0
359,8,39,0,2.4869234124775885,20.49527317419318,0
360,9,0,0,-2.92655860673065,-5.926792753258948,0
361,9,1,0,-2.7675381972703015,-5.263806707944014,0
362,9,2,0,-2.608932465116945,-4.599168721370193,0
363,9,3,0,-2.4507727852894825,-3.932946020151819,0
364,9,4,0,-2.293090001242961,-3.265205686127787,0
365,9,5,0,-2.1359144157836703,-2.5960146116988985,0
366,9,6,0,-1.9792757824216258,-1.9254394559101862,0
367,9,7,0,-1.8232032971654064,-1.2535466013251255,0
368,9,8,0,-1.6677255907638888,-0.5804021117372198,0
369,9,9,0,-1.512870721398874,0.09392830923948887,0
370,9,10,0,-1.3586661678323122,0.7693793586597739,0
371,9,11,0,-1.2051388230110651,1.4458861737805462,0
372,9,12,0,-1.0523149881321345,2.1233843706016775,0
373,9,13,0,-0.9002203671704122,2.8018100813825435,0
374,9,14,0,-0.7488800618705778,3.481099991104464,0
375,9,15,0,-0.5983185672046769,4.161191372850328,0
376,9,16,0,-0.44855976729606456,4.842022122076446,0
377,9,17,0,-0.29962693180962324,5.523530789754872,0
378,9,18,0,-0.15154271280883097,6.205656614362636,0
379,9,19,0,-0.004329142078227432,6.888339552702681,0
380,9,20,0,0.14199237108943685,7.571520309537577,0
381,9,21,0,0.28740104164293445,8.255140366023149,0
382,9,22,0,0.4318767100618419,8.939142006929936,0
383,9,23,0,0.5753998431871967,9.62346834664148,0
384,9,24,0,0.7179515345973532,10.308063353922488,0
385,9,25,0,0.8595135045319461,10.992871875448929,0
386,9,26,0,1.0000680993684383,11.67783965809764,0
387,9,27,0,1.1395982906555988,12.362913369990839,0
388,9,28,0,1.2780876737085844,13.048040620294875,0
389,9,29,0,1.415520465771391,13.733169977773917,0
390,9,30,0,1.5518815037523492,14.418250988100771,0
391,9,31,0,1.6871562415386852,15.103234189926134,0
392,9,32,0,1.8213307468972546,15.788071129713696,0
393,9,33,0,1.9543916979681721,16.47271437534414,0
394,9,34,0,2.086326379359061,17.15711752849678,0
395,9,35,0,2.217122677847649,17.841235235816217,0
396,9,36,0,2.3467690777010666,18.525023198872077,0
397,9,37,0,2.4752546556206223,19.20843818292386,0
398,9,38,0,2.602569075320639,19.891438024498814,0
399,9,39,0,2.728702581751224,20.57398163779648,0
400,10,0,0,-2.6641516526452795,-5.874475196277497,0
401,10,1,0,-2.5054054173896203,-5.210359081930195,0
402,10,2,0,-2.347088907366525,-4.544612264018679,0
403,10,3,0,-2.1892334954605834,-3.877302284994884,0
404,10,4,0,-2.0318700175710975,-3.208496525248797,0
405,10,5,0,-1.8750287634838212,-2.538262158421194,0
406,10,6,0,-1.718739468184366,-1.8666661074786017,0
407,10,7,0,-1.5630313036182002,-1.1937750015975537,0
408,10,8,0,-1.4079328709020782,-0.5196551339034721,0
409,10,9,0,-1.2534721929907726,0.1556275798944143,0
410,10,10,0,-1.0996767078032244,0.832007641931019,0
411,10,11,0,-0.9465732618107651,1.5094200116406042,0
412,10,12,0,-0.794188104090832,2.1878001442028645,0
413,10,13,0,-0.6425468808479363,2.8670840279483083,0
414,10,14,0,-0.49167463040382786,3.5472082206935354,0
415,10,15,0,-0.34159577865840557,4.2281098849777,0
416,10,16,0,-0.19233413502200583,4.909726822175712,0
417,10,17,0,-0.04391288881916457,5.591997505466677,0
418,10,18,0,0.10364539383558095,6.274861111634234,0
419,10,19,0,0.2503187726913588,6.958257551684045,0
420,10,20,0,0.3960859355445872,7.642127500259852,0
421,10,21,0,0.5409261999543705,8.326412423845662,0
422,10,22,0,0.6848195144920772,9.011054607742201,0
423,10,23,0,0.8277464595271137,9.695997181807387,0
424,10,24,0,0.9696882475526482,10.381184144954004,0
425,10,25,0,1.110626723054224,11.0665603883972,0
426,10,26,0,1.250544361925796,11.752071717649967,0
427,10,27,0,1.3894242704375301,12.437664873262284,0
428,10,28,0,1.5272501837602037,13.123287550303887,0
429,10,29,0,1.6640064640518695,13.808888416591957,0
430,10,30,0,1.7996780981126608,14.49441712966608,0
431,10,31,0,1.9342506946138167,15.179824352512979,0
432,10,32,0,2.0677104809080675,15.865061768048193,0
433,10,33,0,2.2000442994282476,16.550082092358924,0
434,10,34,0,2.3312396036819742,17.234839086717148,0
435,10,35,0,2.4612844538502587,17.919287568370645,0
436,10,36,0,2.5901675119984167,18.603383420121407,0
437,10,37,0,2.7178780369083295,19.2870835987029,0
438,10,38,0,2.844405878540727,19.970346141965646,0
439,10,39,0,2.9697414721374615,20.65313017488512,0
440,11,0,0,-2.402262618285307,-5.821216878468577,0
441,11,1,0,-2.2437993516910875,-5.155980938383224,0
442,11,2,0,-2.0857807399768147,-4.489135725298317,0
443,11,3,0,-1.9282381502892054,-3.820749094453237,0
444,11,4,0,-1.7712024074187593,-3.150888721602098,0
445,11,5,0,-1.614703784630166,-2.47962205830307,0
446,11,6,0,-1.458771994938434,-1.8070162879875458,0
447,11,7,0,-1.303436182836019,-1.1331382828561876,0
448,11,8,0,-1.1487249164757325,-0.45805456164704206,0
449,11,9,0,-0.9946661803134977,0.2181687516831131,0
450,11,10,0,-0.8412873682151198,0.8954659683230165,0
451,11,11,0,-0.6886152770298382,1.5737718739815132,0
452,11,12,0,-0.5366761006340994,2.2530217672362314,0
453,11,13,0,-0.38549542444753987,2.9331514968250363,0
454,11,14,0,-0.23509822042301218,3.6140974978510045,0
455,11,15,0,-0.08550884251235398,4.295796826872662,0
456,11,16,0,0.06324897739134809,4.9781871958551145,0
457,11,17,0,0.21115213303501607,5.661207004960989,0
458,11,18,0,0.35817814690965016,6.344795374158266,0
459,11,19,0,0.5043051728786565,7.028892173630399,0
460,11,20,0,0.649511998331021,7.713438052970682,0
461,11,21,0,0.793778045861019,8.398374469148822,0
462,11,22,0,0.9370833744769559,9.083643713238025,0
463,11,23,0,1.0794086803408547,9.7691889358932,0
464,11,24,0,1.220735297043024,10.454954171573569,0
465,11,25,0,1.3610451954142375,11.140884361502737,0
466,11,26,0,1.5003209828803579,11.826925375365247,0
467,11,27,0,1.6385459023635658,12.51302403173539,0
468,11,28,0,1.7757038307352175,13.199128117238889,0
469,11,29,0,1.911779276826012,13.885186404449412,0
470,11,30,0,2.0467573789994034,14.571148668522543,0
471,11,31,0,2.18062390229446,15.256965702570374,0
472,11,32,0,2.313365235145358,15.942589331784571,0
473,11,33,0,2.4449683856845406,16.627972426312592,0
474,11,34,0,2.575420977637363,17.31306891289658,0
475,11,35,0,2.7047112458163816,17.997833785283557,0
476,11,36,0,2.8328280312236314,18.682223113416317,0
477,11,37,0,2.959760775770174,19.366194051418063,0
478,11,38,0,3.08549951662165,20.049704844379946,0
479,11,39,0,3.21003488018006,20.73271483396618,0
480,12,0,0,-2.1408989939288356,-5.767023415918803,0
481,12,1,0,-1.9827274641943837,-5.100677912567906,0
482,12,2,0,-1.8250153986746955,-4.432744756517114,0
483,12,3,0,-1.6677941551724478,-3.7632921127089745,0
484,12,4,0,-1.5110945438157024,-3.092387949042656,0
485,12,5,0,-1.354946817848867,-2.4200999916413584,0
486,12,6,0,-1.1993806648735879,-1.7464956809172318,0
487,12,7,0,-1.0444251985448791,-1.0716421284809428,0
488,12,8,0,-0.8901089507274179,-0.3956060749409185,0
489,12,9,0,-0.7364598641162027,0.28154615136665784,0
490,12,10,0,-0.5835052853257,0.9597486746761662,0
491,12,11,0,-0.4312719584505599,1.6389361110839604,0
492,12,12,0,-0.2797860191011921,2.3190436067970457,0
493,12,13,0,-0.12907298891640898,3.0000068753076707,0
494,12,14,0,0.02084222944501777,3.681762233465075,0
495,12,15,0,0.1699353568320876,4.364246636416165,0
496,12,16,0,0.31818274164786814,5.047397711391238,0
497,12,17,0,0.46556136341424736,5.731153790314002,0
498,12,18,0,0.6120488358543886,6.415453941212944,0
499,12,19,0,0.7576234094944015,7.100237998420425,0
500,12,20,0,0.9022639737847303,7.785446591541225,0
501,12,21,0,1.0459500587429225,8.471021173179285,0
502,12,22,0,1.1886618361203134,9.156904045411274,0
503,12,23,0,1.3303801200945393,9.84303838499789,0
504,12,24,0,1.4710863674918244,10.529368267326742,0
505,12,25,0,1.6107626775417971,11.215838689080583,0
506,12,26,0,1.7493917911697034,11.902395589629801,0
507,12,27,0,1.8869570898302706,12.588985871146106,0
508,12,28,0,2.023442593888168,13.275557417438042,0
509,12,29,0,2.1588329605509884,13.962059111511087,0
510,12,30,0,2.293113481360638,14.648440851855502,0
511,12,31,0,2.4262700792494156,15.334653567465553,0
512,12,32,0,2.55828930516813,16.02064923159846,0
513,12,33,0,2.6891583342933334,16.706380874278498,0
514,12,34,0,2.8188649618216552,17.39180259355636,0
515,12,35,0,2.9473975983593834,18.07686956553285,0
516,12,36,0,3.0747452649159603,18.76153805315689,0
517,12,37,0,3.200897587510631,19.445765413811767,0
518,12,38,0,3.3258447914012326,20.129510105699,0
519,12,39,0,3.4495776949454457,20.812731693035527,0
520,13,0,0,-1.8800681826827095,-5.71190044426523,0
521,13,1,0,-1.722197130909387,-5.044455658219339,0
522,13,2,0,-1.5648002303673623,-4.375445026347878,0
523,13,3,0,-1.4079088259074486,-3.7049370201788165,0
524,13,4,0,-1.2515537094418623,-3.032999896506256,0
525,13,5,0,-1.0957651106977966,-2.3597016526372454,0
526,13,6,0,-0.9405726884250563,-1.685109982454038,0
527,13,7,0,-0.78600552206315,-1.0092922333390304,0
528,13,8,0,-0.6320921038728801,-0.3323153640070903,0
529,13,9,0,-0.47886033153680513,0.3457540967136782,0
530,13,10,0,-0.32633750123262556,1.024850090111969,0
531,13,11,0,-0.174550301182814,1.7049070667990336,0
532,13,12,0,-0.023524805683799548,2.3858600248546287,0
533,13,13,0,0.12671353038302524,3.0676445468819096,0
534,13,14,0,0.27613987655656497,3.7501968359428397,0
535,13,15,0,0.424730031315648,4.433453750346178,0
536,13,16,0,0.5724604261123245,5.11735283726441,0
537,13,17,0,0.719308128918578,5.801832365159098,0
538,13,18,0,0.865250847285796,6.486831354992401,0
539,13,19,0,1.0102669309183812,7.172289610210987,0
540,13,20,0,1.154335373762002,7.858147745484894,0
541,13,21,0,1.297435815608212,8.544347214190198,0
542,13,22,0,1.4395485432178623,9.230830334624743,0
543,13,23,0,1.5806544909653695,9.91754031494812,0
544,13,24,0,1.7207352410076227,10.60442127684033,0
545,13,25,0,1.8597730229804907,11.29141827787325,0
546,13,26,0,1.9977507132277261,11.978477332594483,0
547,13,27,0,2.1346518335665734,12.665545432320794,0
548,13,28,0,2.270460549595153,13.35257056364263,0
549,13,29,0,2.4051616685475277,14.039501725642548,0
550,13,30,0,2.538740636702428,14.726288945831838,0
551,13,31,0,2.6711835363520775,15.412883294808957,0
552,13,32,0,2.802477082338423,16.09923689964916,0
553,13,33,0,2.9326086181640907,16.78530295603119,0
554,13,34,0,3.061566111686049,17.471035739111354,0
555,13,35,0,3.189338150400312,18.15639061315545,0
556,13,36,0,3.3159139363264396,18.841324039938435,0
557,13,37,0,3.4412832805012137,19.525793585926642,0
558,13,38,0,3.5654365970906543,20.209757928252483,0
559,13,39,0,3.68836489713078,20.893176859498155,0
560,14,0,0,-1.6197775004479253,-5.655853618009612,0
561,14,1,0,-1.4622156398195316,-4.987319846862689,0
562,14,2,0,-1.3051424931443096,-4.317242220154119,0
563,14,3,0,-1.1485893887125214,-3.6456895128470608,0
564,14,4,0,-0.9925870966682973,-2.9727302673501845,0
565,14,5,0,-0.8371658197278157,-2.298432748745307,0
566,14,6,0,-0.6823551843557033,-1.622864900848744,0
567,14,7,0,-0.5281842324050918,-0.9460943031533031,0
568,14,8,0,-0.374681413226493,-0.26818812869573433,0
569,14,9,0,-0.22187457624989113,0.4107868971095457,0
570,14,10,0,-0.0697909640443311,1.0907645366298528,0
571,14,11,0,0.08154279414174734,1.7716790791318795,0
572,14,12,0,0.23210068835595407,2.45346537882206,0
573,14,13,0,0.3818573334308293,3.136058891779025,0
574,14,14,0,0.5307879739842504,3.8193957117495407,0
575,14,15,0,0.678868488929327,4.5034126047806255,0
576,14,16,0,0.8260753954931418,5.188047042664211,0
577,14,17,0,0.9723858527439398,5.873237235174442,0
578,14,18,0,1.1177776646261581,6.558922161075457,0
579,14,19,0,1.2622292825045685,7.245041597886311,0
580,14,20,0,1.4057198072181343,7.931536150386161,0
581,14,21,0,1.5482289906452258,8.618347277848704,0
582,14,22,0,1.6897372367825803,9.305417319995714,0
583,14,23,0,1.8302256023402022,9.992689521661298,0
584,14,24,0,1.9696757968558893,10.680108056161828,0
585,14,25,0,2.108070182332471,11.3676180473659,0
586,14,26,0,2.2453917724025083,12.055165590464744,0
587,14,27,0,2.3816242310248756,12.742697771440596,0
588,14,28,0,2.5167518707182785,13.430162685235098,0
589,14,29,0,2.650759650337799,14.117509452621176,0
590,14,30,0,2.783633172400395,14.80468823578305,0
591,14,31,0,2.9153586799659164,15.4916502526088,0
592,14,32,0,3.0459230530810943,16.178347789705377,0
593,14,33,0,3.175313804793846,16.86473421414232,0
594,14,34,0,3.303519076745984,17.550763983935564,0
595,14,35,0,3.430527634352924,18.23639265728182,0
596,14,36,0,3.5563288615790003,18.92157690055456,0
597,14,37,0,3.6809127553182193,19.606274495076658,0
598,14,38,0,3.804269919389501,20.290444342680757,0
599,14,39,0,3.926391558157097,20.974046470073635,0
600,15,0,0,-1.3600341758985919,-5.598888609839764,0
601,15,1,0,-1.2027901908789955,-4.929276167140453,0
602,15,2,0,-1.0460493562931814,-4.258142039323932,0
603,15,3,0,-0.8898429802623207,-3.5855553016067097,0
604,15,4,0,-0.7342018076121897,-2.911584778702381,0
605,15,5,0,-0.5791560105581504,-2.23629900003164,0
606,15,6,0,-0.4247351798523219,-1.5597661557843385,0
607,15,7,0,-0.2709683163986494,-0.8820540538804338,0
608,15,8,0,-0.11788382334101014,-0.2032300778745858,0
609,15,9,0,0.03449050137107028,0.47663885415505336,0
610,15,10,0,0.18612747193477908,1.1574863296931208,0
611,15,11,0,0.33700052116110324,1.8392464808140039,0
612,15,12,0,0.48708370645308074,2.5218540221140833,0
613,15,13,0,0.6363517152928992,3.205244287518623,0
614,15,14,0,0.7847798702356633,3.8893532659353363,0
615,15,15,0,0.9323441334080312,4.574117635727302,0
616,15,16,0,1.0790211105107361,5.259474797982037,0
617,15,17,0,1.2247880543248166,5.945362908557153,0
618,15,18,0,1.369622867720696,6.631720908880628,0
619,15,19,0,1.513504106171582,7.318488555493062,0
620,15,20,0,1.6564109797715458,8.005606448314957,0
621,15,21,0,1.7983233547600908,8.693016057628908,0
622,15,22,0,1.9392217545555865,9.380659749766673,0
623,15,23,0,2.079087360299619,10.068480811493238,0
624,15,24,0,2.217902010916198,10.75642347308346,0
625,15,25,0,2.3556482026887706,11.44443293008593,0
626,15,26,0,2.4923090883598245,12.132455363775163,0
627,15,27,0,2.62786847575771,12.820437960290045,0
628,15,28,0,2.7623108259556104,13.508328928461141,0
629,15,29,0,2.8956212509688988,14.196077516330952,0
630,15,30,0,3.02778551099689,14.883634026372235,0
631,15,31,0,3.1587900112156375,15.57094982940955,0
632,15,32,0,3.2886217981292476,16.257977377254274,0
633,15,33,0,3.417268555487254,16.944670214060153,0
634,15,34,0,3.544718599776242,17.63098298641142,0
635,15,35,0,3.6709608752942686,18.316871452154395,0
636,15,36,0,3.795984948817129,19.00229248798413,0
637,15,37,0,3.9197810038660683,19.68720409580241,0
638,15,38,0,4.042339834586439,20.371565407857886,0
639,15,39,0,4.163652839247945,21.055336690686236,0
640,16,0,0,-1.1008453504739188,-5.541011109957941,0
641,16,1,0,-0.943927896022822,-4.8703303241469404,0
642,16,2,0,-0.7875279003287315,-4.198150200611474,0
643,16,3,0,-0.6316766477361074,-3.5245401116087205,0
644,16,4,0,-0.47640485420503675,-2.849569160819237,0
645,16,5,0,-0.32174265796507834,-2.173306138540824,0
646,16,6,0,-0.16771961063535568,-1.4958194777529916,0
647,16,7,0,-0.01436466881665916,-0.8171772110987312,0
648,16,8,0,0.13829381383916842,-0.13744692882828521,0
649,16,9,0,0.29022809407796224,0.5433042622546609,0
650,16,10,0,0.44141104600560954,1.2250097788039156,0
651,16,11,0,0.5918161675606594,1.907603599864411,0
652,16,12,0,0.741417586493674,2.5910203046934885,0
653,16,13,0,0.8901900658506015,3.2751951094395078,0
654,16,14,0,1.0381090089583793,3.9600639026498343,0
655,16,15,0,1.18515046391056,4.645563279581342,0
656,16,16,0,1.3312911275521362,5.331630575290577,0
657,16,17,0,1.4765083489631747,6.018203896484035,0
658,16,18,0,1.6207801324406568,6.7052221521074955,0
659,16,19,0,1.7640851399796262,7.392625082661443,0
660,16,20,0,1.9064026932542917,8.08035328822677,0
661,16,21,0,2.047712775100689,8.768348255190288,0
662,16,22,0,2.1879960305034216,9.45655238166128,0
663,16,23,0,2.327233767088448,10.144909001570872,0
664,16,24,0,2.465407955125941,10.83336240745089,0
665,16,25,0,2.602501227046132,11.521857871887052,0
666,16,26,0,2.7384968764731017,12.210341667648187,0
667,16,27,0,2.8733788567809837,12.898761086489865,0
668,16,28,0,3.007131779177774,13.587064456635748,0
669,16,29,0,3.1397409103229137,14.275201158941227,0
670,16,30,0,3.2711921694847965,14.96312164174498,0
671,16,31,0,3.4014721252449154,15.65077743441427,0
672,16,32,0,3.530567991756215,16.33812115959482,0
673,16,33,0,3.6584676245632735,17.025106544173116,0
674,16,34,0,3.7851595159926297,17.711688428963164,0
675,16,35,0,3.91063279012195,18.39782277713017,0
676,16,36,0,4.034877197337135,19.083466681362736,0
677,16,37,0,4.15788310848716,19.76857836981051,0
678,16,38,0,4.279641508646284,20.45311721079895,0
679,16,39,0,4.400143990494379,21.137043716339793,0
680,17,0,0,-0.8422180783832094,-5.482226825416276,0
681,17,1,0,-0.6856357791902564,-4.810488038770476,0
682,17,2,0,-0.5295851170350077,-4.13727243548647,0
683,17,3,0,-0.3740973488794203,-3.462649681619632,0
684,17,4,0,-0.2192031582742737,-2.7866891564520846,0
685,17,5,0,-0.06493264598403885,-2.109459907672098,0
686,17,6,0,0.08868467891797666,-1.4310306074426273,0
687,17,7,0,0.24161990747842732,-0.7514695094058511,0
688,17,8,0,0.3938447388112232,-0.0708444066681604,0
689,17,9,0,0.5453314875586797,0.6107774091940207,0
690,17,10,0,0.6960530908619945,1.2933291880673257,0
691,17,11,0,0.8459831148375118,1.9767447601392298,0
692,17,12,0,0.9950957605552226,2.660958573605673,0
693,17,13,0,1.1433658695168238,3.345905731218329,0
694,17,14,0,1.2907689286313158,4.031522025644077,0
695,17,15,0,1.4372810746859999,4.717743973609773,0
696,17,16,0,1.5828790983120022,5.404508848810069,0
697,17,17,0,1.7275404474439158,6.091754713558965,0
698,17,18,0,1.8712432302728041,6.779420449164188,0
699,17,19,0,2.0139662176938438,7.467445785012284,0
700,17,20,0,2.1556888452491076,8.155771326348418,0
701,17,21,0,2.296391214567165,8.84433858074145,0
702,17,22,0,2.43605409430192,9.533089983225329,0
703,17,23,0,2.574658920572867,10.221968920109802,0
704,17,24,0,2.7121877969105603,10.910919751456671,0
705,17,25,0,2.848623493710481,11.599887832217956,0
706,17,26,0,2.9839494472001125,12.288819532037241,0
707,17,27,0,3.1181497579239137,12.977662253713843,0
708,17,28,0,3.251209188751272,13.666364450333345,0
709,17,29,0,3.383113162413788,14.354875641069462,0
710,17,30,0,3.5138477585781085,15.04314642566399,0
711,17,31,0,3.6433997104609945,15.731128497590671,0
712,17,32,0,3.7717564009944793,16.41877465591484,0
713,17,33,0,3.8989058585486474,17.106038815857087,0
714,17,34,0,4.024836752220569,17.792876018073766,0
715,17,35,0,4.149538386698146,18.47924243666711,0
716,17,36,0,4.273000696708172,19.165095385937963,0
717,17,37,0,4.395214241058478,19.850393325897592,0
718,17,38,0,4.516170196283836,20.535095866552016,0
719,17,39,0,4.635860349906735,21.21916377097723,0
720,18,0,0,-0.5841593266238106,-5.422541479459728,0
721,18,1,0,-0.42792077636103365,-4.749755047043191,0
722,18,2,0,-0.272227909520543,-4.075514489491797,0
723,18,3,0,-0.11711195207871754,-3.399889763387568,0
724,18,4,0,0.03739644836202523,-2.7229505202224353,0
725,18,5,0,0.19126723197506126,-2.0447660615646086,0
726,18,6,0,0.3444709356372854,-1.3654052951329962,0
727,18,7,0,0.4969787013766013,-0.6849366918264665,0
728,18,8,0,0.6487622843338877,-0.0034282437521680246,0
729,18,9,0,0.799794060234564,0.679052576706815,0
730,18,10,0,0.950047032365142,1.3624388567442205,0
731,18,11,0,1.099494838051304,2.0466642818699814,0
732,18,12,0,1.2481117546336788,2.731663173501365,0
733,18,13,0,1.3958727049387833,3.4173705253760605,0
734,18,14,0,1.542753262242899,4.103722038759953,0
735,18,15,0,1.6887296547268305,4.790654156423036,0
736,18,16,0,1.8337787694205034,5.478104095361398,0
737,18,17,0,1.9778781556370806,6.166009878246507,0
738,18,18,0,2.1210060278957643,6.854310363581062,0
739,18,19,0,2.263141268334529,7.54294527454974,0
740,18,20,0,2.4042634286133167,8.231855226549296,0
741,18,21,0,2.544352731309359,8.920981753388999,0
742,18,22,0,2.6833900708070555,9.610267332152745,0
743,18,23,0,2.821357013684551,10.29965540671657,0
744,18,24,0,2.9582357986010153,10.989090409918177,0
745,18,25,0,3.0940093356875376,11.678517784375092,0
746,18,26,0,3.228661205446836,12.367884001953831,0
747,18,27,0,3.362175657166196,13.057136581889766,0
748,18,28,0,3.4945376068490646,13.746224107561726,0
749,18,29,0,3.6257326346714946,14.435096241927619,0
750,18,30,0,3.7557469819698577,15.123703741627445,0
751,18,31,0,3.8845675477666086,15.811998469760853,0
752,18,32,0,4.012181884841886,16.499933407351364,0
753,18,33,0,4.1385781953588205,17.187462663506277,0
754,18,34,0,4.2637453260509925,17.87454148428572,0
755,18,35,0,4.387672762981051,18.561126260294287,0
756,18,36,0,4.510350625879759,19.24717453300845,0
757,18,37,0,4.631769662075658,19.932644999857974,0
758,18,38,0,4.751921240025052,20.617497518074057,0
759,18,39,0,4.870797342453561,21.301693107324596,0
760,19,0,0,-0.3266759750112232,-5.361960810876055,0
761,19,1,0,-0.17078973560392463,-4.688137099498438,0
762,19,2,0,-0.015463092285938203,-4.0128821216089525,0
763,19,3,0,0.13927276355152257,-3.336266121016683,0
764,19,4,0,0.2933872237879885,-2.6583590180060876,0
765,19,5,0,0.44685027300016933,-1.9792303644918927,0
766,19,6,0,0.599632497410193,-1.298949300101309,0
767,19,7,0,0.7517050933498302,-0.6175845092298938,0
768,19,8,0,0.9030398752349076,0.06479582088473848,0
769,19,9,0,1.0536092830452635,0.7481240410309387,0
770,19,10,0,1.203386389305477,1.4323330797931972,0
771,19,11,0,1.3523449055627252,2.117356482190371,0
772,19,12,0,1.5004591883580496,2.803128447147618,0
773,19,13,0,1.6477042446883334,3.489583863772346,0
774,19,14,0,1.7940557369567902,4.17665834640721,0
775,19,15,0,1.939489987409736,4.8642882684338975,0
776,19,16,0,2.0839839820587582,5.552410794805974,0
777,19,17,0,2.227515374087764,6.240963913292253,0
778,19,18,0,2.3700624867441267,6.929886464410524,0
779,19,19,0,2.5116043157152066,7.619118170040067,0
780,19,20,0,2.6521205309906404,8.308599660698235,0
781,19,21,0,2.791591478212234,8.998272501471957,0
782,19,22,0,2.9299981795137473,9.688079216596611,0
783,19,23,0,3.0673223338528586,10.377963312675883,0
784,19,24,0,3.2035463168392044,11.067869300540098,0
785,19,25,0,3.338653180061593,11.757742715740072,0
786,19,26,0,3.472626649919504,12.44753013767921,0
787,19,27,0,3.6054511259634237,13.13717920738436,0
788,19,28,0,3.7371116787494545,13.82663864392005,0
789,19,29,0,3.8675940472144923,14.515858259452543,0
790,19,30,0,3.9968846355784393,15.204788972971253,0
791,19,31,0,4.124970509780352,15.893382822674814,0
792,19,32,0,4.251839393456339,16.581592977035065,0
793,19,33,0,4.377479663467281,17.26937374454792,0
794,19,34,0,4.501880344984811,17.956680582185914,0
795,19,35,0,4.625031106144792,18.64347010256607,0
796,19,36,0,4.746922252277533,19.329700079847303,0
797,19,37,0,4.867544719725265,20.015329454375614,0
798,19,38,0,4.986890069256491,20.700318336091513,0
799,19,39,0,5.104950479088841,21.384628006719538,0
800,20,0,0,-0.0697748162218856,-5.300490573353424,0
801,20,1,0,0.08575058286201864,-4.625639960536105,0
802,20,2,0,0.24070260869594373,-3.949381103631866,0
803,20,3,0,0.3950501080690115,-3.271784530350159,0
804,20,4,0,0.5487625158701113,-2.5929204263260743,0
805,20,5,0,0.7018098645365454,-1.912858590265671,0
806,20,6,0,0.8541627930207426,-1.2316683900376262,0
807,20,7,0,1.005792555268881,-0.5494187197577126,0
808,20,8,0,1.156671028205735,0.13382204208980472,0
809,20,9,0,1.3067707192209344,0.8179860734537974,0
810,20,10,0,1.456064773151821,1.5030061484011847,0
811,20,11,0,1.6045269787592218,2.188815675651488,0
812,20,12,0,1.7521317746922715,2.87534873592678,0
813,20,13,0,1.8988542549396672,3.5625401180875103,0
814,20,14,0,2.0446701737649535,4.250325354027669,0
815,20,15,0,2.1895559501237547,4.938640752303202,0
816,20,16,0,2.3334886715618164,5.627423430472297,0
817,20,17,0,2.4764460975935614,6.316611346129354,0
818,20,18,0,2.6184066625601234,7.0061433266128885,0
819,20,19,0,2.7593494779682763,7.69595909737609,0
820,20,20,0,2.899254334310655,8.38599930900579,0
821,20,21,0,3.03810170236894,9.076205562881215,0
822,20,22,0,3.17587273400253,9.766520435465221,0
823,20,23,0,3.3125492624248807,10.456887501222367,0
824,20,24,0,3.448113801971419,11.147251354161602,0
825,20,25,0,3.5825495473622415,11.837557628001285,0
826,20,26,0,3.715840372464738,12.52775301495971,0
827,20,27,0,3.8479708285606353,13.217785283172317,0
828,20,28,0,3.978926142123166,13.907603292740623,0
829,20,29,0,4.108692212110507,14.597157010420036,0
830,20,30,0,4.237255606782201,15.28639752295477,0
831,20,31,0,4.364603560045356,15.975277049067527,0
832,20,32,0,4.490723967338856,16.66374895011811,0
833,20,33,0,4.615605381063313,17.35176773944046,0
834,20,34,0,4.739237005565695,18.0392890903734,0
835,20,35,0,4.861608691687725,18.726269842999848,0
836,20,36,0,4.982710930887615,19.412668009608954,0
837,20,37,0,5.102534848945602,20.09844277890013,0
838,20,38,0,5.221072199263151,20.783554518944605,0
839,20,39,0,5.338315355767534,21.467964778924188,0
840,21,0,0,0.18653744415225273,-5.238136534845339,0
841,21,1,0,0.3416935065944064,-4.562269407795641,0
842,21,2,0,0.496262555887827,-3.885017219548821,0
843,21,3,0,0.6502134805919687,-3.2064507783616976,0
844,21,4,0,0.803515762125384,-2.526640531754633,0
845,21,5,0,0.9561394842343712,-1.84565652164892,0
846,21,6,0,1.1080553419758414,-1.1635683404697987,0
847,21,7,0,1.2592346502081597,-0.48044508826154175,0
848,21,8,0,1.4096493515843311,0.20364466914132692,0
849,21,9,0,1.559272024042449,0.8886329408468716,0
850,21,10,0,1.7080758877886646,1.5744523505029653,0
851,21,11,0,1.856034811768884,2.261036174725548,0
852,21,12,0,2.0031233196253506,2.9483183803236703,0
853,21,13,0,2.149316595135239,3.6362336602924104,0
854,21,14,0,2.2945904871291147,4.3247174685470435,0
855,21,15,0,2.438921513886846,5.013706053372795,0
856,21,16,0,2.5822868670100503,5.7031364895692835,0
857,21,17,0,2.724664414770528,6.3929467092715795,0
858,21,18,0,2.8660327049338625,7.08307553142847,0
859,21,19,0,3.0063709670593903,7.7734626899274994,0
860,21,20,0,3.1456591142770556,8.46404886035225,0
861,21,21,0,3.2838777445428073,9.154775685364397,0
862,21,22,0,3.421008141375089,9.84558579870319,0
863,21,23,0,3.5570322740745124,10.53642284779735,0
864,21,24,0,3.6919327974308294,11.227231514987924,0
865,21,25,0,3.8256930509203464,11.917957537359934,0
866,21,26,0,3.958297057398913,12.608547725186845,0
867,21,27,0,4.089729521295192,13.298949978989404,0
868,21,28,0,4.219975826309811,13.989113305214639,0
869,21,29,0,4.349022032626726,14.678987830542725,0
870,21,30,0,4.476854873643517,15.36852481483044,0
871,21,31,0,4.603461752227552,16.057676662699713,0
872,21,32,0,4.728830736506246,16.74639693378581,0
873,21,33,0,4.8529505551994125,17.434640351655553,0
874,21,34,0,4.975810592502551,18.122362811411588,0
875,21,35,0,5.0974008825304065,18.80952138599754,0
876,21,36,0,5.21771210333052,19.496074331219944,0
877,21,37,0,5.336735570477162,20.181981089506536,0
878,21,38,0,5.454463230255941,20.867202292416138,0
879,21,39,0,5.570887652450663,21.551699761922357,0
880,22,0,0,0.44225418753735957,-5.17490447694316,0
881,22,1,0,0.5970324508425501,-4.49803123153701,0
882,22,2,0,0.7512102000840383,-3.819796264932591,0
883,22,3,0,0.9047563691755252,-3.1402706625557215,0
884,22,4,0,1.0576404895776987,-2.459525130324093,0
885,22,5,0,1.2098326997845015,-1.777629949778315,0
886,22,6,0,1.3613037543199027,-1.0946549341982716,0
887,22,7,0,1.5120250322387814,-0.4106693857508349,0
888,22,8,0,1.6619685451261852,0.2742579462869216,0
889,22,9,0,1.811106944589967,0.9600589061893925,0
890,22,10,0,1.9594135292417723,1.6466659712895144,0
891,22,11,0,2.1068622511627453,2.3340122902979914,0
892,22,12,0,2.2534277218498775,3.0220317204007654,0
893,22,13,0,2.3990852176402275,3.710658863105951,0
894,22,14,0,2.5438106846107122,4.399829098813962,0
895,22,15,0,2.6875807429511105,5.089478620085444,0
896,22,16,0,2.8303726908092623,5.779544463586376,0
897,22,17,0,2.9721645076079284,6.4699645406927395,0
898,22,18,0,3.1129348568324953,7.1606776667356655,0
899,22,19,0,3.2526630882906953,7.851623588876949,0
900,22,20,0,3.391329239844867,8.542743012600969,0
901,22,21,0,3.5289140386184203,9.233977626815904,0
902,22,22,0,3.6653989016790267,9.925270127557399,0
903,22,23,0,3.800765936200797,10.61656424029018,0
904,22,24,0,3.9349979391094023,11.30780474080656,0
905,22,25,0,4.0680783962134335,11.998937474720426,0
906,22,26,0,4.199991480827119,12.689909375561127,0
907,22,27,0,4.33072205188931,13.380668481469389,0
908,22,28,0,4.460255651584097,14.071163950501774,0
909,22,29,0,4.588578502469801,14.761346074551769,0
910,22,30,0,4.715677504122869,15.451166291897092,0
911,22,31,0,4.84154022930387,16.1405771983823,0
912,22,32,0,4.966154919653777,16.829532557251564,0
913,22,33,0,5.089510480928721,17.51798730764356,0
914,22,34,0,5.21159647778211,18.205897571763636,0
915,22,35,0,5.332403128103714,18.893220660750714,0
916,22,36,0,5.451921296925202,19.579915079253716,0
917,22,37,0,5.570142489903088,20.265940528738934,0
918,22,38,0,5.687058846389168,20.951257909544005,0
919,22,39,0,5.802663132100394,21.63582932170089,0
920,23,0,0,0.6973688822995179,-5.110800194256189,0
921,23,1,0,0.8517609184508069,-4.432931234029646,0
922,23,2,0,1.005539080294756,-3.7537240463389647,0
923,23,3,0,1.1586723506763992,-3.073249990376268,0
924,23,4,0,1.3111303146023519,-2.3915800269468965,0
925,23,5,0,1.462883168742386,-1.708784673596153,0
926,23,6,0,1.6139017304377574,-1.0249339607406576,0
927,23,7,0,1.7641574462099057,-0.3400973888509342,0
928,23,8,0,1.9136223997636554,0.34565611327127965,0
929,23,9,0,2.062269319479819,1.032258229081104,0
930,23,10,0,2.2100715853922543,1.7196412937049323,0
931,23,11,0,2.357003235645521,2.4077383321479915,0
932,23,12,0,2.5030389724291386,3.0964830962614185,0
933,23,13,0,2.6481541673855613,3.7858101004402687,0
934,23,14,0,2.7923248664895888,4.475654656026468,0
935,23,15,0,2.9355277943967533,5.165952904391785,0
936,23,16,0,3.077740358259678,5.85664184868016,0
937,23,17,0,3.2189406510119416,6.547659384192496,0
938,23,18,0,3.3591074541183947,7.238944327395111,0
939,23,19,0,3.4982202397933793,7.930436443541929,0
940,23,20,0,3.6362591726870974,8.622076472897271,0
941,23,21,0,3.773205111042108,9.31380615555218,0
942,23,22,0,3.909039607322174,10.005568254828196,0
943,23,23,0,4.043744908315968,10.697306579264549,0
944,23,24,0,4.177303954719561,11.388966003188045,0
945,23,25,0,4.309700380200967,12.080492485865038,0
946,23,26,0,4.440918509952077,12.771833089240232,0
947,23,27,0,4.57094335873265,13.462935994265212,0
948,23,28,0,4.699760628412195,14.153750515823667,0
949,23,29,0,4.827356705016123,14.84422711626223,0
950,23,30,0,4.953718655283132,15.534317417536771,0
951,23,31,0,5.078834222740877,16.2239742119843,0
952,23,32,0,5.202691823308307,16.913151471735844,0
953,23,33,0,5.3252805404329475,17.60180435678249,0
954,23,34,0,5.4465901197720665,18.289889221711572,0
955,23,35,0,5.566610963427508,18.97736362112953,0
956,23,36,0,5.68533412374374,19.664186313788637,0
957,23,37,0,5.802751296680281,20.350317265438225,0
958,23,38,0,5.918854814768607,21.03571765041788,0
959,23,39,0,6.0336376396656854,21.72034985201524,0
960,24,0,0,0.9518750836556024,-5.0458294937993555,0
961,24,1,0,1.1058724997508809,-4.366975228949264,0
962,24,2,0,1.2592428236192765,-3.686806380713578,0
963,24,3,0,1.4119550906065954,-3.0053945786244207,0
964,24,4,0,1.5639789427597348,-2.322811034844612,0
965,24,5,0,1.715284638341207,-1.6391264992915877,0
966,24,6,0,1.8658430608467036,-0.9544112157860348,0
967,24,7,0,2.0156257275193457,-0.26873487927115625,0
968,24,8,0,2.1646047973545963,0.4178334058534976,0
969,24,9,0,2.312753078590763,1.1052251662442052,0
970,24,10,0,2.4600440356799798,1.7933725989323117,0
971,24,11,0,2.6064517957358713,2.482208609417404,0
972,24,12,0,2.7519511544537854,3.1716668485011854,0
973,24,13,0,2.896517581500699,3.8616817478336665,0
974,24,14,0,3.040127225372477,4.552188554145843,0
975,24,15,0,3.182756917715948,5.243123362144368,0
976,24,16,0,3.3243841771149465,5.93442314604792,0
977,24,17,0,3.464987212339517,6.6260257897486134,0
978,24,18,0,3.604544925057624,7.317870115580023,0
979,24,19,0,3.743036912010416,8.009895911682545,0
980,24,20,0,3.88044346665167,8.70204395795301,0
981,24,21,0,4.0167455802530005,9.394256050572334,0
982,24,22,0,4.151924942477545,10.08647502510537,0
983,24,23,0,4.285963941424208,10.77864477816939,0
984,24,24,0,4.418845663146696,11.470710287671311,0
985,24,25,0,4.550553890650665,12.162617631613152,0
986,24,26,0,4.681073102374143,12.854314005471482,0
987,24,27,0,4.810388470156176,13.545747738154075,0
988,24,28,0,4.938485856699464,14.236868306541368,0
989,24,29,0,5.065351812533561,14.927626348622352,0
990,24,30,0,5.190973572485475,15.617973675235417,0
991,24,31,0,5.3153390516649885,16.307863280424677,0
992,24,32,0,5.438436840973163,16.997249350428227,0
993,24,33,0,5.560256202142184,17.68608727131084,0
994,24,34,0,5.680787062315998,18.374333635258946,0
995,24,35,0,5.800020008181136,19.061946245555223,0
996,24,36,0,5.917946279657839,19.748884120250235,0
997,24,37,0,6.034557763162439,20.435107494553325,0
998,24,38,0,6.149846984451498,21.120577821959856,0
999,24,39,0,6.263807101059761,21.80525777413913,0
1000,25,0,0,1.205766433572676,-4.97999819438863,0
1001,25,1,0,1.3593608724426787,-4.300169040782881,0
1002,25,2,0,1.5123151451078427,-3.6190490948071403,0
1003,25,3,0,1.6645983429757112,-2.9367102528847755,0
1004,25,4,0,1.8161801686175942,-2.2532239749861036,0
1005,25,5,0,1.9670309452936445,-1.5686612397515232,0
1006,25,6,0,2.117121625977328,-0.8830925006591921,0
1007,25,7,0,2.266423801872902,-0.19658764328324263,0
1008,25,8,0,2.4149097104198702,0.4907840563136805,0
1009,25,9,0,2.5625522427791694,1.1789539720143178,0
1010,25,10,0,2.7093249507960633,1.8678541668682251,0
1011,25,11,0,2.8552020534357645,2.5574174310680027,0
1012,25,12,0,3.0001584426877335,3.24757731864712,0
1013,25,13,0,3.144169688935668,3.9382681828712642,0
1014,25,14,0,3.2872120457908443,4.62942521029773,0
1015,25,15,0,3.429262454386278,5.3209844534786,0
1016,25,16,0,3.5702985471307254,6.01288286228778,0
1017,25,17,0,3.7102986509219384,6.705058313855532,0
1018,25,18,0,3.849241789818199,7.397449641092607,0
1019,25,19,0,3.9871076871694813,8.089996659794945,0
1020,25,20,0,4.123876767208631,8.782640194316455,0
1021,25,21,0,4.2595301561044,9.47532210180402,0
1022,25,22,0,4.394049682478778,10.16798529498933,0
1023,25,23,0,4.5274178773910245,10.860573763534768,0
1024,25,24,0,4.659617973792514,11.553032593933557,0
1025,25,25,0,4.7906339054556515,12.245307987964633,0
1026,25,26,0,4.920450305382406,12.937347279708332,0
1027,25,27,0,5.049052503697082,13.62909895112665,0
1028,25,28,0,5.176426525029424,14.320512646216612,0
1029,25,29,0,5.302559085394539,15.011539183746645,0
1030,25,30,0,5.42743758857671,15.702130568587275,0
1031,25,31,0,5.551050122024327,16.39224000164751,0
1032,25,32,0,5.673385452264611,17.081821888433534,0
1033,25,33,0,5.7944330198463625,17.770831846243638,0
1034,25,34,0,5.9141829338201894,18.45922671001713,0
1035,25,35,0,6.032625965765943,19.146964536855968,0
1036,25,36,0,6.149753543377313,19.834004609236757,0
1037,25,37,0,6.26555774361496,20.52030743693639,0
1038,25,38,0,6.3800312854384345,21.205834757688788,0
1039,25,39,0,6.493167522129513,21.89054953659827,0
1040,26,0,0,1.459036660656856,-4.91331212604414,0
1041,26,1,0,1.6122198014647073,-4.232518504241726,0
1042,26,2,0,1.7647498476130279,-3.550458024599114,0
1043,26,3,0,1.9165959501227996,-2.8672028469604074,0
1044,26,4,0,2.0677278755629205,-2.182824675534837,0
1045,26,5,0,2.2181160155833113,-1.4973947140208017,0
1046,26,6,0,2.3677313959440123,-0.8109836217946202,0
1047,26,7,0,2.5165456850335604,-0.12366147120987032,0
1048,26,8,0,2.6645312018707106,0.5645022939491336,0
1049,26,9,0,2.811660923584213,1.2534388988205087,0
1050,26,10,0,2.957908492365449,1.9430802765859456,0
1051,26,11,0,3.10324822189006,2.6333591063272097,0
1052,26,12,0,3.2476551032043464,3.324208849585154,0
1053,26,13,0,3.391104810073528,4.0155637855932715,0
1054,26,14,0,3.533573703789372,4.707359045160753,0
1055,26,15,0,3.6750388374347716,5.399530643180912,0
1056,26,16,0,3.815477959604193,6.092015509745613,0
1057,26,17,0,3.954869517579407,6.784751519849491,0
1058,26,18,0,4.093192659959591,7.477677521666581,0
1059,26,19,0,4.230427238746979,8.170733363390806,0
1060,26,20,0,4.366553810888755,8.863859918628032,0
1061,26,21,0,4.5015536392766675,9.556999110334608,0
1062,26,22,0,4.635408693207216,10.250093933297325,0
1063,26,23,0,4.768101648304533,10.943088475152463,0
1064,26,24,0,4.899615885910269,11.635927935944856,0
1065,26,25,0,5.02993549194376,12.328558646227947,0
1066,26,26,0,5.159045255237999,13.020928083711299,0
1067,26,27,0,5.286930665356264,13.712984888460369,0
1068,26,28,0,5.413577909895291,14.404678876657142,0
1069,26,29,0,5.538973871281827,15.095961052932616,0
1070,26,30,0,5.663106123069505,15.786783621282929,0
1071,26,31,0,5.785962925743492,16.477099994580925,0
1072,26,32,0,5.907533222041528,17.16686480270124,0
1073,26,33,0,6.027806631799895,17.85603389927233,0
1074,26,34,0,6.1467734463336035,18.54456436707511,0
1075,26,35,0,6.264424622360874,19.23241452210675,0
1076,26,36,0,6.380751775481909,19.919543916328596,0
1077,26,37,0,6.495747173223276,20.60591333912164,0
1078,26,38,0,6.609403727658638,21.291484817468646,0
1079,26,39,0,6.721714987618246,21.97622161488805,0
1080,27,0,0,1.7116795800315883,-4.8457771294009175,0
1081,27,1,0,1.8644431388538718,-4.16402946368235,0
1082,27,2,0,2.016540821630584,-3.4810390147297015,0
1083,27,3,0,2.167941842537822,-2.7968782023167615,0
1084,27,4,0,2.31861603560346,-2.1116189713052838,0
1085,27,5,0,2.468533864245892,-1.4253327467719918,0
1086,27,6,0,2.6176664303052637,-0.7380903902203944,0
1087,27,7,0,2.765985482560507,-0.04996215692340447,0
1088,27,8,0,2.9134634247260816,0.6389823455599669,0
1089,27,9,0,3.060073322923075,1.328674197654598,0
1090,27,10,0,3.2057889126196075,2.019045206787557,0
1091,27,11,0,3.3505846050363215,2.7100279451222202,0
1092,27,12,0,3.494435493013057,3.4015557859755834,0
1093,27,13,0,3.6373173563334142,4.093562938891152,0
1094,27,14,0,3.7792066665050297,4.78598448334253,0
1095,27,15,0,3.920080590992829,5.478756401043977,0
1096,27,16,0,4.059916996904407,6.171815606848846,0
1097,27,17,0,4.198694454126721,6.865099978220119,0
1098,27,18,0,4.336392237913385,7.558548383256043,0
1099,27,19,0,4.472990330923651,8.25210070726265,0
1100,27,20,0,4.608469424713686,8.94569787786153,0
1101,27,21,0,4.742810920681933,9.639281888627925,0
1102,27,22,0,4.875996930471017,10.332795821254916,0
1103,27,23,0,5.008010275828766,11.02618386624171,0
1104,27,24,0,5.138834487932398,11.719391342107514,0
1105,27,25,0,5.268453806179316,12.412364713132511,0
1106,27,26,0,5.396853176450086,13.10505160563316,0
1107,27,27,0,5.524018248848462,13.79740082277692,0
1108,27,28,0,5.649935374924492,14.489362357946113,0
1109,27,29,0,5.774591604387438,15.180887406661828,0
1110,27,30,0,5.897974681315797,15.871928377081218,0
1111,27,31,0,6.020073039871672,16.56243889908,0
1112,27,32,0,6.140875799528374,17.25237383193879,0
1113,27,33,0,6.2603727598199095,17.94168927064839,0
1114,27,34,0,6.378554394621562,18.63034255085317,0
1115,27,35,0,6.495411845972024,19.318292252452817,0
1116,27,36,0,6.610936917446838,20.00549820188131,0
1117,27,37,0,6.725122067094983,20.691921473088133,0
1118,27,38,0,6.837960399949141,21.377524387240836,0
1119,27,39,0,6.949445660122357,22.062270511175218,0
1120,28,0,0,1.9636890932053392,-4.777399055127627,0
1121,28,1,0,2.1160248235947705,-4.09470777253579,0
1122,28,2,0,2.267682045129832,-3.410797917940522,0
1123,28,3,0,2.4186300386726343,-2.7257421675343707,0
1124,28,4,0,2.568838709158919,-2.0396127032285305,0
1125,28,5,0,2.7182785951400223,-1.352481167784684,0
1126,28,6,0,2.866920877813843,-0.6644186210519524,0
1127,28,7,0,3.014737389538136,0.02450450264507907,0
1128,28,8,0,3.1617006218200525,0.7142184359240539,0
1129,28,9,0,3.3077837327764006,1.404654118529293,0
1130,28,10,0,3.4529605540595933,2.0957432362446275,0
1131,28,11,0,3.5972055972451593,2.7874182585024565,0
1132,28,12,0,3.740494059676537,3.47961247465656,0
1133,28,13,0,3.8828018297642855,4.172260028891367,0
1134,28,14,0,4.024105491737113,4.865295953743042,0
1135,28,15,0,4.164382329842229,5.558656202208953,0
1136,28,16,0,4.303610331994024,6.252277678426873,0
1137,28,17,0,4.441768192870363,6.946098266908458,0
1138,28,18,0,4.578835316455635,7.640056860310341,0
1139,28,19,0,4.714791818031826,8.33409338573509,0
1140,28,20,0,4.849618525618149,9.028148829551034,0
1141,28,21,0,4.983296980860929,9.722165260726086,0
1142,28,22,0,5.115809439376529,10.416085852672348,0
1143,28,23,0,5.247138870549556,11.109854903599608,0
1144,28,24,0,5.377268956790737,11.803417855379994,0
1145,28,25,0,5.506184092257751,12.496721310925821,0
1146,28,26,0,5.633869381044805,13.189713050088454,0
1147,28,27,0,5.760310634845661,13.882342044083883,0
1148,28,28,0,5.8854943700964695,14.574558468455255,0
1149,28,29,0,6.009407804605042,15.26631371458432,0
1150,28,30,0,6.132038853673902,15.957560399765098,0
1151,28,31,0,6.253376125724615,16.648252375852984,0
1152,28,32,0,6.3734089174322275,17.338344736508358,0
1153,28,33,0,6.4921272083785375,18.02779382305013,0
1154,28,34,0,6.609521655233676,18.716557228939777,0
1155,28,35,0,6.725583585476367,19.404593802916338,0
1156,28,36,0,6.840304990662874,20.09186365080234,0
1157,28,37,0,6.953678519256519,20.778328136006035,0
1158,28,38,0,7.065697469028452,21.46394987874004,0
1159,28,39,0,7.176355779042511,22.14869275398362,0
1160,29,0,0,2.2150591879296355,-4.708183763352849,0
1161,29,1,0,2.3669588814593374,-4.024559292744896,0
1162,29,2,0,2.5181675833745016,-3.339740594523522,0
1163,29,3,0,2.668654644742526,-2.653800597770302,0
1164,29,4,0,2.81839004484273,-1.9668117178270181,0
1165,29,5,0,2.9673444007089254,-1.2788458114342667,0
1166,29,6,0,3.11548897615776,-0.5899741329956257,0
1167,29,7,0,3.2627956902959627,0.09973270798668561,0
1168,29,8,0,3.4092371255002947,0.7902047882616208,0
1169,29,9,0,3.554786534864849,1.4813729109257066,0
1170,29,10,0,3.6994178491104353,2.173168644227843,0
1171,29,11,0,3.843105682951955,2.86552435905061,0
1172,29,12,0,3.9858253409195616,3.5583732650358124,0
1173,29,13,0,4.127552822630497,4.25164944532711,0
1174,29,14,0,4.268264827509235,4.945287889905587,0
1175,29,15,0,4.407938758953195,5.639224527495042,0
1176,29,16,0,4.546552727943257,6.333396256018573,0
1177,29,17,0,4.684085556098112,7.0277409715917205,0
1178,29,18,0,4.820516778171815,7.722197596035448,0
1179,29,19,0,4.95582664399569,8.416706102902161,0
1180,29,20,0,5.089996119865107,9.111207542003662,0
1181,29,21,0,5.223006889373086,9.805644062437208,0
1182,29,22,0,5.35484135369314,10.499958934106557,0
1183,29,23,0,5.485482631314042,11.194096567736795,0
1184,29,24,0,5.614914557230658,11.888002533385839,0
1185,29,25,0,5.743121681594354,12.581623577455053,0
1186,29,26,0,5.87008926782863,13.274907638207615,0
1187,29,27,0,5.995803290214997,13.967803859800716,0
1188,29,28,0,6.120250430955293,14.66026260484269,0
1189,29,29,0,6.243418076717238,15.352235465487599,0
1190,29,30,0,6.365294314670645,16.04367527308107,0
1191,29,31,0,6.4858679280218245,16.734536106371753,0
1192,29,32,0,6.605128391055185,17.424773298307638,0
1193,29,33,0,6.7230658636907785,18.11434344143374,0
1194,29,34,0,6.839671185567316,18.80320439191249,0
1195,29,35,0,6.954935869661276,19.49131527218735,0
1196,29,36,0,7.068852095452133,20.178636472311524,0
1197,29,37,0,7.18141270164565,20.86512964996683,0
1198,29,38,0,7.2926111784661805,21.550757729194235,0
1199,29,39,0,7.4024416595308065,22.235484897863664,0
1200,30,0,0,2.465783938046888,-4.638137123099423,0
1201,30,1,0,2.6172394248364372,-3.953589894209813,0
1202,30,2,0,2.767991588733531,-3.267872911778513,0
1203,30,3,0,2.91800985451788,-2.581059354228499,0
1204,30,4,0,3.067264279234025,-1.893221866698466,0
1205,30,5,0,3.215725561732229,-1.2044325161902152,0
1206,30,6,0,3.3633650516916394,-0.5147627478621405,0
1207,30,7,0,3.5101547581190644,0.1757166574853256,0
1208,30,8,0,3.656067357317189,0.8669356246891732,0
1209,30,9,0,3.8010762003165883,1.5588248242298366,0
1210,30,10,0,3.9451553197664535,2.251315710925315,0
1211,30,11,0,4.088279436279826,2.944340561282084,0
1212,30,12,0,4.230423964229135,3.6378325094704413,0
1213,30,13,0,4.371565016988859,4.331725581897724,0
1214,30,14,0,4.511679411622947,5.02595473035523,0
1215,30,15,0,4.650744673014404,5.720455863716196,0
1216,30,16,0,4.788739037435903,6.41516587816659,0
1217,30,17,0,4.925641455560912,7.110022685954473,0
1218,30,18,0,5.061431594914348,7.804965242641568,0
1219,30,19,0,5.196089841764108,8.499933572850617,0
1220,30,20,0,5.3295973024539665,9.194868794498039,0
1221,30,21,0,5.46193580417978,9.88971314150844,0
1222,30,22,0,5.593087895211536,10.584409985008238,0
1223,30,23,0,5.7230368445638184,11.278903852998122,0
1224,30,24,0,5.851766641119065,11.973140448507385,0
1225,30,25,0,5.9792619922069425,12.667066666233397,0
1226,30,26,0,6.105508321645804,13.360630607675326,0
1227,30,27,0,6.230491767251041,14.053781594769001,0
1228,30,28,0,6.3541991778167635,14.746470182034443,0
1229,30,29,0,6.476618109577685,15.438648167249278,0
1230,30,30,0,6.597736822158533,16.13026860066293,0
1231,30,31,0,6.717544274018878,16.821285792765728,0
1232,30,32,0,6.836030117402123,17.511655320634055,0
1233,30,33,0,6.953184692797818,18.2013340328678,0
1234,30,34,0,7.068999022926835,18.890280053142522,0
1235,30,35,0,7.183464806259872,19.57845278239801,0
1236,30,36,0,7.2965744100798835,20.265812899685184,0
1237,30,37,0,7.408320863100092,20.95232236169726,0
1238,30,38,0,7.518697847648826,21.63794440100825,0
1239,30,39,0,7.627699691434145,22.322643523046015,0
1240,31,0,0,2.7158575033289516,-4.567265011726331,0
1241,31,1,0,2.866860652552175,-3.8818054542415683,0
1242,31,2,0,3.0171483004828006,-3.1952007434792,0
1243,31,3,0,3.1666899491066944,-2.507524303638926,0
1244,31,4,0,3.315455736640703,-1.818849006008934,0
1245,31,5,0,3.4634164470691386,-1.129247124123853,0
1246,31,6,0,3.6105435191594317,-0.4387902900897809,0
1247,31,7,0,3.7568090549500583,0.2524505478782104,0
1248,31,8,0,3.9021858277046277,0.9444051666630021,0
1249,31,9,0,4.046647289326487,1.6370041081583293,0
1250,31,10,0,4.19016757722861,2.3301787178498894,0
1251,31,11,0,4.3327215206546805,3.0238611820329906,0
1252,31,12,0,4.474284646447015,3.7179845636349986,0
1253,31,13,0,4.614833184258225,4.412482836616137,0
1254,31,14,0,4.754344071204238,5.107290918924828,0
1255,31,15,0,4.892794955955956,5.80234470398513,0
1256,31,16,0,5.030164202268622,6.49758109069867,0
1257,31,17,0,5.1664308919481545,7.192938011946748,0
1258,31,18,0,5.301574827253676,7.888354461577193,0
1259,31,19,0,5.4355765327374295,8.583770519869526,0
1260,31,20,0,5.568417256522743,9.279127377468768,0
1261,31,21,0,5.700078971021879,9.974367357784683,0
1262,31,22,0,5.830544373096424,10.669433937854382,0
1263,31,23,0,5.959796883662804,11.364271767668505,0
1264,31,24,0,6.087820646747267,12.058826687964544,0
1265,31,25,0,6.2146005279938965,12.753045746491257,0
1266,31,26,0,6.340122112631398,13.446877212753826,0
1267,31,27,0,6.464371702903833,14.140270591247305,0
1268,31,28,0,6.587336314971529,14.833176633190485,0
1269,31,29,0,6.7090036752893125,15.525547346774214,0
1270,31,30,0,6.829362216469311,16.21733600593941,0
1271,31,31,0,6.948401072636417,16.90849715770023,0
1272,31,32,0,7.066110074285172,17.598986628033433,0
1273,31,33,0,7.182479742647362,18.288761526351593,0
1274,31,34,0,7.297501283579878,18.977780248583056,0
1275,31,35,0,7.411166580983596,19.66600247888095,0
1276,31,36,0,7.523468189763715,20.353389189984192,0
1277,31,37,0,7.634399328343552,21.039902642257207,0
1278,31,38,0,7.74395387074312,21.7255063814316,0
1279,31,39,0,7.852126338235329,22.410165235078935,0
1280,32,0,0,2.965274129306332,-4.4955733143786345,0
1281,32,1,0,3.1158168496810417,-3.8092118570238562,0
1282,32,2,0,3.265632044597653,-3.1217299693475185,0
1283,32,3,0,3.414689296728257,-2.4332013177454526,0
1284,32,4,0,3.562958828853614,-1.743698995994962,0
1285,32,5,0,3.710411513392769,-1.053295480425539,0
1286,32,6,0,3.8570188814085955,-0.36206258627746574,0
1287,32,7,0,4.0027531310826046,0.32992857470633524,0
1288,32,8,0,4.147587135652526,1.0226076354122662,0
1289,32,9,0,4.291494450807285,1.7159050131734985,0
1290,32,10,0,4.434449321533956,2.409751948235301,0
1291,32,11,0,4.576426688412599,3.104080540836807,0
1292,32,12,0,4.7174021933546495,3.798823786877835,0
1293,32,13,0,4.857352184781804,4.493915612144253,0
1294,32,14,0,4.996253722242745,5.18929090506875,0
1295,32,15,0,5.134084580465411,5.884885548004764,0
1296,32,16,0,5.270823252843477,6.580636446996134,0
1297,32,17,0,5.406448954356539,7.276481560028864,0
1298,32,18,0,5.540941623923215,7.97235992374977,0
1299,32,19,0,5.674281926188298,8.668211678646092,0
1300,32,20,0,5.8064512527446475,9.36397809267686,0
1301,32,21,0,5.93743172279189,10.059601583353237,0
1302,32,22,0,6.0672061832342035,10.75502573826653,0
1303,32,23,0,6.195758208220246,11.45019533406422,0
1304,32,24,0,6.323072098129365,12.145056353878608,0
1305,32,25,0,6.449132878007693,12.839556003212257,0
1306,32,26,0,6.573926295460097,13.533642724290662,0
1307,32,27,0,6.697438818003013,14.227266208890399,0
1308,32,28,0,6.819657629884569,14.920377409655302,0
1309,32,29,0,6.940570628379225,15.61292854991562,0
1310,32,30,0,7.060166419564266,16.304873132026014,0
1311,32,31,0,7.17843431358609,16.996165944238488,0
1312,32,32,0,7.29536431942555,17.686763066132055,0
1313,32,33,0,7.410947139171346,18.3766218726176,0
1314,32,34,0,7.525174161811361,19.065701036541505,0
1315,32,35,0,7.638037456552638,19.753960529911133,0
1316,32,36,0,7.74952976568066,20.441361623765893,0
1317,32,37,0,7.859644496969983,21.127866886721165,0
1318,32,38,0,7.968375715657624,21.813440182209835,0
1319,32,39,0,8.07571813599233,22.498046664450122,0
1320,33,0,0,3.2140281470881944,-4.42306792344509,0
1321,33,1,0,3.36410238734792,-3.73581499308286,0
1322,33,2,0,3.513437233536512,-3.0474664745366096,0
1323,33,3,0,3.662002352477816,-2.358096272802549,0
1324,33,4,0,3.8097680548920456,-1.6677777004748926,0
1325,33,5,0,3.956705304915945,-0.976583432931357,0
1326,33,6,0,4.102785729095806,-0.28458546472751983,0
1327,33,7,0,4.2479816248467035,0.40814493275470926,0
1328,33,8,0,4.392265968371294,1.1015372523616833,0
1329,33,9,0,4.535612422032888,1.7955217908875496,0
1330,33,10,0,4.677995341177374,2.490029687421232,0
1331,33,11,0,4.8193897803997405,3.184992960289602,0
1332,33,12,0,4.959771499251027,3.8803445425657643,0
1333,33,13,0,5.0991169673824706,4.576018316116308,0
1334,33,14,0,5.237403369124432,5.271949144164376,0
1335,33,15,0,5.374608607497419,5.968072902346998,0
1336,33,16,0,5.510711307654296,6.664326508249391,0
1337,33,17,0,5.645690819752943,7.360647949403027,0
1338,33,18,0,5.779527221258559,8.056976309732823,0
1339,33,19,0,5.912201318676971,8.753251794447756,0
1340,33,20,0,6.0436946487194385,9.44941575336621,0
1341,33,21,0,6.173989478901158,10.145410702674095,0
1342,33,22,0,6.303068807575838,10.841180345114362,0
1343,33,23,0,6.430916363409301,11.536669588609442,0
1344,33,24,0,6.557516604296357,12.23182456332133,0
1345,33,25,0,6.682854715724663,12.926592637154357,0
1346,33,26,0,6.80691660859151,13.620922429711493,0
1347,33,27,0,6.929688916478613,14.31476382471335,0
1348,33,28,0,7.051158992391536,15.008067980892726,0
1349,33,29,0,7.171314904970758,15.700787341380831,0
1350,33,30,0,7.290145434182074,16.392875641601112,0
1351,33,31,0,7.4076400664942454,17.08428791568802,0
1352,33,32,0,7.523788989553192,17.774980501453197,0
1353,33,33,0,7.638583086361864,18.464911043917734,0
1354,33,34,0,7.752013928975745,19.154038497435696,0
1355,33,35,0,7.864073771724896,19.842323126432067,0
1356,33,36,0,7.974755543973136,20.529726504779696,0
1357,33,37,0,8.084052842426628,21.216211513844137,0
1358,33,38,0,8.191959923003411,21.901742339220256,0
1359,33,39,0,8.298471692276925,22.58628446619197,0
1360,34,0,0,3.4621139731737927,-4.34975473802368,0
1361,34,1,0,3.6117117225216044,-3.6616207587653897,0
1362,34,2,0,3.7605583660161273,-2.9724161491222176,0
1363,34,3,0,3.908623658083167,-2.2822150490808624,0
1364,34,4,0,4.055878000741139,-1.5910909863692988,0
1365,34,5,0,4.202292453109113,-0.8991168316591792,0
1366,34,6,0,4.347838740384979,-0.20636475499818963,0
1367,34,7,0,4.492489262286444,0.4870938164826356,0
1368,34,8,0,4.6362171009489614,1.1811882395437494,0
1369,34,9,0,4.778996028274524,1.8758486944561708,0
1370,34,10,0,4.920800512726455,2.571006223227508,0
1371,34,11,0,5.061605725565603,3.266592766403945,0
1372,34,12,0,5.201387546523865,3.9625411984171404,0
1373,34,13,0,5.340122568911829,4.658785361450407,0
1374,34,14,0,5.477788104158078,5.3552600978013025,0
1375,34,15,0,5.614362185777465,6.0519012807191155,0
1376,34,16,0,5.749823572767507,6.748645843700784,0
1377,34,17,0,5.884151752432056,7.4454318082321,0
1378,34,18,0,6.017326942631734,8.142198309959968,0
1379,34,19,0,6.149330093462063,8.838885623290793,0
1380,34,20,0,6.2801428883603405,9.535435184406397,0
1381,34,21,0,6.4097477446429565,10.231789612696277,0
1382,34,22,0,6.538127813476044,10.927892730605214,0
1383,34,23,0,6.665266979282124,11.623689581898356,0
1384,34,24,0,6.791149858587157,12.319126448349238,0
1385,34,25,0,6.915761798311792,13.014150864855955,0
1386,34,26,0,7.039088873512772,13.708711632997614,0
1387,34,27,0,7.161117884579586,14.402758833040112,0
1388,34,28,0,7.281836353893179,15.096243834405584,0
1389,34,29,0,7.401232521953701,15.7891193046214,0
1390,34,30,0,7.519295342985063,16.481339216766344,0
1391,34,31,0,7.636014480024376,17.172858855431276,0
1392,34,32,0,7.7513802995055725,17.863634821217648,0
1393,34,33,0,7.86538386534636,18.553625033793832,0
1394,34,34,0,7.9780169325489005,19.24278873353414,0
1395,34,35,0,8.089271940324668,19.931086481765632,0
1396,34,36,0,8.19914200475469,20.61848015964725,0
1397,34,37,0,8.3076209109973,21.304932965711156,0
1398,34,38,0,8.414703105054949,21.99040941209147,0
1399,34,39,0,8.520383685113622,22.67487531947147,0
1400,35,0,0,3.709526109255348,-4.27563966339481,0
1401,35,1,0,3.858639397800007,-3.5866350557248565,0
1402,35,2,0,4.006990026778561,-2.896584887602352,0
1403,35,3,0,4.154547841653063,-2.2055635303812733,0
1404,35,4,0,4.3012833390813405,-1.5136447232302468,0
1405,35,5,0,4.447167676410553,-0.8209015283539974,0
1406,35,6,0,4.592172680637728,-0.1274062874657639,0
1407,35,7,0,4.736270856830435,0.5667694204441225,0
1408,35,8,0,4.879435396001187,1.261554820000891,0
1409,35,9,0,5.021640182429979,1.9568799789615787,0
1410,35,10,0,5.162859800429656,2.652675846317398,0
1411,35,11,0,5.303069540549767,3.348874288951842,0
1412,35,12,0,5.442245405214786,4.045408126823518,0
1413,35,13,0,5.580364113793357,4.742211166648351,0
1414,35,14,0,5.717403107096278,5.439218234058631,0
1415,35,15,0,5.85334055130044,6.136365204217833,0
1416,35,16,0,5.988155341297881,6.833589030874905,0
1417,35,17,0,6.121827103469275,7.53082777384539,0
1418,35,18,0,6.254336197880938,8.228020624905657,0
1419,35,19,0,6.3856637199070105,8.925107932095594,0
1420,35,20,0,6.515791501277162,9.622031222421807,0
1421,35,21,0,6.644702110552031,10.31873322296045,0
1422,35,22,0,6.7723788530291475,11.015157880359554,0
1423,35,23,0,6.898805770082,11.711250378743149,0
1424,35,24,0,7.023967637936908,12.406957156023568,0
1425,35,25,0,7.147849965891216,13.102225918627534,0
1426,35,26,0,7.270438993979189,13.797005654648888,0
1427,35,27,0,7.391721690090502,14.491246645437599,0
1428,35,28,0,7.511685746548219,15.184900475640148,0
1429,35,29,0,7.630319576153539,15.877920041708002,0
1430,35,30,0,7.747612307704758,16.570259558891852,0
1431,35,31,0,7.863553780999043,17.261874566740694,0
1432,35,32,0,7.978134541326027,17.952721933128878,0
1433,35,33,0,8.091345833462766,18.642759856832537,0
1434,35,34,0,8.203179595180133,19.33194786868065,0
1435,35,35,0,8.313628450271828,20.02024683130666,0
1436,35,36,0,8.422685701116599,20.70761893752616,0
1437,35,37,0,8.530345320786422,21.39402770737128,0
1438,35,38,0,8.63660194471213,22.07943798380722,0
1439,35,39,0,8.741450861919954,22.76381592716412,0
1440,36,0,0,3.9562591420124713,-4.200728610502407,0
1441,36,1,0,4.1048800411868935,-3.5108637904156064,0
1442,36,2,0,4.252726886350025,-2.819978588405517,0
1443,36,3,0,4.399769617417657,-2.1281476035578755,0
1444,36,4,0,4.545978829010169,-1.4354447827798724,0
1445,36,5,0,4.69132577992886,-0.741943376042702,0
1446,36,6,0,4.835782402096457,-0.04771589289637868,0
1447,36,7,0,4.979321308954951,0.6471659396981618,0
1448,36,8,0,5.121915803314242,1.3426312181772004,0
1449,36,9,0,5.263539884646084,2.0386099017849797,0
1450,36,10,0,5.404168255817924,2.735032850549948,0
1451,36,11,0,5.543776329262441,3.4318318617962746,0
1452,36,12,0,5.682340232578394,4.128939705159826,0
1453,36,13,0,5.819836813559812,4.82629015608356,0
1454,36,14,0,5.956243644650843,5.523818027770147,0
1455,36,15,0,6.09153902682381,6.221459201571056,0
1456,36,16,0,6.225701992879495,6.919150655796126,0
1457,36,17,0,6.358712310168922,7.616830492931581,0
1458,36,18,0,6.490550482736051,8.314437965252894,0
1459,36,19,0,6.621197752882577,9.011913498828521,0
1460,36,20,0,6.750636102155704,9.7091987159071,0
1461,36,21,0,6.878848251760821,10.406236455687466,0
1462,36,22,0,7.005817662401949,11.102970793472222,0
1463,36,23,0,7.131528533552824,11.799347058207436,0
1464,36,24,0,7.255965802162944,12.495311848415664,0
1465,36,25,0,7.379115140802643,13.190813046528433,0
1466,36,26,0,7.500962955253166,13.885799831631614,0
1467,36,27,0,7.6214963815470025,14.58022269063407,0
1468,36,28,0,7.740703282465324,15.27403342787542,0
1469,36,29,0,7.858572243499896,15.967185173189948,0
1470,36,30,0,7.975092568286952,16.659632388445807,0
1471,36,31,0,8.090254273521694,17.35133087257831,0
1472,36,32,0,8.20404808336264,18.04223776514222,0
1473,36,33,0,8.316465423335245,18.732311548404336,0
1474,36,34,0,8.427498413745148,19.421512048003073,0
1475,36,35,0,8.537139862612142,20.109800432201187,0
1476,36,36,0,8.645383258135729,20.797139209758523,0
1477,36,37,0,8.752222760704937,21.483492226455475,0
1478,36,38,0,8.857653194464193,22.168824660294483,0
1479,36,39,0,8.96167003844866,22.853103015412124,0
1480,37,0,0,4.2023077428989,-4.1250274954427235,0
1481,37,1,0,4.35042836586125,-3.4343128735951267,0
1482,37,2,0,4.4977637007923255,-2.742603153407182,0
1483,37,3,0,4.644283785461782,-2.0499731580494926,0
1484,37,4,0,4.789959315756827,-1.3564970384576156,0
1485,37,5,0,4.93476165513871,-0.6622482285979941,0
1486,37,6,0,5.0786628435607435,0.03270059797265039,0
1487,37,7,0,5.221635605840792,0.72827757020938,0
1488,37,8,0,5.363653359481887,1.4244116603001624,0
1489,37,9,0,5.504690221935301,2.1210327229686565,0
1490,37,10,0,5.644721017300778,2.818071533321795,0
1491,37,11,0,5.783721282459588,3.5154598232119354,0
1492,37,12,0,5.921667272636296,4.213130316083293,0
1493,37,13,0,6.058535966385865,4.9110167602776675,0
1494,37,14,0,6.194305070003827,5.609053960777764,0
1495,37,15,0,6.328953021356815,6.307177809367531,0
1496,37,16,0,6.462458993132631,7.005325313194053,0
1497,37,17,0,6.594802895509068,7.703434621719204,0
1498,37,18,0,6.725965378240944,8.401445052048116,0
1499,37,19,0,6.855927832166597,9.099297112630722,0
1500,37,20,0,6.98467239013471,9.796932525329519,0
1501,37,21,0,7.112181927353448,10.494294245853666,0
1502,37,22,0,7.23844006116482,11.191326482560186,0
1503,37,23,0,7.363431150247082,11.887974713626047,0
1504,37,24,0,7.487140293249751,12.584185702598289,0
1505,37,25,0,7.609553326865189,13.27990751232945,0
1506,37,26,0,7.730656823342787,13.97508951731208,0
1507,37,27,0,7.850438087451178,14.669682414423587,0
1508,37,28,0,7.968885152895318,15.363638232097577,0
1509,37,29,0,8.08598677819571,16.056910337939925,0
1510,37,30,0,8.201732442037844,16.749453444809046,0
1511,37,31,0,8.316112338099881,17.44122361538023,0
1512,37,32,0,8.42911736936847,18.13217826521919,0
1513,37,33,0,8.540739141951905,18.82227616438743,0
1514,37,34,0,8.650969958401195,19.5114774376068,0
1515,37,35,0,8.759802810550072,20.199743563009722,0
1516,37,36,0,8.867231371885195,20.887037369503485,0
1517,37,37,0,8.973249989458928,21.573323032779523,0
1518,37,38,0,9.077853675356861,22.25856606999596,0
1519,37,39,0,9.181038097733648,22.94273333316705,0
1520,38,0,0,4.447666667921151,-4.048542238960797,0
1521,38,1,0,4.59527916993863,-3.3569882198342818,0
1522,38,2,0,4.742095311446613,-2.664464487454622,0
1523,38,3,0,4.888085231450647,-1.9710460854197978,0
1524,38,4,0,5.033219730389543,-1.2768073649765195,0
1525,38,5,0,5.177470279569481,-0.5818219403115451,0
1526,38,6,0,5.320809030056928,0.1138373548420797,0
1527,38,7,0,5.4632088210234455,0.8100985092387676,0
1528,38,8,0,5.604643187535862,1.5068903747522069,0
1529,38,9,0,5.745086367786254,2.204142705567653,0
1530,38,10,0,5.884513309756444,2.9017861958981817,0
1531,38,11,0,6.0228996773126005,3.599752516194928,0
1532,38,12,0,6.160221855725888,4.2979743478211265,0
1533,38,13,0,6.29645695661579,4.996385416165459,0
1534,38,14,0,6.431582822313865,5.694920522173126,0
1535,38,15,0,6.565578029645239,6.393515572274538,0
1536,38,16,0,6.69842189312696,7.092107606696476,0
1537,38,17,0,6.830094467582606,7.790634826144399,0
1538,38,18,0,6.960576550172447,8.489036616843283,0
1539,38,19,0,7.089849681840651,9.187253573933852,0
1540,38,20,0,7.2178961481801815,9.885227523217791,0
1541,38,21,0,7.344698979717627,10.582901541252376,0
1542,38,22,0,7.470241951620896,11.280219973796344,0
1543,38,23,0,7.594509582832385,11.977128452610687,0
1544,38,24,0,7.717487134632655,12.67357391062275,0
1545,38,25,0,7.839160608638244,13.369504595461049,0
1546,38,26,0,7.959516744239971,14.064870081375608,0
1547,38,27,0,8.07854301548701,14.759621279555343,0
1548,38,28,0,8.19622762742379,15.453710446859747,0
1549,38,29,0,8.312559511887105,16.147091192983595,0
1550,38,30,0,8.427528322771273,16.83971848607476,0
1551,38,31,0,8.541124430769901,17.531548656825937,0
1552,38,32,0,8.653338917603794,18.22253940106631,0
1553,38,33,0,8.764163569744607,18.912649780876134,0
1554,38,34,0,8.873590871644708,19.60184022425264,0
1555,38,35,0,8.981613998484487,20.290072523354624,0
1556,38,36,0,9.088226808448342,20.977309831354606,0
1557,38,37,0,9.193423834541997,21.66351665793078,0
1558,38,38,0,9.297200275963228,22.348658863427143,0
1559,38,39,0,9.399551989039676,23.032703651717085,0
1560,39,0,0,4.692330757409893,-3.9712787659547804,0
1561,39,1,0,4.839427336225429,-3.278895747035647,0
1562,39,2,0,4.985716644670192,-2.585568497899938,0
1563,39,3,0,5.131168926348848,-1.8913722789060416,0
1564,39,4,0,5.275755089516475,-1.1963816378883314,0
1565,39,5,0,5.419446716487633,-0.5006703654762293,0
1566,39,6,0,5.56221607250171,0.1956885482504751,0
1567,39,7,0,5.704036114037542,0.892622955724769,0
1568,39,8,0,5.8448804965708545,1.5900615924324102,0
1569,39,9,0,5.984723581768912,2.287934115991239,0
1570,39,10,0,6.123540444117134,2.98617114373356,0
1571,39,11,0,6.261306876973227,3.68470428876173,0
1572,39,12,0,6.397999398044796,4.383466194447189,0
1573,39,13,0,6.533595254287134,5.082390567348572,0
1574,39,14,0,6.668072426218888,5.781412208527683,0
1575,39,15,0,6.8014096316528985,6.480467043243651,0
1576,39,16,0,6.933586328841543,7.179492149010382,0
1577,39,17,0,7.064582719035734,7.878425782006449,0
1578,39,18,0,7.194379748457145,8.577207401825355,0
1579,39,19,0,7.322959109685,9.27577769456318,0
1580,39,20,0,7.450303242458234,9.974078594238097,0
1581,39,21,0,7.576395333895352,10.672053302542517,0
1582,39,22,0,7.701219318134592,11.369646306930065,0
1583,39,23,0,7.82475987539769,12.066803397042102,0
1584,39,24,0,7.947002430481728,12.763471679482315,0
1585,39,25,0,8.067933150683048,13.459599590947725,0
1586,39,26,0,8.18753894315956,14.15513690973133,0
1587,39,27,0,8.305807451736902,14.850034765608877,0
1588,39,28,0,8.42272705316538,15.544245648127331,0
1589,39,29,0,8.538286852835263,16.237723413314935,0
1590,39,30,0,8.652476679958315,16.930423288833186,0
1591,39,31,0,8.765287082224212,17.62230187759262,0
1592,39,32,0,8.876709319941467,18.313317159859125,0
1593,39,33,0,8.986735359672375,19.00342849387444,0
1594,39,34,0,9.095357867372911,19.692596615020037,0
1595,39,35,0,9.202570201048468,20.380783633552873,0
1596,39,36,0,9.308366402937011,21.067953030942103,0
1597,39,37,0,9.41274119123241,21.754069654840237,0
1598,39,38,0,9.51568995135986,22.439099712718093,0
1599,39,39,0,9.617208726817617,23.123010764198998,0
